trading_class,expiration,strike,type,bid,ask,last,close,conId,spot_price,snapshot_date,r,q,expiry_date,ttm,mid,rate,div_yld,spread_pct,model_price,error,fwd,log_m,label
01,20260813,700.0,call,160.5,204.3,185.75,178.72,854608925,872.49,2026-07-30,0.0291,0.0079,2026-08-13,0.038356164383561646,182.4,0.0291,0.0079,24.013157894736846,170.25189304742088,-12.148106952579127,873.1997543706138,-0.221084008334376,Aug 2026
01,20260813,702.5,call,157.0,202.1,,176.55,883683631,872.49,2026-07-30,0.0291,0.0079,2026-08-13,0.038356164383561646,179.55,0.0291,0.0079,25.1183514341409,167.93251548188692,-11.617484518113088,873.1997543706138,-0.21751894216987983,Aug 2026
01,20260813,705.0,call,154.85,199.9,,174.37,854608932,872.49,2026-07-30,0.0291,0.0079,2026-08-13,0.038356164383561646,177.375,0.0291,0.0079,25.398167723749125,165.62810614496328,-11.746893855036717,873.1997543706138,-0.2139665405655121,Aug 2026
01,20260813,707.5,call,152.8,197.7,,172.25,883683636,872.49,2026-07-30,0.0291,0.0079,2026-08-13,0.038356164383561646,175.25,0.0291,0.0079,25.620542082738933,163.3388699143472,-11.911130085652786,873.1997543706138,-0.21042671386038803,Aug 2026
01,20260813,710.0,call,150.7,195.55,,170.05,854608942,872.49,2026-07-30,0.0291,0.0079,2026-08-13,0.038356164383561646,173.125,0.0291,0.0079,25.906137184115533,161.06500498561348,-12.059995014386516,873.1997543706138,-0.2068993733424196,Aug 2026
01,20260813,712.5,call,148.65,193.25,183.0,167.91,883683646,872.49,2026-07-30,0.0291,0.0079,2026-08-13,0.038356164383561646,170.95,0.0291,0.0079,26.089499853758404,158.8067028786685,-12.1432971213315,873.1997543706138,-0.20338443123497507,Aug 2026
01,20260813,715.0,call,146.55,190.95,,165.77,854608949,872.49,2026-07-30,0.0291,0.0079,2026-08-13,0.038356164383561646,168.75,0.0291,0.0079,26.3111111111111,156.5641484490623,-12.185851550937713,873.1997543706138,-0.19988180068377298,Aug 2026
01,20260813,717.5,call,144.65,188.75,181.15,163.65,883683654,872.49,2026-07-30,0.0291,0.0079,2026-08-13,0.038356164383561646,166.7,0.0291,0.0079,26.45470905818836,154.3375199039843,-12.362480096015702,873.1997543706138,-0.19639139574400458,Aug 2026
01,20260813,720.0,call,142.45,186.7,,161.53,854608959,872.49,2026-07-30,0.0291,0.0079,2026-08-13,0.038356164383561646,164.575,0.0291,0.0079,26.887437338599426,152.12698882276263,-12.448011177237362,873.1997543706138,-0.19291313136767974,Aug 2026
01,20260813,722.5,call,140.6,184.45,176.85,159.42,883683660,872.49,2026-07-30,0.0291,0.0079,2026-08-13,0.038356164383561646,162.52499999999998,0.0291,0.0079,26.98046454391632,149.9327201816801,-12.592279818319867,873.1997543706138,-0.18944692339119348,Aug 2026
01,20260813,725.0,call,138.6,182.45,,157.32,854608967,872.49,2026-07-30,0.0291,0.0079,2026-08-13,0.038356164383561646,160.52499999999998,0.0291,0.0079,27.316617349322534,147.75487238294167,-12.770127617058307,873.1997543706138,-0.1859926885231059,Aug 2026
01,20260813,727.5,call,136.75,180.25,172.65,155.23,883683671,872.49,2026-07-30,0.0291,0.0079,2026-08-13,0.038356164383561646,158.5,0.0291,0.0079,27.444794952681388,145.59359728761885,-12.906402712381151,873.1997543706138,-0.18255034433213307,Aug 2026
01,20260813,730.0,call,134.6,178.1,,153.15,854608973,872.49,2026-07-30,0.0291,0.0079,2026-08-13,0.038356164383561646,156.35,0.0291,0.0079,27.82219379597058,143.44904025239916,-12.900959747600837,873.1997543706138,-0.17911980923534396,Aug 2026
01,20260813,732.5,call,132.6,175.85,168.4,151.09,883683677,872.49,2026-07-30,0.0291,0.0079,2026-08-13,0.038356164383561646,154.225,0.0291,0.0079,28.043443021559412,141.32134016997654,-12.903659830023457,873.1997543706138,-0.17570100248655837,Aug 2026
01,20260813,735.0,call,130.8,173.75,,149.03,854608982,872.49,2026-07-30,0.0291,0.0079,2026-08-13,0.038356164383561646,152.275,0.0291,0.0079,28.20554917090789,139.21062951292419,-13.06437048707582,873.1997543706138,-0.17229384416494403,Aug 2026
01,20260813,737.5,call,128.5,171.6,164.25,146.98,883683684,872.49,2026-07-30,0.0291,0.0079,2026-08-13,0.038356164383561646,150.05,0.0291,0.0079,28.723758747084297,137.11703438088153,-12.932965619118477,873.1997543706138,-0.1688982551638058,Aug 2026
01,20260813,740.0,call,126.6,169.45,,144.95,854608988,872.49,2026-07-30,0.0291,0.0079,2026-08-13,0.038356164383561646,148.02499999999998,0.0291,0.0079,28.947812869447727,135.04067455091302,-12.984325449086953,873.1997543706138,-0.16551415717956522,Aug 2026
01,20260813,742.5,call,124.7,167.25,,142.92,883683694,872.49,2026-07-30,0.0291,0.0079,2026-08-13,0.038356164383561646,145.975,0.0291,0.0079,29.14882685391334,132.98166353086614,-12.993336469133851,873.1997543706138,-0.16214147270092608,Aug 2026
01,20260813,745.0,call,122.75,165.05,,140.91,854608997,872.49,2026-07-30,0.0291,0.0079,2026-08-13,0.038356164383561646,143.9,0.0291,0.0079,29.395413481584438,130.9401086156046,-12.959891384395405,873.1997543706138,-0.15878012499822122,Aug 2026
01,20260813,747.5,call,120.8,162.9,154.1,138.91,883683701,872.49,2026-07-30,0.0291,0.0079,2026-08-13,0.038356164383561646,141.85,0.0291,0.0079,29.679238632358132,128.91611094594512,-12.933889054054873,873.1997543706138,-0.1554300381129392,Aug 2026
01,20260813,750.0,call,120.3,160.8,,136.92,854609007,872.49,2026-07-30,0.0291,0.0079,2026-08-13,0.038356164383561646,140.55,0.0291,0.0079,28.815368196371406,126.90976557017143,-13.640234429828581,873.1997543706138,-0.15209113684742456,Aug 2026
01,20260813,752.5,call,117.05,158.7,,134.94,883683711,872.49,2026-07-30,0.0291,0.0079,2026-08-13,0.038356164383561646,137.875,0.0291,0.0079,30.20852221214868,124.92116150798508,-12.953838492014924,873.1997543706138,-0.14876334675474986,Aug 2026
01,20260813,755.0,call,115.35,156.8,,132.97,854609012,872.49,2026-07-30,0.0291,0.0079,2026-08-13,0.038356164383561646,136.075,0.0291,0.0079,30.461142752158754,122.95038181674569,-13.124618183254299,873.1997543706138,-0.14544659412875605,Aug 2026
01,20260813,757.5,call,113.35,154.7,,131.02,883683717,872.49,2026-07-30,0.0291,0.0079,2026-08-13,0.038356164383561646,134.02499999999998,0.0291,0.0079,30.85245290057825,120.99750365988234,-13.027496340117636,873.1997543706138,-0.14214080599425652,Aug 2026
01,20260813,760.0,call,111.5,152.65,,129.08,854609022,872.49,2026-07-30,0.0291,0.0079,2026-08-13,0.038356164383561646,132.075,0.0291,0.0079,31.15653984478517,119.06259837733425,-13.012401622665735,873.1997543706138,-0.13884591009740394,Aug 2026
01,20260813,762.5,call,109.5,150.55,,127.15,883683727,872.49,2026-07-30,0.0291,0.0079,2026-08-13,0.038356164383561646,130.025,0.0291,0.0079,31.57085175927707,117.14573155790623,-12.879268442093775,873.1997543706138,-0.13556183489621398,Aug 2026
01,20260813,765.0,call,107.7,148.55,140.1,125.23,854609028,872.49,2026-07-30,0.0291,0.0079,2026-08-13,0.038356164383561646,128.125,0.0291,0.0079,31.8829268292683,115.24696311340448,-12.878036886595524,873.1997543706138,-0.13228850955124483,Aug 2026
01,20260813,767.5,call,105.9,146.5,,123.45,883683732,872.49,2026-07-30,0.0291,0.0079,2026-08-13,0.038356164383561646,126.2,0.0291,0.0079,32.17115689381933,113.36634735444244,-12.833652645557564,873.1997543706138,-0.12902586391642842,Aug 2026
01,20260813,770.0,call,104.1,144.5,,121.44,854609038,872.49,2026-07-30,0.0291,0.0079,2026-08-13,0.038356164383561646,124.3,0.0291,0.0079,32.502011263073214,111.50393306779743,-12.796066932202564,873.1997543706138,-0.1257738285300512,Aug 2026
01,20260813,772.5,call,102.2,142.45,,119.56,883683742,872.49,2026-07-30,0.0291,0.0079,2026-08-13,0.038356164383561646,122.32499999999999,0.0291,0.0079,32.9041487839771,109.65976359520256,-12.665236404797426,873.1997543706138,-0.12253233460588019,Aug 2026
01,20260813,775.0,call,100.6,140.5,,117.7,854609045,872.49,2026-07-30,0.0291,0.0079,2026-08-13,0.038356164383561646,120.55,0.0291,0.0079,33.09829946080465,107.83387691347014,-12.716123086529862,873.1997543706138,-0.1193013140244337,Aug 2026
01,20260813,777.5,call,98.7,138.5,166.6,115.85,883683751,872.49,2026-07-30,0.0291,0.0079,2026-08-13,0.038356164383561646,118.6,0.0291,0.0079,33.55817875210792,106.02630571583143,-12.573694284168567,873.1997543706138,-0.11608069932439147,Aug 2026
01,20260813,780.0,call,97.0,136.55,,114.02,854609055,872.49,2026-07-30,0.0291,0.0079,2026-08-13,0.038356164383561646,116.775,0.0291,0.0079,33.86855063155642,104.23707749439859,-12.537922505601415,873.1997543706138,-0.11287042369414321,Aug 2026
01,20260813,782.5,call,95.3,134.5,,112.2,883683757,872.49,2026-07-30,0.0291,0.0079,2026-08-13,0.038356164383561646,114.9,0.0291,0.0079,34.11662315056571,102.466214623644,-12.433785376356,873.1997543706138,-0.10967042096347246,Aug 2026
01,20260813,785.0,call,93.75,132.6,,110.39,854609062,872.49,2026-07-30,0.0291,0.0079,2026-08-13,0.038356164383561646,113.175,0.0291,0.0079,34.3273691186216,100.7137344447979,-12.461265555202104,873.1997543706138,-0.10648062559537227,Aug 2026
01,20260813,787.5,call,91.9,130.7,,108.6,883683766,872.49,2026-07-30,0.0291,0.0079,2026-08-13,0.038356164383561646,111.3,0.0291,0.0079,34.86073674752919,98.97964935107501,-12.320350648924986,873.1997543706138,-0.10330097267799256,Aug 2026
01,20260813,790.0,call,90.25,128.75,,106.82,854609068,872.49,2026-07-30,0.0291,0.0079,2026-08-13,0.038356164383561646,109.5,0.0291,0.0079,35.15981735159817,97.26396687363578,-12.23603312636422,873.1997543706138,-0.10013139791671348,Aug 2026
01,20260813,792.5,call,87.25,126.8,,105.06,883683772,872.49,2026-07-30,0.0291,0.0079,2026-08-13,0.038356164383561646,107.025,0.0291,0.0079,36.953982714319075,95.56668976819512,-11.458310231804887,873.1997543706138,-0.09697183762634497,Aug 2026
01,20260813,795.0,call,85.7,124.95,,103.31,854609079,872.49,2026-07-30,0.0291,0.0079,2026-08-13,0.038356164383561646,105.325,0.0291,0.0079,37.265606456206974,93.88781610219137,-11.437183897808637,873.1997543706138,-0.09382222872344884,Aug 2026
01,20260813,797.5,call,84.25,123.05,,101.57,883683780,872.49,2026-07-30,0.0291,0.0079,2026-08-13,0.038356164383561646,103.65,0.0291,0.0079,37.43367100820067,92.22733934244066,-11.422660657559348,873.1997543706138,-0.09068250871878107,Aug 2026
01,20260813,800.0,call,82.65,121.05,103.55,99.86,854609085,872.49,2026-07-30,0.0291,0.0079,2026-08-13,0.038356164383561646,101.85,0.0291,0.0079,37.70250368188512,90.58524844318387,-11.264751556816123,873.1997543706138,-0.0875526157098534,Aug 2026
01,20260813,802.5,call,80.9,119.25,,98.15,883683790,872.49,2026-07-30,0.0291,0.0079,2026-08-13,0.038356164383561646,100.075,0.0291,0.0079,38.32125905570821,88.96152793446332,-11.113472065536683,873.1997543706138,-0.08443248837360974,Aug 2026
01,20260813,805.0,call,79.35,117.45,,96.46,854609093,872.49,2026-07-30,0.0291,0.0079,2026-08-13,0.038356164383561646,98.4,0.0291,0.0079,38.71951219512196,87.35615801074721,-11.043841989252797,873.1997543706138,-0.08132206595921727,Aug 2026
01,20260813,807.5,call,77.8,115.45,,94.79,883683797,872.49,2026-07-30,0.0291,0.0079,2026-08-13,0.038356164383561646,96.625,0.0291,0.0079,38.96507115135835,85.7691146197311,-10.855885380268901,873.1997543706138,-0.07822128828096914,Aug 2026
01,20260813,810.0,call,76.3,113.65,,93.13,854609103,872.49,2026-07-30,0.0291,0.0079,2026-08-13,0.038356164383561646,94.975,0.0291,0.0079,39.326138457488824,84.20036955124996,-10.774630448750031,873.1997543706138,-0.07513009571129627,Aug 2026
01,20260813,812.5,call,74.6,111.8,95.4,91.49,883683807,872.49,2026-07-30,0.0291,0.0079,2026-08-13,0.038356164383561646,93.19999999999999,0.0291,0.0079,39.91416309012877,82.64989052623406,-10.550109473765929,873.1997543706138,-0.07204842917388814,Aug 2026
01,20260813,815.0,call,73.15,109.95,,89.87,854609108,872.49,2026-07-30,0.0291,0.0079,2026-08-13,0.038356164383561646,91.55000000000001,0.0291,0.0079,40.19661387220097,81.11764128564519,-10.43235871435482,873.1997543706138,-0.06897623013691796,Aug 2026
01,20260813,817.5,call,71.7,108.25,,88.26,883683814,872.49,2026-07-30,0.0291,0.0079,2026-08-13,0.038356164383561646,89.975,0.0291,0.0079,40.62239510975271,79.60358167933028,-10.371418320669719,873.1997543706138,-0.06591344060637219,Aug 2026
01,20260813,820.0,call,70.2,106.65,,86.67,854609118,872.49,2026-07-30,0.0291,0.0079,2026-08-13,0.038356164383561646,88.42500000000001,0.0291,0.0079,41.221374045801525,78.10766775473658,-10.31733224526343,873.1997543706138,-0.06286000311948195,Aug 2026
01,20260813,822.5,call,68.75,104.85,,85.09,883683820,872.49,2026-07-30,0.0291,0.0079,2026-08-13,0.038356164383561646,86.8,0.0291,0.0079,41.58986175115207,76.6298518454289,-10.170148154571095,873.1997543706138,-0.05981586073825376,Aug 2026
01,20260813,825.0,call,67.35,103.15,,83.53,854609127,872.49,2026-07-30,0.0291,0.0079,2026-08-13,0.038356164383561646,85.25,0.0291,0.0079,41.994134897360716,75.17008265936104,-10.079917340638957,873.1997543706138,-0.05678095704309971,Aug 2026
01,20260813,827.5,call,65.95,101.4,,81.98,883683831,872.49,2026-07-30,0.0291,0.0079,2026-08-13,0.038356164383561646,83.67500000000001,0.0291,0.0079,42.366298177472366,73.72830536683995,-9.946694633160064,873.1997543706138,-0.0537552361265627,Aug 2026
01,20260813,830.0,call,64.6,99.65,,80.45,854609133,872.49,2026-07-30,0.0291,0.0079,2026-08-13,0.038356164383561646,82.125,0.0291,0.0079,42.678843226788445,72.30446168814375,-9.820538311856254,873.1997543706138,-0.05073864258713704,Aug 2026
01,20260813,832.5,call,63.2,98.1,,78.94,883683837,872.49,2026-07-30,0.0291,0.0079,2026-08-13,0.038356164383561646,80.65,0.0291,0.0079,43.27340359578424,70.8984899807375,-9.751510019262511,873.1997543706138,-0.047731121523181846,Aug 2026
01,20260813,835.0,call,62.05,96.3,,77.45,854609142,872.49,2026-07-30,0.0291,0.0079,2026-08-13,0.038356164383561646,79.175,0.0291,0.0079,43.25860435743606,69.5103253260495,-9.6646746739505,873.1997543706138,-0.044732618526925234,Aug 2026
01,20260813,840.0,call,59.4,91.8,,74.51,854609148,872.49,2026-07-30,0.0291,0.0079,2026-08-13,0.038356164383561646,75.6,0.0291,0.0079,42.85714285714286,66.78714163754178,-8.812858362458215,873.1997543706138,-0.03876245154042137,Aug 2026
01,20260813,842.5,call,58.05,88.75,76.15,73.07,883683854,872.49,2026-07-30,0.0291,0.0079,2026-08-13,0.038356164383561646,73.4,0.0291,0.0079,41.82561307901908,65.45197716029689,-7.948022839703114,873.1997543706138,-0.03579068115126386,Aug 2026
01,20260813,845.0,call,57.3,89.65,,71.65,854609159,872.49,2026-07-30,0.0291,0.0079,2026-08-13,0.038356164383561646,73.475,0.0291,0.0079,44.02858115005105,64.13432901869983,-9.340670981300164,873.1997543706138,-0.0328277160206069,Aug 2026
01,20260813,847.5,call,56.5,88.0,79.2,70.24,883683861,872.49,2026-07-30,0.0291,0.0079,2026-08-13,0.038356164383561646,72.25,0.0291,0.0079,43.59861591695502,62.83411719717193,-9.415882802828072,873.1997543706138,-0.029873504123175396,Aug 2026
01,20260813,850.0,call,60.0,84.25,75.0,68.86,854609165,872.49,2026-07-30,0.0291,0.0079,2026-08-13,0.038356164383561646,72.125,0.0291,0.0079,33.62218370883882,61.55125891315208,-10.573741086847917,873.1997543706138,-0.02692799389341856,Aug 2026
01,20260813,852.5,call,55.85,89.15,76.15,67.49,883683871,872.49,2026-07-30,0.0291,0.0079,2026-08-13,0.038356164383561646,72.5,0.0291,0.0079,45.931034482758626,60.28566869967189,-12.214331300328112,873.1997543706138,-0.02399113422010882,Aug 2026
01,20260813,855.0,call,55.75,86.65,74.75,66.15,854609174,872.49,2026-07-30,0.0291,0.0079,2026-08-13,0.038356164383561646,71.2,0.0291,0.0079,43.39887640449439,59.03725848719197,-12.162741512808033,873.1997543706138,-0.021062874441020434,Aug 2026
01,20260813,857.5,call,53.5,86.6,,64.82,883683878,872.49,2026-07-30,0.0291,0.0079,2026-08-13,0.038356164383561646,70.05,0.0291,0.0079,47.25196288365453,57.80593768467919,-12.244062315320804,873.1997543706138,-0.018143164337685765,Aug 2026
01,20260813,860.0,call,55.75,78.45,67.3,63.51,854609180,872.49,2026-07-30,0.0291,0.0079,2026-08-13,0.038356164383561646,67.1,0.0291,0.0079,33.83010432190761,56.59161325989309,-10.508386740106907,873.1997543706138,-0.015231954130227305,Aug 2026
01,20260813,862.5,call,53.45,77.1,,62.22,883683884,872.49,2026-07-30,0.0291,0.0079,2026-08-13,0.038356164383561646,65.275,0.0291,0.0079,36.23132899272308,55.39418981885768,-9.880810181142323,873.1997543706138,-0.012329194472265877,Aug 2026
01,20260813,865.0,call,51.0,80.75,65.65,60.96,854609189,872.49,2026-07-30,0.0291,0.0079,2026-08-13,0.038356164383561646,65.875,0.0291,0.0079,45.16129032258065,54.21356968449542,-11.661430315504582,873.1997543706138,-0.009434836445901356,Aug 2026
01,20260813,867.5,call,51.6,74.3,63.6,59.71,883683895,872.49,2026-07-30,0.0291,0.0079,2026-08-13,0.038356164383561646,62.95,0.0291,0.0079,36.06036536934074,53.04965297440194,-9.900347025598066,873.1997543706138,-0.0065488315567663975,Aug 2026
01,20260813,870.0,call,50.75,72.35,62.0,58.8,854609199,872.49,2026-07-30,0.0291,0.0079,2026-08-13,0.038356164383561646,61.55,0.0291,0.0079,35.09341998375304,51.90233767773918,-9.647662322260814,873.1997543706138,-0.0036711317291513424,Aug 2026
01,20260813,872.5,call,49.75,79.05,,57.28,883683901,872.49,2026-07-30,0.0291,0.0079,2026-08-13,0.038356164383561646,64.4,0.0291,0.0079,45.49689440993788,50.77151973122852,-13.628480268771483,873.1997543706138,-0.0008016893011984945,Aug 2026
01,20260813,875.0,call,58.5,65.55,58.5,56.35,854609204,872.49,2026-07-30,0.0291,0.0079,2026-08-13,0.038356164383561646,62.025,0.0291,0.0079,11.366384522370009,49.657093094226845,-12.367906905773154,873.1997543706138,0.0020595429798338388,Aug 2026
01,20260813,877.5,call,46.3,72.5,64.15,54.92,883683909,872.49,2026-07-30,0.0291,0.0079,2026-08-13,0.038356164383561646,59.4,0.0291,0.0079,44.10774410774412,48.55894982286879,-10.841050177131208,873.1997543706138,0.004912611962240196,Aug 2026
01,20260813,880.0,call,55.2,63.9,56.05,53.95,854609214,872.49,2026-07-30,0.0291,0.0079,2026-08-13,0.038356164383561646,59.55,0.0291,0.0079,14.609571788413092,47.47698014325791,-12.073019856742086,873.1997543706138,0.007757564094471389,Aug 2026
01,20260813,882.5,call,44.55,69.45,,52.64,883683919,872.49,2026-07-30,0.0291,0.0079,2026-08-13,0.038356164383561646,57.0,0.0291,0.0079,43.684210526315795,46.411072523696085,-10.588927476303915,873.1997543706138,0.010594445429671197,Aug 2026
01,20260813,885.0,call,54.0,63.45,54.05,51.65,854609222,872.49,2026-07-30,0.0291,0.0079,2026-08-13,0.038356164383561646,58.725,0.0291,0.0079,16.09195402298851,45.36111374593542,-13.363886254064582,873.1997543706138,0.013423301630148793,Aug 2026
01,20260813,887.5,call,42.85,68.65,59.05,50.39,883683924,872.49,2026-07-30,0.0291,0.0079,2026-08-13,0.038356164383561646,55.75,0.0291,0.0079,46.278026905829606,44.3269889754422,-11.423011024557802,873.1997543706138,0.01624417797179027,Aug 2026
01,20260813,890.0,call,52.75,55.2,50.85,49.25,854609228,872.49,2026-07-30,0.0291,0.0079,2026-08-13,0.038356164383561646,53.975,0.0291,0.0079,4.539138490041691,43.30858183066373,-10.666418169336275,873.1997543706138,0.01905711934840484,Aug 2026
01,20260813,895.0,call,50.65,58.4,56.9,47.15,854609239,872.49,2026-07-30,0.0291,0.0079,2026-08-13,0.038356164383561646,54.525,0.0291,0.0079,14.213663457129757,41.31844756546883,-13.206552434531169,873.1997543706138,0.024659374897074732,Aug 2026
01,20260813,897.5,call,38.8,61.2,49.5,45.87,883683943,872.49,2026-07-30,0.0291,0.0079,2026-08-13,0.038356164383561646,50.0,0.0291,0.0079,44.80000000000001,40.34648055607781,-9.653519443922193,873.1997543706138,0.027448776984653214,Aug 2026
01,20260813,900.0,call,47.75,50.7,47.7,45.05,854609245,872.49,2026-07-30,0.0291,0.0079,2026-08-13,0.038356164383561646,49.225,0.0291,0.0079,5.992889791772479,39.38975152585568,-9.835248474144322,873.1997543706138,0.030230419946530154,Aug 2026
01,20260813,902.5,call,37.35,58.5,48.35,43.78,883683949,872.49,2026-07-30,0.0291,0.0079,2026-08-13,0.038356164383561646,47.925,0.0291,0.0079,44.13145539906103,38.448137361582894,-9.476862638417103,873.1997543706138,0.0330043468292553,Aug 2026
01,20260813,905.0,call,44.95,54.0,45.9,43.0,854609252,872.49,2026-07-30,0.0291,0.0079,2026-08-13,0.038356164383561646,49.475,0.0291,0.0079,18.292066700353708,37.52151379718463,-11.95348620281537,873.1997543706138,0.03577060032214535,Aug 2026
01,20260813,907.5,call,35.35,46.75,46.45,41.81,883683958,872.49,2026-07-30,0.0291,0.0079,2026-08-13,0.038356164383561646,41.05,0.0291,0.0079,27.771010962241167,36.60975547579987,-4.440244524200125,873.1997543706138,0.0385292227612252,Aug 2026
01,20260813,910.0,call,43.3,50.95,44.5,41.05,854609262,872.49,2026-07-30,0.0291,0.0079,2026-08-13,0.038356164383561646,47.125,0.0291,0.0079,16.23342175066314,35.71273601079923,-11.412263989200767,873.1997543706138,0.041280256133115,Aug 2026
01,20260813,912.5,call,33.3,53.9,47.95,39.93,883683964,872.49,2026-07-30,0.0291,0.0079,2026-08-13,0.038356164383561646,43.599999999999994,0.0291,0.0079,47.247706422018354,34.83032804575613,-8.769671954243861,873.1997543706138,0.04402374207886597,Aug 2026
01,20260813,915.0,call,40.1,44.25,47.9,39.15,854609269,872.49,2026-07-30,0.0291,0.0079,2026-08-13,0.038356164383561646,42.175,0.0291,0.0079,9.839952578541789,33.96240331336682,-8.212596686633177,873.1997543706138,0.04675972189774063,Aug 2026
01,20260813,920.0,call,40.45,44.35,44.0,37.3,854609279,872.49,2026-07-30,0.0291,0.0079,2026-08-13,0.038356164383561646,42.400000000000006,0.0291,0.0079,9.198113207547166,32.26948626910451,-10.130513730895494,873.1997543706138,0.05220932666530535,Aug 2026
01,20260813,925.0,call,38.5,43.85,44.9,35.48,854609285,872.49,2026-07-30,0.0291,0.0079,2026-08-13,0.038356164383561646,41.175,0.0291,0.0079,12.993321190042504,30.632942694770765,-10.542057305229232,873.1997543706138,0.057629394134644595,Aug 2026
01,20260813,930.0,call,36.8,39.5,41.9,33.81,854609295,872.49,2026-07-30,0.0291,0.0079,2026-08-13,0.038356164383561646,38.15,0.0291,0.0079,7.077326343381397,29.051719427468797,-9.098280572531202,873.1997543706138,0.06302024276952085,Aug 2026
01,20260813,935.0,call,35.1,36.35,36.6,32.2,854609300,872.49,2026-07-30,0.0291,0.0079,2026-08-13,0.038356164383561646,35.725,0.0291,0.0079,3.498950314905528,27.52475402549435,-8.200245974505652,873.1997543706138,0.06838218591090627,Aug 2026
01,20260813,940.0,call,32.05,38.25,34.8,30.65,856730741,872.49,2026-07-30,0.0291,0.0079,2026-08-13,0.038356164383561646,35.15,0.0291,0.0079,17.638691322901856,26.05097640259965,-9.099023597400347,873.1997543706138,0.07371553188626889,Aug 2026
01,20260813,945.0,call,30.9,36.65,43.0,29.18,856730751,872.49,2026-07-30,0.0291,0.0079,2026-08-13,0.038356164383561646,33.775,0.0291,0.0079,17.024426350851222,24.629310396190455,-9.145689603809544,873.1997543706138,0.0790205841159621,Aug 2026
01,20260813,950.0,call,29.7,31.6,29.0,27.76,856730757,872.49,2026-07-30,0.0291,0.0079,2026-08-13,0.038356164383561646,30.65,0.0291,0.0079,6.199021207177822,23.25867527010528,-7.39132472989472,873.1997543706138,0.08429764121680591,Aug 2026
01,20260813,955.0,call,28.7,30.1,34.4,26.39,856730767,872.49,2026-07-30,0.0291,0.0079,2026-08-13,0.038356164383561646,29.4,0.0291,0.0079,4.76190476190477,21.937987152734152,-7.4620128472658465,873.1997543706138,0.08954699710294947,Aug 2026
01,20260813,960.0,call,26.65,29.7,29.8,25.09,856730772,872.49,2026-07-30,0.0291,0.0079,2026-08-13,0.038356164383561646,28.174999999999997,0.0291,0.0079,10.825199645075424,20.666160411346215,-7.508839588653782,873.1997543706138,0.0947689410841012,Aug 2026
01,20260813,965.0,call,25.25,27.85,29.4,23.84,857622515,872.49,2026-07-30,0.0291,0.0079,2026-08-13,0.038356164383561646,26.55,0.0291,0.0079,9.79284369114878,19.44210896358371,-7.107891036416291,873.1997543706138,0.09996375796120524,Aug 2026
01,20260813,970.0,call,23.85,26.0,25.2,22.63,857622521,872.49,2026-07-30,0.0291,0.0079,2026-08-13,0.038356164383561646,24.925,0.0291,0.0079,8.62587763289869,18.26474752716918,-6.66025247283082,873.1997543706138,0.10513172811964785,Aug 2026
01,20260813,975.0,call,23.45,25.2,29.25,21.48,857622531,872.49,2026-07-30,0.0291,0.0079,2026-08-13,0.038356164383561646,24.325,0.0291,0.0079,7.194244604316547,17.132992808943822,-7.192007191056177,873.1997543706138,0.11027312762006657,Aug 2026
01,20260813,980.0,call,21.75,24.05,23.3,20.38,857622537,872.49,2026-07-30,0.0291,0.0079,2026-08-13,0.038356164383561646,22.9,0.0291,0.0079,10.043668122270745,16.04576463442315,-6.854235365576848,873.1997543706138,0.11538822828683683,Aug 2026
01,20260813,985.0,call,20.65,23.15,19.15,19.34,857818155,872.49,2026-07-30,0.0291,0.0079,2026-08-13,0.038356164383561646,21.9,0.0291,0.0079,11.415525114155251,15.00198701911212,-6.898012980887879,873.1997543706138,0.12047729779430814,Aug 2026
01,20260813,990.0,call,19.2,21.7,19.85,18.33,858198774,872.49,2026-07-30,0.0291,0.0079,2026-08-13,0.038356164383561646,20.45,0.0291,0.0079,12.224938875305623,14.000589182875755,-6.449410817124244,873.1997543706138,0.1255405997508549,Aug 2026
01,20260813,995.0,call,18.4,20.25,18.65,17.37,858198780,872.49,2026-07-30,0.0291,0.0079,2026-08-13,0.038356164383561646,19.325,0.0291,0.0079,9.573091849935325,13.0405065086969,-6.284493491303099,873.1997543706138,0.13057839378081212,Aug 2026
01,20260813,1000.0,call,18.1,19.4,17.8,16.45,858198791,872.49,2026-07-30,0.0291,0.0079,2026-08-13,0.038356164383561646,18.75,0.0291,0.0079,6.9333333333333185,12.120681447197164,-6.629318552802836,873.1997543706138,0.13559093560435642,Aug 2026
01,20260813,1005.0,call,16.2,18.25,26.6,15.57,858198797,872.49,2026-07-30,0.0291,0.0079,2026-08-13,0.038356164383561646,17.225,0.0291,0.0079,11.901306240928884,11.240064368320544,-5.984935631679457,873.1997543706138,0.14057847711539534,Aug 2026
01,20260813,1010.0,call,16.35,17.75,15.25,14.71,858535285,872.49,2026-07-30,0.0291,0.0079,2026-08-13,0.038356164383561646,17.05,0.0291,0.0079,8.211143695014654,10.39761436160702,-6.65238563839298,873.1997543706138,0.1455412664575244,Aug 2026
01,20260813,1012.5,call,15.05,21.1,16.65,14.3,883684126,872.49,2026-07-30,0.0291,0.0079,2026-08-13,0.038356164383561646,18.075000000000003,0.0291,0.0079,33.4716459197787,9.990379295703553,-8.08462070429645,873.1997543706138,0.1480134556029136,Aug 2026
01,20260813,1015.0,call,15.5,16.35,17.65,13.9,858535295,872.49,2026-07-30,0.0291,0.0079,2026-08-13,0.038356164383561646,15.925,0.0291,0.0079,5.337519623233917,9.59229998649725,-6.33270001350275,873.1997543706138,0.150479548098107,Aug 2026
01,20260813,1020.0,call,14.55,15.7,15.2,13.18,858535301,872.49,2026-07-30,0.0291,0.0079,2026-08-13,0.038356164383561646,15.125,0.0291,0.0079,7.603305785123958,8.823099974131402,-6.301900025868598,873.1997543706138,0.1553935629005361,Aug 2026
01,20260813,1025.0,call,13.15,14.7,15.25,12.42,858535311,872.49,2026-07-30,0.0291,0.0079,2026-08-13,0.038356164383561646,13.925,0.0291,0.0079,11.131059245960493,8.089003882101068,-5.835996117898933,873.1997543706138,0.16028354819472793,Aug 2026
01,20260813,1027.5,call,11.5,16.35,15.1,12.07,883684150,872.49,2026-07-30,0.0291,0.0079,2026-08-13,0.038356164383561646,13.925,0.0291,0.0079,34.82944344703771,7.734807154144139,-6.1901928458558615,873.1997543706138,0.16271960299260899,Aug 2026
01,20260813,1030.0,call,12.35,13.9,13.3,11.73,859077630,872.49,2026-07-30,0.0291,0.0079,2026-08-13,0.038356164383561646,13.125,0.0291,0.0079,11.809523809523814,7.38901270363235,-5.73598729636765,873.1997543706138,0.16514973784590067,Aug 2026
01,20260813,1032.5,call,10.9,17.05,14.3,11.4,883684156,872.49,2026-07-30,0.0291,0.0079,2026-08-13,0.038356164383561646,13.975000000000001,0.0291,0.0079,44.00715563506261,7.051497534241567,-6.9235024657584345,873.1997543706138,0.16757398145740715,Aug 2026
01,20260813,1035.0,call,11.95,13.15,13.35,11.08,859077638,872.49,2026-07-30,0.0291,0.0079,2026-08-13,0.038356164383561646,12.55,0.0291,0.0079,9.561752988047818,6.722139432665845,-5.827860567334156,873.1997543706138,0.1699923623216887,Aug 2026
01,20260813,1037.5,call,10.35,15.75,13.95,10.77,883684164,872.49,2026-07-30,0.0291,0.0079,2026-08-13,0.038356164383561646,13.05,0.0291,0.0079,41.37931034482759,6.400816983969357,-6.649183016030643,873.1997543706138,0.17240490872707273,Aug 2026
01,20260813,1040.0,call,11.75,12.75,12.0,10.46,859077644,872.49,2026-07-30,0.0291,0.0079,2026-08-13,0.038356164383561646,12.25,0.0291,0.0079,8.16326530612245,6.087409586303772,-6.162590413696228,873.1997543706138,0.17481164875763766,Aug 2026
01,20260813,1042.5,call,9.83,13.6,12.45,10.17,883684174,872.49,2026-07-30,0.0291,0.0079,2026-08-13,0.038356164383561646,11.715,0.0291,0.0079,32.18096457533077,5.781797465006208,-5.933202534993792,873.1997543706138,0.17721261029517574,Aug 2026
01,20260813,1045.0,call,10.5,11.8,11.95,9.88,859077656,872.49,2026-07-30,0.0291,0.0079,2026-08-13,0.038356164383561646,11.15,0.0291,0.0079,11.659192825112113,5.483861686087503,-5.666138313912497,873.1997543706138,0.1796078210211307,Aug 2026
01,20260910,845.0,call,91.45,124.0,,102.36,849518684,872.49,2026-07-30,0.0291,0.0079,2026-09-10,0.11506849315068493,107.725,0.0291,0.0079,30.215827338129493,94.46398447323827,-13.261015526761724,874.620995697421,-0.034454017390469875,Sep 2026
01,20260910,847.5,call,90.5,122.5,,101.07,891559599,872.49,2026-07-30,0.0291,0.0079,2026-09-10,0.11506849315068493,106.5,0.0291,0.0079,30.046948356807512,93.21262783500723,-13.287372164992775,874.620995697421,-0.03149980549303841,Sep 2026
01,20260910,850.0,call,88.25,128.9,,99.8,850147046,872.49,2026-07-30,0.0291,0.0079,2026-09-10,0.11506849315068493,108.575,0.0291,0.0079,37.4395579092793,91.9736914732415,-16.6013085267585,874.620995697421,-0.028554295263281612,Sep 2026
01,20260910,852.5,call,87.0,119.0,,98.54,891559604,872.49,2026-07-30,0.0291,0.0079,2026-09-10,0.11506849315068493,103.0,0.0291,0.0079,31.067961165048544,90.74712632857782,-12.25287367142218,874.620995697421,-0.02561743558997191,Sep 2026
01,20260910,855.0,call,85.85,117.3,,97.29,850147052,872.49,2026-07-30,0.0291,0.0079,2026-09-10,0.11506849315068493,101.57499999999999,0.0291,0.0079,30.962343096234317,89.53288204186643,-12.04211795813356,874.620995697421,-0.02268917581088356,Sep 2026
01,20260910,857.5,call,84.65,116.3,,96.05,891559614,872.49,2026-07-30,0.0291,0.0079,2026-09-10,0.11506849315068493,100.475,0.0291,0.0079,31.500373227170932,88.33090698930225,-12.144093010697745,874.620995697421,-0.01976946570754881,Sep 2026
01,20260910,860.0,call,83.45,114.55,,94.82,850147063,872.49,2026-07-30,0.0291,0.0079,2026-09-10,0.11506849315068493,99.0,0.0291,0.0079,31.414141414141408,87.14114831728415,-11.858851682715851,874.620995697421,-0.01685825550009039,Sep 2026
01,20260910,862.5,call,82.3,113.2,,93.61,891559622,872.49,2026-07-30,0.0291,0.0079,2026-09-10,0.11506849315068493,97.75,0.0291,0.0079,31.61125319693095,85.96355197698756,-11.78644802301244,874.620995697421,-0.013955495842128995,Sep 2026
01,20260910,865.0,call,81.15,111.85,,92.4,850147069,872.49,2026-07-30,0.0291,0.0079,2026-09-10,0.11506849315068493,96.5,0.0291,0.0079,31.813471502590666,84.79806275864256,-11.701937241357442,874.620995697421,-0.011061137815764397,Sep 2026
01,20260910,867.5,call,74.4,111.45,,91.21,891559628,872.49,2026-07-30,0.0291,0.0079,2026-09-10,0.11506849315068493,92.92500000000001,0.0291,0.0079,39.87086359967715,83.644624325507,-9.280375674493015,874.620995697421,-0.008175132926629474,Sep 2026
01,20260910,870.0,call,78.9,109.55,,90.03,850409498,872.49,2026-07-30,0.0291,0.0079,2026-09-10,0.11506849315068493,94.225,0.0291,0.0079,32.52852215441761,82.50317924752649,-11.721820752473505,874.620995697421,-0.005297433099014343,Sep 2026
01,20260910,872.5,call,78.2,108.25,,88.86,891559639,872.49,2026-07-30,0.0291,0.0079,2026-09-10,0.11506849315068493,93.225,0.0291,0.0079,32.23384285331188,81.3736690346718,-11.851330965328188,874.620995697421,-0.002427990671061531,Sep 2026
01,20260910,875.0,call,76.65,106.95,,87.7,850409507,872.49,2026-07-30,0.0291,0.0079,2026-09-10,0.11506849315068493,91.80000000000001,0.0291,0.0079,33.00653594771241,80.25603416994325,-11.543965830056763,874.620995697421,0.00043324160997065624,Sep 2026
01,20260910,877.5,call,75.8,105.65,95.0,86.55,891559645,872.49,2026-07-30,0.0291,0.0079,2026-09-10,0.11506849315068493,90.725,0.0291,0.0079,32.901625792229275,79.15021414204035,-11.57478585795964,874.620995697421,0.0032863105923772,Sep 2026
01,20260910,880.0,call,74.5,104.35,,85.41,850409513,872.49,2026-07-30,0.0291,0.0079,2026-09-10,0.11506849315068493,89.425,0.0291,0.0079,33.37992731339111,78.05614747768384,-11.36885252231616,874.620995697421,0.006131262724608357,Sep 2026
01,20260910,882.5,call,73.45,102.7,,84.29,891559652,872.49,2026-07-30,0.0291,0.0079,2026-09-10,0.11506849315068493,88.075,0.0291,0.0079,33.21033210332103,76.97377177358561,-11.101228226414392,874.620995697421,0.00896814405980813,Sep 2026
01,20260910,885.0,call,72.8,102.85,,83.17,850881816,872.49,2026-07-30,0.0291,0.0079,2026-09-10,0.11506849315068493,87.82499999999999,0.0291,0.0079,34.21576999715343,75.90302372806043,-11.921976271939556,874.620995697421,0.01179700026028569,Sep 2026
01,20260910,887.5,call,70.95,100.55,,82.07,891559662,872.49,2026-07-30,0.0291,0.0079,2026-09-10,0.11506849315068493,85.75,0.0291,0.0079,34.51895043731778,74.84383917227312,-10.906160827726879,874.620995697421,0.014617876601927132,Sep 2026
01,20260910,890.0,call,70.3,100.35,,80.98,851486583,872.49,2026-07-30,0.0291,0.0079,2026-09-10,0.11506849315068493,85.32499999999999,0.0291,0.0079,35.21828303545268,73.79615310111724,-11.528846898882747,874.620995697421,0.017430817978541673,Sep 2026
01,20260910,892.5,call,65.0,105.6,,79.9,891559669,872.49,2026-07-30,0.0291,0.0079,2026-09-10,0.11506849315068493,85.3,0.0291,0.0079,47.59671746776084,72.75989970371688,-12.540100296283114,874.620995697421,0.020235868906150388,Sep 2026
01,20260910,895.0,call,64.45,104.35,,78.82,851927369,872.49,2026-07-30,0.0291,0.0079,2026-09-10,0.11506849315068493,84.4,0.0291,0.0079,47.27488151658766,71.73501239355117,-12.664987606448832,874.620995697421,0.02303307352721171,Sep 2026
01,20260910,897.5,call,63.45,103.1,,77.76,891559679,872.49,2026-07-30,0.0291,0.0079,2026-09-10,0.11506849315068493,83.275,0.0291,0.0079,47.61332933053136,70.72142383819595,-12.55357616180406,874.620995697421,0.025822475614790157,Sep 2026
01,20260910,900.0,call,62.5,101.8,,76.72,851927378,872.49,2026-07-30,0.0291,0.0079,2026-09-10,0.11506849315068493,82.15,0.0291,0.0079,47.83931832014606,69.71906598867483,-12.430934011325178,874.620995697421,0.028604118576667066,Sep 2026
01,20260910,902.5,call,61.55,100.6,,75.68,891559684,872.49,2026-07-30,0.0291,0.0079,2026-09-10,0.11506849315068493,81.07499999999999,0.0291,0.0079,48.16527906259636,68.72787010842497,-12.347129891575022,874.620995697421,0.03137804545939218,Sep 2026
01,20260910,905.0,call,62.2,99.35,,74.65,852441100,872.49,2026-07-30,0.0291,0.0079,2026-09-10,0.11506849315068493,80.775,0.0291,0.0079,45.99195295574124,67.74776680186265,-13.027233198137353,874.620995697421,0.03414429895228241,Sep 2026
01,20260910,907.5,call,63.0,91.85,,73.63,891559694,872.49,2026-07-30,0.0291,0.0079,2026-09-10,0.11506849315068493,77.425,0.0291,0.0079,37.26186632224733,66.77868604255875,-10.64631395744125,874.620995697421,0.03690292139136201,Sep 2026
01,20260910,910.0,call,60.35,96.95,,72.63,852441111,872.49,2026-07-30,0.0291,0.0079,2026-09-10,0.11506849315068493,78.65,0.0291,0.0079,46.535282898919256,65.82055720101158,-12.829442798988424,874.620995697421,0.03965395476325199,Sep 2026
01,20260910,915.0,call,60.2,94.65,,70.65,854609310,872.49,2026-07-30,0.0291,0.0079,2026-09-10,0.11506849315068493,77.42500000000001,0.0291,0.0079,44.49467226348079,63.93686990165101,-13.488130098349004,874.620995697421,0.04513342052787755,Sep 2026
01,20260910,920.0,call,58.35,86.4,,68.71,854609319,872.49,2026-07-30,0.0291,0.0079,2026-09-10,0.11506849315068493,72.375,0.0291,0.0079,38.756476683937834,62.09612883639886,-10.278871163601139,874.620995697421,0.0505830252954422,Sep 2026
01,20260910,925.0,call,56.6,90.1,,66.81,854609325,872.49,2026-07-30,0.0291,0.0079,2026-09-10,0.11506849315068493,73.35,0.0291,0.0079,45.67143830947511,60.297749998567745,-13.052250001432249,874.620995697421,0.05600309276478138,Sep 2026
01,20260910,930.0,call,55.6,87.85,,64.96,854609334,872.49,2026-07-30,0.0291,0.0079,2026-09-10,0.11506849315068493,71.725,0.0291,0.0079,44.963401882188904,58.5411422597689,-13.183857740231097,874.620995697421,0.06139394139965778,Sep 2026
01,20260910,935.0,call,53.25,83.55,,63.14,854609340,872.49,2026-07-30,0.0291,0.0079,2026-09-10,0.11506849315068493,68.4,0.0291,0.0079,44.298245614035075,56.825708161458195,-11.57429183854181,874.620995697421,0.06675588454104313,Sep 2026
01,20260910,940.0,call,52.15,83.55,86.65,61.37,856730782,872.49,2026-07-30,0.0291,0.0079,2026-09-10,0.11506849315068493,67.85,0.0291,0.0079,46.278555637435524,55.150844680407516,-12.699155319592478,874.620995697421,0.0720892305164059,Sep 2026
01,20260910,945.0,call,50.55,79.4,,59.63,856730791,872.49,2026-07-30,0.0291,0.0079,2026-09-10,0.11506849315068493,64.975,0.0291,0.0079,44.40169295883034,53.51594396815859,-11.459056031841406,874.620995697421,0.07739428274609905,Sep 2026
01,20260910,950.0,call,49.2,79.45,,57.94,856730797,872.49,2026-07-30,0.0291,0.0079,2026-09-10,0.11506849315068493,64.325,0.0291,0.0079,47.02681694520015,51.92039406456658,-12.404605935433423,874.620995697421,0.08267133984694279,Sep 2026
01,20260910,955.0,call,47.65,77.4,,56.28,856730806,872.49,2026-07-30,0.0291,0.0079,2026-09-10,0.11506849315068493,62.525000000000006,0.0291,0.0079,47.58096761295483,50.36357958558545,-12.161420414414557,874.620995697421,0.08792069573308649,Sep 2026
01,20261008,890.0,call,85.55,130.9,,101.73,872509364,872.49,2026-07-30,0.0291,0.0079,2026-10-08,0.1917808219178082,108.225,0.0291,0.0079,41.903441903441916,97.22626705383128,-10.998732946168715,876.0445502714535,0.0158045166086787,Oct 2026
01,20261008,892.5,call,77.8,123.75,,100.63,900256122,872.49,2026-07-30,0.0291,0.0079,2026-10-08,0.1917808219178082,100.775,0.0291,0.0079,45.59662614735797,96.19336080265371,-4.581639197346291,876.0445502714535,0.018609567536287223,Oct 2026
01,20261008,895.0,call,82.8,123.5,,99.54,872509374,872.49,2026-07-30,0.0291,0.0079,2026-10-08,0.1917808219178082,103.15,0.0291,0.0079,39.45710130877363,95.16952531222222,-7.980474687777786,876.0445502714535,0.021406772157348576,Oct 2026
01,20261008,900.0,call,80.85,126.15,133.0,97.38,872509382,872.49,2026-07-30,0.0291,0.0079,2026-10-08,0.1917808219178082,103.5,0.0291,0.0079,43.76811594202899,93.14888130045574,-10.351118699544259,876.0445502714535,0.02697781720680399,Oct 2026
01,20261008,905.0,call,79.6,123.6,,95.27,872509388,872.49,2026-07-30,0.0291,0.0079,2026-10-08,0.1917808219178082,101.6,0.0291,0.0079,43.30708661417323,91.16396066496846,-10.436039335031538,876.0445502714535,0.03251799758241939,Oct 2026
01,20261008,907.5,call,71.7,117.55,,94.22,900256145,872.49,2026-07-30,0.0291,0.0079,2026-10-08,0.1917808219178082,94.625,0.0291,0.0079,48.45442536327608,90.18477807251645,-4.440221927483549,876.0445502714535,0.03527662002149902,Oct 2026
01,20261008,910.0,call,77.7,116.4,,93.19,872509399,872.49,2026-07-30,0.0291,0.0079,2026-10-08,0.1917808219178082,97.05000000000001,0.0291,0.0079,39.876352395672335,89.21438340939564,-7.835616590604374,876.0445502714535,0.03802765339338881,Oct 2026
01,20261008,912.5,call,69.65,115.35,,92.16,900256155,872.49,2026-07-30,0.0291,0.0079,2026-10-08,0.1917808219178082,92.5,0.0291,0.0079,49.405405405405396,88.25272836811155,-4.247271631888452,876.0445502714535,0.04077113933913977,Oct 2026
01,20261008,915.0,call,75.85,114.1,,91.15,872509405,872.49,2026-07-30,0.0291,0.0079,2026-10-08,0.1917808219178082,94.975,0.0291,0.0079,40.273756251645175,87.29976434402224,-7.675235655977758,876.0445502714535,0.043507119158014425,Oct 2026
01,20261008,920.0,call,74.0,112.0,,89.15,872509412,872.49,2026-07-30,0.0291,0.0079,2026-10-08,0.1917808219178082,93.0,0.0291,0.0079,40.86021505376344,85.41971352327634,-7.580286476723657,876.0445502714535,0.048956723925579135,Oct 2026
01,20261008,925.0,call,72.2,114.3,,87.18,872509422,872.49,2026-07-30,0.0291,0.0079,2026-10-08,0.1917808219178082,93.25,0.0291,0.0079,45.14745308310991,83.57383667119655,-9.676163328803455,876.0445502714535,0.05437679139491836,Oct 2026
01,20261008,930.0,call,69.95,112.0,,85.26,872509429,872.49,2026-07-30,0.0291,0.0079,2026-10-08,0.1917808219178082,90.975,0.0291,0.0079,46.22148942017038,81.76173559480661,-9.213264405193385,876.0445502714535,0.05976764002979482,Oct 2026
01,20261008,935.0,call,68.15,109.8,,83.37,872509439,872.49,2026-07-30,0.0291,0.0079,2026-10-08,0.1917808219178082,88.975,0.0291,0.0079,46.81090193874683,79.98300858538852,-8.991991414611476,876.0445502714535,0.06512958317118023,Oct 2026
01,20261008,940.0,call,66.9,107.9,,81.52,872509444,872.49,2026-07-30,0.0291,0.0079,2026-10-08,0.1917808219178082,87.4,0.0291,0.0079,46.910755148741416,78.23725080764405,-9.16274919235596,876.0445502714535,0.07046292914654284,Oct 2026
01,20261008,945.0,call,65.2,105.65,,79.7,872509454,872.49,2026-07-30,0.0291,0.0079,2026-10-08,0.1917808219178082,85.42500000000001,0.0291,0.0079,47.351477904594674,76.52405467676913,-8.900945323230886,876.0445502714535,0.07576798137623583,Oct 2026
01,20261008,950.0,call,64.8,103.5,,77.92,872509461,872.49,2026-07-30,0.0291,0.0079,2026-10-08,0.1917808219178082,84.15,0.0291,0.0079,45.98930481283423,74.84301022349436,-9.306989776505645,876.0445502714535,0.08104503847707963,Oct 2026
01,20261008,955.0,call,61.95,101.45,,76.18,872509471,872.49,2026-07-30,0.0291,0.0079,2026-10-08,0.1917808219178082,81.7,0.0291,0.0079,48.34761321909424,73.1937054471473,-8.506294552852708,876.0445502714535,0.08629439436322339,Oct 2026
01,20261008,960.0,call,61.1,99.55,,74.47,872509478,872.49,2026-07-30,0.0291,0.0079,2026-10-08,0.1917808219178082,80.325,0.0291,0.0079,47.86803610333021,71.57572665682783,-8.749273343172177,876.0445502714535,0.09151633834437509,Oct 2026
01,20261008,965.0,call,58.8,97.55,,72.8,872509484,872.49,2026-07-30,0.0291,0.0079,2026-10-08,0.1917808219178082,78.175,0.0291,0.0079,49.56827630316597,69.98865880079343,-8.186341199206566,876.0445502714535,0.09671115522147912,Oct 2026
01,20261112,905.0,call,90.9,147.25,,115.63,905887760,872.49,2026-07-30,0.0291,0.0079,2026-11-12,0.2876712328767123,119.075,0.0291,0.0079,47.323115683392814,114.96315972055463,-4.111840279445374,877.8272522293795,0.03048512087009059,Nov 2026
01,20261112,910.0,call,89.2,144.9,,113.74,905887765,872.49,2026-07-30,0.0291,0.0079,2026-11-12,0.2876712328767123,117.05000000000001,0.0291,0.0079,47.58650149508757,113.02569359356076,-4.024306406439251,877.8272522293795,0.03599477668106013,Nov 2026
01,20261112,915.0,call,87.35,142.45,,111.89,903724736,872.49,2026-07-30,0.0291,0.0079,2026-11-12,0.2876712328767123,114.89999999999999,0.0291,0.0079,47.954743255004345,111.11684846161455,-3.7831515383854395,877.8272522293795,0.04147424244568587,Nov 2026
01,20261112,920.0,call,85.45,140.2,,110.06,903724746,872.49,2026-07-30,0.0291,0.0079,2026-11-12,0.2876712328767123,112.82499999999999,0.0291,0.0079,48.5264790604919,109.23633857840224,-3.588661421597749,877.8272522293795,0.046923847213250484,Nov 2026
01,20261112,925.0,call,83.7,138.05,,108.26,903724753,872.49,2026-07-30,0.0291,0.0079,2026-11-12,0.2876712328767123,110.875,0.0291,0.0079,49.01916572717025,107.38387635626422,-3.4911236437357758,877.8272522293795,0.05234391468258962,Nov 2026
01,20261112,930.0,call,81.55,135.85,,106.49,903724763,872.49,2026-07-30,0.0291,0.0079,2026-11-12,0.2876712328767123,108.69999999999999,0.0291,0.0079,49.954001839926406,105.5591725690483,-3.1408274309516884,877.8272522293795,0.0577347633174662,Nov 2026
01,20261210,920.0,call,97.2,156.65,,116.76,854609358,872.49,2026-07-30,0.0291,0.0079,2026-12-10,0.3643835616438356,126.92500000000001,0.0291,0.0079,46.838684262359656,125.57602915426223,-1.3489708457377816,879.2560253851451,0.0452975458433876,Dec 2026
01,20261210,925.0,call,95.4,154.4,,114.75,854609365,872.49,2026-07-30,0.0291,0.0079,2026-12-10,0.3643835616438356,124.9,0.0291,0.0079,47.237790232185745,123.73345776860863,-1.1665422313913751,879.2560253851451,0.050717613312726666,Dec 2026
01,20261210,930.0,call,93.45,152.2,,112.78,854609375,872.49,2026-07-30,0.0291,0.0079,2026-12-10,0.3643835616438356,122.82499999999999,0.0291,0.0079,47.83228170160797,121.91549067892696,-0.9095093210730312,879.2560253851451,0.056108461947603175,Dec 2026
01,20261210,935.0,call,91.75,150.0,,110.83,854609382,872.49,2026-07-30,0.0291,0.0079,2026-12-10,0.3643835616438356,120.875,0.0291,0.0079,48.19027921406411,120.12188471302562,-0.7531152869743778,879.2560253851451,0.06147040508898863,Dec 2026
01,20261210,940.0,call,88.8,147.85,,108.87,856730820,872.49,2026-07-30,0.0291,0.0079,2026-12-10,0.3643835616438356,118.32499999999999,0.0291,0.0079,49.90492288189309,118.35239626432157,0.027396264321581043,879.2560253851451,0.06680375106435109,Dec 2026
01,20270114,920.0,call,102.5,157.85,,136.44,903724912,872.49,2026-07-30,0.0291,0.0079,2027-01-14,0.4602739726027397,130.175,0.0291,0.0079,42.51968503937007,143.70875983093052,13.533759830930506,881.0452625163923,0.043264669131058635,Jan 2027
01,20270114,925.0,call,100.75,155.7,,134.65,903724922,872.49,2026-07-30,0.0291,0.0079,2027-01-14,0.4602739726027397,128.225,0.0291,0.0079,42.854357574575936,141.88573647029705,13.660736470297053,881.0452625163923,0.04868473660039788,Jan 2027
01,20270114,930.0,call,98.95,153.65,,132.88,903724928,872.49,2026-07-30,0.0291,0.0079,2027-01-14,0.4602739726027397,126.30000000000001,0.0291,0.0079,43.30958036421219,140.08449176824206,13.784491768242049,881.0452625163923,0.05407558523527435,Jan 2027
01,20270114,935.0,call,97.2,151.65,,131.13,903724938,872.49,2026-07-30,0.0291,0.0079,2027-01-14,0.4602739726027397,124.42500000000001,0.0291,0.0079,43.761301989150084,138.30482012164612,13.879820121646105,881.0452625163923,0.05943752837665977,Jan 2027
01,20270114,940.0,call,95.6,149.6,,129.4,903724945,872.49,2026-07-30,0.0291,0.0079,2027-01-14,0.4602739726027397,122.6,0.0291,0.0079,44.045676998368684,136.5465160587265,13.946516058726502,881.0452625163923,0.06477087435202218,Jan 2027
01,20270114,945.0,call,93.85,147.7,,127.68,903724955,872.49,2026-07-30,0.0291,0.0079,2027-01-14,0.4602739726027397,120.77499999999999,0.0291,0.0079,44.58704202028565,134.80937430747824,14.034374307478245,881.0452625163923,0.07007592658171541,Jan 2027
01,20270114,950.0,call,92.15,145.75,,125.98,903724962,872.49,2026-07-30,0.0291,0.0079,2027-01-14,0.4602739726027397,118.95,0.0291,0.0079,45.060949978982755,133.09318986167577,14.143189861675765,881.0452625163923,0.07535298368255922,Jan 2027
01,20270114,955.0,call,90.5,143.8,,124.3,903724968,872.49,2026-07-30,0.0291,0.0079,2027-01-14,0.4602739726027397,117.15,0.0291,0.0079,45.497225778915926,131.3977580444801,14.247758044480094,881.0452625163923,0.08060233956870298,Jan 2027
01,20270114,960.0,call,88.9,141.85,,122.63,901079701,872.49,2026-07-30,0.0291,0.0079,2027-01-14,0.4602739726027397,115.375,0.0291,0.0079,45.89382448537377,129.72287456970565,14.347874569705652,881.0452625163923,0.0858242835498547,Jan 2027
01,20270114,965.0,call,87.3,140.1,,120.98,901079711,872.49,2026-07-30,0.0291,0.0079,2027-01-14,0.4602739726027397,113.69999999999999,0.0291,0.0079,46.43799472295515,128.0683356007952,14.368335600795206,881.0452625163923,0.09101910042695854,Jan 2027
01,20270114,970.0,call,85.65,138.3,,119.35,901079718,872.49,2026-07-30,0.0291,0.0079,2027-01-14,0.4602739726027397,111.97500000000001,0.0291,0.0079,47.01942397856665,126.43393780755024,14.458937807550228,881.0452625163923,0.09618707058540116,Jan 2027
01,20270114,975.0,call,84.0,136.55,,117.73,901079724,872.49,2026-07-30,0.0291,0.0079,2027-01-14,0.4602739726027397,110.275,0.0291,0.0079,47.65359328950352,124.81947842067201,14.544478420672007,881.0452625163923,0.10132847008581987,Jan 2027
01,20270114,980.0,call,82.35,134.75,,116.13,901079735,872.49,2026-07-30,0.0291,0.0079,2027-01-14,0.4602739726027397,108.55,0.0291,0.0079,48.272685398433914,123.22475528415791,14.67475528415791,881.0452625163923,0.10644357075259034,Jan 2027
01,20270114,985.0,call,80.95,133.1,,114.55,901079741,872.49,2026-07-30,0.0291,0.0079,2027-01-14,0.4602739726027397,107.025,0.0291,0.0079,48.72693295958887,121.64956690560395,14.624566905603942,881.0452625163923,0.11153264026006146,Jan 2027
01,20270114,990.0,call,79.3,131.4,,112.99,901079749,872.49,2026-07-30,0.0291,0.0079,2027-01-14,0.4602739726027397,105.35,0.0291,0.0079,49.45420028476508,120.09371250446347,14.743712504463474,881.0452625163923,0.11659594221660824,Jan 2027
01,20270114,995.0,call,77.9,129.75,,111.44,901079759,872.49,2026-07-30,0.0291,0.0079,2027-01-14,0.4602739726027397,103.825,0.0291,0.0079,49.939802552371766,118.5569920583075,14.731992058307497,881.0452625163923,0.12163373624656543,Jan 2027
01,20270311,800.0,call,168.9,232.3,,206.58,863897058,872.49,2026-07-30,0.0291,0.0079,2027-03-11,0.6136986301369863,200.60000000000002,0.0291,0.0079,31.605184446660022,217.93311409687368,17.333114096873658,883.9156182840337,-0.09974987598382605,Mar 2027
01,20270311,810.0,call,151.1,236.6,,202.15,863897075,872.49,2026-07-30,0.0291,0.0079,2027-03-11,0.6136986301369863,193.85,0.0291,0.0079,44.10626773278308,213.38577744723796,19.53577744723796,883.9156182840337,-0.08732735598526889,Mar 2027
01,20270311,820.0,call,145.6,231.55,,197.66,863897088,872.49,2026-07-30,0.0291,0.0079,2027-03-11,0.6136986301369863,188.575,0.0291,0.0079,45.57868222192763,208.9288699862879,20.35386998628792,883.9156182840337,-0.07505726339345453,Mar 2027
01,20270311,935.0,call,109.55,174.75,,152.99,863897275,872.49,2026-07-30,0.0291,0.0079,2027-03-11,0.6136986301369863,142.15,0.0291,0.0079,45.8670418571931,163.7325527460742,21.582552746074185,883.9156182840337,0.056184925636933794,Mar 2027
01,20270311,940.0,call,107.65,172.75,,151.22,863897283,872.49,2026-07-30,0.0291,0.0079,2027-03-11,0.6136986301369863,140.2,0.0291,0.0079,46.43366619115549,162.00254423930065,21.80254423930066,883.9156182840337,0.06151827161229622,Mar 2027
01,20270311,945.0,call,105.75,170.75,,149.47,863897289,872.49,2026-07-30,0.0291,0.0079,2027-03-11,0.6136986301369863,138.25,0.0291,0.0079,47.01627486437613,160.29070774589263,22.040707745892632,883.9156182840337,0.06682332384198945,Mar 2027
01,20270311,950.0,call,104.25,168.8,,147.73,863897298,872.49,2026-07-30,0.0291,0.0079,2027-03-11,0.6136986301369863,136.525,0.0291,0.0079,47.280717817249595,158.59687636845302,22.07187636845302,883.9156182840337,0.07210038094283328,Mar 2027
01,20270311,955.0,call,102.3,166.9,,146.0,865290596,872.49,2026-07-30,0.0291,0.0079,2027-03-11,0.6136986301369863,134.6,0.0291,0.0079,47.99405646359585,156.92088385601355,22.320883856013552,883.9156182840337,0.07734973682897685,Mar 2027
01,20270311,960.0,call,100.4,165.0,,144.29,865290606,872.49,2026-07-30,0.0291,0.0079,2027-03-11,0.6136986301369863,132.7,0.0291,0.0079,48.68123587038432,155.2625646330877,22.562564633087703,883.9156182840337,0.08257168081012858,Mar 2027
01,20270311,965.0,call,99.55,163.05,,142.59,865776595,872.49,2026-07-30,0.0291,0.0079,2027-03-11,0.6136986301369863,131.3,0.0291,0.0079,48.36252856054837,153.62175382744738,22.321753827447367,883.9156182840337,0.08776649768723263,Mar 2027
01,20270311,970.0,call,98.1,161.2,,140.82,865776601,872.49,2026-07-30,0.0291,0.0079,2027-03-11,0.6136986301369863,129.64999999999998,0.0291,0.0079,48.669494793675284,151.99828729666427,22.348287296664296,883.9156182840337,0.09293446784567527,Mar 2027
01,20270311,975.0,call,96.4,159.3,,139.15,865776608,872.49,2026-07-30,0.0291,0.0079,2027-03-11,0.6136986301369863,127.85000000000001,0.0291,0.0079,49.19827923347673,150.39200165344516,22.542001653445155,883.9156182840337,0.09807586734609379,Mar 2027
01,20270311,980.0,call,95.25,157.5,,137.5,865776618,872.49,2026-07-30,0.0291,0.0079,2027-03-11,0.6136986301369863,126.375,0.0291,0.0079,49.25816023738872,148.8027342897982,22.427734289798195,883.9156182840337,0.10319096801286427,Mar 2027
01,20270311,985.0,call,93.6,155.75,,135.86,865776625,872.49,2026-07-30,0.0291,0.0079,2027-03-11,0.6136986301369863,124.675,0.0291,0.0079,49.84960898335674,147.23032340006026,22.55532340006026,883.9156182840337,0.1082800375203356,Mar 2027
