trading_class,expiration,strike,type,bid,ask,last,close,conId,spot_price,snapshot_date,r,q,expiry_date,ttm,mid,rate,div_yld,spread_pct,model_price,error,fwd,log_m,maturity_label,fit_C,fit_G,fit_M,fit_Y
01,20260813,700.0,call,160.5,204.3,185.75,178.72,854608925,872.49,2026-07-30,0.0291,0.0079,2026-08-13,0.038356164383561646,182.4,0.0291,0.0079,24.013157894736846,175.2913580706102,-7.108641929389819,873.1997543706138,-0.221084008334376,Aug 2026,2.9389148469902704,60.042955900892906,130.25953209277083,1.3555548383378415
01,20260813,702.5,call,157.0,202.1,,176.55,883683631,872.49,2026-07-30,0.0291,0.0079,2026-08-13,0.038356164383561646,179.55,0.0291,0.0079,25.1183514341409,172.94336074604104,-6.606639253958974,873.1997543706138,-0.21751894216987983,Aug 2026,2.9389148469902704,60.042955900892906,130.25953209277083,1.3555548383378415
01,20260813,705.0,call,154.85,199.9,,174.37,854608932,872.49,2026-07-30,0.0291,0.0079,2026-08-13,0.038356164383561646,177.375,0.0291,0.0079,25.398167723749125,170.60321886378478,-6.771781136215225,873.1997543706138,-0.2139665405655121,Aug 2026,2.9389148469902704,60.042955900892906,130.25953209277083,1.3555548383378415
01,20260813,707.5,call,152.8,197.7,,172.25,883683636,872.49,2026-07-30,0.0291,0.0079,2026-08-13,0.038356164383561646,175.25,0.0291,0.0079,25.620542082738933,168.27122470658074,-6.978775293419261,873.1997543706138,-0.21042671386038803,Aug 2026,2.9389148469902704,60.042955900892906,130.25953209277083,1.3555548383378415
01,20260813,710.0,call,150.7,195.55,,170.05,854608942,872.49,2026-07-30,0.0291,0.0079,2026-08-13,0.038356164383561646,173.125,0.0291,0.0079,25.906137184115533,165.94767481082653,-7.177325189173473,873.1997543706138,-0.2068993733424196,Aug 2026,2.9389148469902704,60.042955900892906,130.25953209277083,1.3555548383378415
01,20260813,712.5,call,148.65,193.25,183.0,167.91,883683646,872.49,2026-07-30,0.0291,0.0079,2026-08-13,0.038356164383561646,170.95,0.0291,0.0079,26.089499853758404,163.63286970934772,-7.317130290652273,873.1997543706138,-0.20338443123497507,Aug 2026,2.9389148469902704,60.042955900892906,130.25953209277083,1.3555548383378415
01,20260813,715.0,call,146.55,190.95,,165.77,854608949,872.49,2026-07-30,0.0291,0.0079,2026-08-13,0.038356164383561646,168.75,0.0291,0.0079,26.3111111111111,161.32711366110397,-7.422886338896035,873.1997543706138,-0.19988180068377298,Aug 2026,2.9389148469902704,60.042955900892906,130.25953209277083,1.3555548383378415
01,20260813,717.5,call,144.65,188.75,181.15,163.65,883683654,872.49,2026-07-30,0.0291,0.0079,2026-08-13,0.038356164383561646,166.7,0.0291,0.0079,26.45470905818836,159.03071436828276,-7.66928563171723,873.1997543706138,-0.19639139574400458,Aug 2026,2.9389148469902704,60.042955900892906,130.25953209277083,1.3555548383378415
01,20260813,720.0,call,142.45,186.7,,161.53,854608959,872.49,2026-07-30,0.0291,0.0079,2026-08-13,0.038356164383561646,164.575,0.0291,0.0079,26.887437338599426,156.74398268130855,-7.831017318691437,873.1997543706138,-0.19291313136767974,Aug 2026,2.9389148469902704,60.042955900892906,130.25953209277083,1.3555548383378415
01,20260813,722.5,call,140.6,184.45,176.85,159.42,883683660,872.49,2026-07-30,0.0291,0.0079,2026-08-13,0.038356164383561646,162.52499999999998,0.0291,0.0079,26.98046454391632,154.46723229227848,-8.057767707721496,873.1997543706138,-0.18944692339119348,Aug 2026,2.9389148469902704,60.042955900892906,130.25953209277083,1.3555548383378415
01,20260813,725.0,call,138.6,182.45,,157.32,854608967,872.49,2026-07-30,0.0291,0.0079,2026-08-13,0.038356164383561646,160.52499999999998,0.0291,0.0079,27.316617349322534,152.20077941747505,-8.32422058252493,873.1997543706138,-0.1859926885231059,Aug 2026,2.9389148469902704,60.042955900892906,130.25953209277083,1.3555548383378415
01,20260813,727.5,call,136.75,180.25,172.65,155.23,883683671,872.49,2026-07-30,0.0291,0.0079,2026-08-13,0.038356164383561646,158.5,0.0291,0.0079,27.444794952681388,149.9449424695371,-8.555057530462904,873.1997543706138,-0.18255034433213307,Aug 2026,2.9389148469902704,60.042955900892906,130.25953209277083,1.3555548383378415
01,20260813,730.0,call,134.6,178.1,,153.15,854608973,872.49,2026-07-30,0.0291,0.0079,2026-08-13,0.038356164383561646,156.35,0.0291,0.0079,27.82219379597058,147.7000417199847,-8.649958280015284,873.1997543706138,-0.17911980923534396,Aug 2026,2.9389148469902704,60.042955900892906,130.25953209277083,1.3555548383378415
01,20260813,732.5,call,132.6,175.85,168.4,151.09,883683677,872.49,2026-07-30,0.0291,0.0079,2026-08-13,0.038356164383561646,154.225,0.0291,0.0079,28.043443021559412,145.46639895280342,-8.758601047196578,873.1997543706138,-0.17570100248655837,Aug 2026,2.9389148469902704,60.042955900892906,130.25953209277083,1.3555548383378415
01,20260813,735.0,call,130.8,173.75,,149.03,854608982,872.49,2026-07-30,0.0291,0.0079,2026-08-13,0.038356164383561646,152.275,0.0291,0.0079,28.20554917090789,143.24433710980784,-9.030662890192161,873.1997543706138,-0.17229384416494403,Aug 2026,2.9389148469902704,60.042955900892906,130.25953209277083,1.3555548383378415
01,20260813,737.5,call,128.5,171.6,164.25,146.98,883683684,872.49,2026-07-30,0.0291,0.0079,2026-08-13,0.038356164383561646,150.05,0.0291,0.0079,28.723758747084297,141.03417992856936,-9.015820071430653,873.1997543706138,-0.1688982551638058,Aug 2026,2.9389148469902704,60.042955900892906,130.25953209277083,1.3555548383378415
01,20260813,740.0,call,126.6,169.45,,144.95,854608988,872.49,2026-07-30,0.0291,0.0079,2026-08-13,0.038356164383561646,148.02499999999998,0.0291,0.0079,28.947812869447727,138.83625157369772,-9.188748426302254,873.1997543706138,-0.16551415717956522,Aug 2026,2.9389148469902704,60.042955900892906,130.25953209277083,1.3555548383378415
01,20260813,742.5,call,124.7,167.25,,142.92,883683694,872.49,2026-07-30,0.0291,0.0079,2026-08-13,0.038356164383561646,145.975,0.0291,0.0079,29.14882685391334,136.6508762622824,-9.3241237377176,873.1997543706138,-0.16214147270092608,Aug 2026,2.9389148469902704,60.042955900892906,130.25953209277083,1.3555548383378415
01,20260813,745.0,call,122.75,165.05,,140.91,854608997,872.49,2026-07-30,0.0291,0.0079,2026-08-13,0.038356164383561646,143.9,0.0291,0.0079,29.395413481584438,134.47837788435368,-9.42162211564633,873.1997543706138,-0.15878012499822122,Aug 2026,2.9389148469902704,60.042955900892906,130.25953209277083,1.3555548383378415
01,20260813,747.5,call,120.8,162.9,154.1,138.91,883683701,872.49,2026-07-30,0.0291,0.0079,2026-08-13,0.038356164383561646,141.85,0.0291,0.0079,29.679238632358132,132.31907961919924,-9.530920380800751,873.1997543706138,-0.1554300381129392,Aug 2026,2.9389148469902704,60.042955900892906,130.25953209277083,1.3555548383378415
01,20260813,750.0,call,120.3,160.8,,136.92,854609007,872.49,2026-07-30,0.0291,0.0079,2026-08-13,0.038356164383561646,140.55,0.0291,0.0079,28.815368196371406,130.17330354842636,-10.37669645157365,873.1997543706138,-0.15209113684742456,Aug 2026,2.9389148469902704,60.042955900892906,130.25953209277083,1.3555548383378415
01,20260813,752.5,call,117.05,158.7,,134.94,883683711,872.49,2026-07-30,0.0291,0.0079,2026-08-13,0.038356164383561646,137.875,0.0291,0.0079,30.20852221214868,128.04137026664768,-9.833629733352325,873.1997543706138,-0.14876334675474986,Aug 2026,2.9389148469902704,60.042955900892906,130.25953209277083,1.3555548383378415
01,20260813,755.0,call,115.35,156.8,,132.97,854609012,872.49,2026-07-30,0.0291,0.0079,2026-08-13,0.038356164383561646,136.075,0.0291,0.0079,30.461142752158754,125.92359849067753,-10.151401509322454,873.1997543706138,-0.14544659412875605,Aug 2026,2.9389148469902704,60.042955900892906,130.25953209277083,1.3555548383378415
01,20260813,757.5,call,113.35,154.7,,131.02,883683717,872.49,2026-07-30,0.0291,0.0079,2026-08-13,0.038356164383561646,134.02499999999998,0.0291,0.0079,30.85245290057825,123.8203046681547,-10.204695331845272,873.1997543706138,-0.14214080599425652,Aug 2026,2.9389148469902704,60.042955900892906,130.25953209277083,1.3555548383378415
01,20260813,760.0,call,111.5,152.65,,129.08,854609022,872.49,2026-07-30,0.0291,0.0079,2026-08-13,0.038356164383561646,132.075,0.0291,0.0079,31.15653984478517,121.73180258647162,-10.343197413528372,873.1997543706138,-0.13884591009740394,Aug 2026,2.9389148469902704,60.042955900892906,130.25953209277083,1.3555548383378415
01,20260813,762.5,call,109.5,150.55,,127.15,883683727,872.49,2026-07-30,0.0291,0.0079,2026-08-13,0.038356164383561646,130.025,0.0291,0.0079,31.57085175927707,119.65840298293122,-10.366597017068784,873.1997543706138,-0.13556183489621398,Aug 2026,2.9389148469902704,60.042955900892906,130.25953209277083,1.3555548383378415
01,20260813,765.0,call,107.7,148.55,140.1,125.23,854609028,872.49,2026-07-30,0.0291,0.0079,2026-08-13,0.038356164383561646,128.125,0.0291,0.0079,31.8829268292683,117.60041315701304,-10.524586842986963,873.1997543706138,-0.13228850955124483,Aug 2026,2.9389148469902704,60.042955900892906,130.25953209277083,1.3555548383378415
01,20260813,767.5,call,105.9,146.5,,123.45,883683732,872.49,2026-07-30,0.0291,0.0079,2026-08-13,0.038356164383561646,126.2,0.0291,0.0079,32.17115689381933,115.55813658565017,-10.641863414349828,873.1997543706138,-0.12902586391642842,Aug 2026,2.9389148469902704,60.042955900892906,130.25953209277083,1.3555548383378415
01,20260813,770.0,call,104.1,144.5,,121.44,854609038,872.49,2026-07-30,0.0291,0.0079,2026-08-13,0.038356164383561646,124.3,0.0291,0.0079,32.502011263073214,113.53187254239135,-10.768127457608642,873.1997543706138,-0.1257738285300512,Aug 2026,2.9389148469902704,60.042955900892906,130.25953209277083,1.3555548383378415
01,20260813,772.5,call,102.2,142.45,,119.56,883683742,872.49,2026-07-30,0.0291,0.0079,2026-08-13,0.038356164383561646,122.32499999999999,0.0291,0.0079,32.9041487839771,111.52191572131142,-10.803084278688573,873.1997543706138,-0.12253233460588019,Aug 2026,2.9389148469902704,60.042955900892906,130.25953209277083,1.3555548383378415
01,20260813,775.0,call,100.6,140.5,,117.7,854609045,872.49,2026-07-30,0.0291,0.0079,2026-08-13,0.038356164383561646,120.55,0.0291,0.0079,33.09829946080465,109.52855586653803,-11.02144413346197,873.1997543706138,-0.1193013140244337,Aug 2026,2.9389148469902704,60.042955900892906,130.25953209277083,1.3555548383378415
01,20260813,777.5,call,98.7,138.5,166.6,115.85,883683751,872.49,2026-07-30,0.0291,0.0079,2026-08-13,0.038356164383561646,118.6,0.0291,0.0079,33.55817875210792,107.55207740820504,-11.047922591794958,873.1997543706138,-0.11608069932439147,Aug 2026,2.9389148469902704,60.042955900892906,130.25953209277083,1.3555548383378415
01,20260813,780.0,call,97.0,136.55,,114.02,854609055,872.49,2026-07-30,0.0291,0.0079,2026-08-13,0.038356164383561646,116.775,0.0291,0.0079,33.86855063155642,105.59275910566126,-11.182240894338747,873.1997543706138,-0.11287042369414321,Aug 2026,2.9389148469902704,60.042955900892906,130.25953209277083,1.3555548383378415
01,20260813,782.5,call,95.3,134.5,,112.2,883683757,872.49,2026-07-30,0.0291,0.0079,2026-08-13,0.038356164383561646,114.9,0.0291,0.0079,34.11662315056571,103.65087369872056,-11.249126301279446,873.1997543706138,-0.10967042096347246,Aug 2026,2.9389148469902704,60.042955900892906,130.25953209277083,1.3555548383378415
01,20260813,785.0,call,93.75,132.6,,110.39,854609062,872.49,2026-07-30,0.0291,0.0079,2026-08-13,0.038356164383561646,113.175,0.0291,0.0079,34.3273691186216,101.72668756770402,-11.448312432295978,873.1997543706138,-0.10648062559537227,Aug 2026,2.9389148469902704,60.042955900892906,130.25953209277083,1.3555548383378415
01,20260813,787.5,call,91.9,130.7,,108.6,883683766,872.49,2026-07-30,0.0291,0.0079,2026-08-13,0.038356164383561646,111.3,0.0291,0.0079,34.86073674752919,99.8204604030239,-11.479539596976096,873.1997543706138,-0.10330097267799256,Aug 2026,2.9389148469902704,60.042955900892906,130.25953209277083,1.3555548383378415
01,20260813,790.0,call,90.25,128.75,,106.82,854609068,872.49,2026-07-30,0.0291,0.0079,2026-08-13,0.038356164383561646,109.5,0.0291,0.0079,35.15981735159817,97.93244488499771,-11.567555115002293,873.1997543706138,-0.10013139791671348,Aug 2026,2.9389148469902704,60.042955900892906,130.25953209277083,1.3555548383378415
01,20260813,792.5,call,87.25,126.8,,105.06,883683772,872.49,2026-07-30,0.0291,0.0079,2026-08-13,0.038356164383561646,107.025,0.0291,0.0079,36.953982714319075,96.06288637457087,-10.96211362542914,873.1997543706138,-0.09697183762634497,Aug 2026,2.9389148469902704,60.042955900892906,130.25953209277083,1.3555548383378415
01,20260813,795.0,call,85.7,124.95,,103.31,854609079,872.49,2026-07-30,0.0291,0.0079,2026-08-13,0.038356164383561646,105.325,0.0291,0.0079,37.265606456206974,94.21202261557879,-11.112977384421214,873.1997543706138,-0.09382222872344884,Aug 2026,2.9389148469902704,60.042955900892906,130.25953209277083,1.3555548383378415
01,20260813,797.5,call,84.25,123.05,,101.57,883683780,872.49,2026-07-30,0.0291,0.0079,2026-08-13,0.038356164383561646,103.65,0.0291,0.0079,37.43367100820067,92.38008344915596,-11.269916550844044,873.1997543706138,-0.09068250871878107,Aug 2026,2.9389148469902704,60.042955900892906,130.25953209277083,1.3555548383378415
01,20260813,800.0,call,82.65,121.05,103.55,99.86,854609085,872.49,2026-07-30,0.0291,0.0079,2026-08-13,0.038356164383561646,101.85,0.0291,0.0079,37.70250368188512,90.56729054084039,-11.282709459159605,873.1997543706138,-0.0875526157098534,Aug 2026,2.9389148469902704,60.042955900892906,130.25953209277083,1.3555548383378415
01,20260813,802.5,call,80.9,119.25,,98.15,883683790,872.49,2026-07-30,0.0291,0.0079,2026-08-13,0.038356164383561646,100.075,0.0291,0.0079,38.32125905570821,88.77385712090476,-11.301142879095238,873.1997543706138,-0.08443248837360974,Aug 2026,2.9389148469902704,60.042955900892906,130.25953209277083,1.3555548383378415
01,20260813,805.0,call,79.35,117.45,,96.46,854609093,872.49,2026-07-30,0.0291,0.0079,2026-08-13,0.038356164383561646,98.4,0.0291,0.0079,38.71951219512196,86.9999877384044,-11.400012261595606,873.1997543706138,-0.08132206595921727,Aug 2026,2.9389148469902704,60.042955900892906,130.25953209277083,1.3555548383378415
01,20260813,807.5,call,77.8,115.45,,94.79,883683797,872.49,2026-07-30,0.0291,0.0079,2026-08-13,0.038356164383561646,96.625,0.0291,0.0079,38.96507115135835,85.24587802935952,-11.379121970640483,873.1997543706138,-0.07822128828096914,Aug 2026,2.9389148469902704,60.042955900892906,130.25953209277083,1.3555548383378415
01,20260813,810.0,call,76.3,113.65,,93.13,854609103,872.49,2026-07-30,0.0291,0.0079,2026-08-13,0.038356164383561646,94.975,0.0291,0.0079,39.326138457488824,83.5117144994983,-11.463285500501698,873.1997543706138,-0.07513009571129627,Aug 2026,2.9389148469902704,60.042955900892906,130.25953209277083,1.3555548383378415
01,20260813,812.5,call,74.6,111.8,95.4,91.49,883683807,872.49,2026-07-30,0.0291,0.0079,2026-08-13,0.038356164383561646,93.19999999999999,0.0291,0.0079,39.91416309012877,81.79767432189888,-11.402325678101107,873.1997543706138,-0.07204842917388814,Aug 2026,2.9389148469902704,60.042955900892906,130.25953209277083,1.3555548383378415
01,20260813,815.0,call,73.15,109.95,,89.87,854609108,872.49,2026-07-30,0.0291,0.0079,2026-08-13,0.038356164383561646,91.55000000000001,0.0291,0.0079,40.19661387220097,80.10392514985101,-11.446074850149003,873.1997543706138,-0.06897623013691796,Aug 2026,2.9389148469902704,60.042955900892906,130.25953209277083,1.3555548383378415
01,20260813,817.5,call,71.7,108.25,,88.26,883683814,872.49,2026-07-30,0.0291,0.0079,2026-08-13,0.038356164383561646,89.975,0.0291,0.0079,40.62239510975271,78.43062494520511,-11.544375054794884,873.1997543706138,-0.06591344060637219,Aug 2026,2.9389148469902704,60.042955900892906,130.25953209277083,1.3555548383378415
01,20260813,820.0,call,70.2,106.65,,86.67,854609118,872.49,2026-07-30,0.0291,0.0079,2026-08-13,0.038356164383561646,88.42500000000001,0.0291,0.0079,41.221374045801525,76.77792182243482,-11.647078177565191,873.1997543706138,-0.06286000311948195,Aug 2026,2.9389148469902704,60.042955900892906,130.25953209277083,1.3555548383378415
01,20260813,822.5,call,68.75,104.85,,85.09,883683820,872.49,2026-07-30,0.0291,0.0079,2026-08-13,0.038356164383561646,86.8,0.0291,0.0079,41.58986175115207,75.14595390859911,-11.654046091400886,873.1997543706138,-0.05981586073825376,Aug 2026,2.9389148469902704,60.042955900892906,130.25953209277083,1.3555548383378415
01,20260813,825.0,call,67.35,103.15,,83.53,854609127,872.49,2026-07-30,0.0291,0.0079,2026-08-13,0.038356164383561646,85.25,0.0291,0.0079,41.994134897360716,73.53484921933762,-11.715150780662384,873.1997543706138,-0.05678095704309971,Aug 2026,2.9389148469902704,60.042955900892906,130.25953209277083,1.3555548383378415
01,20260813,827.5,call,65.95,101.4,,81.98,883683831,872.49,2026-07-30,0.0291,0.0079,2026-08-13,0.038356164383561646,83.67500000000001,0.0291,0.0079,42.366298177472366,71.9447255509965,-11.730274449003517,873.1997543706138,-0.0537552361265627,Aug 2026,2.9389148469902704,60.042955900892906,130.25953209277083,1.3555548383378415
01,20260813,830.0,call,64.6,99.65,,80.45,854609133,872.49,2026-07-30,0.0291,0.0079,2026-08-13,0.038356164383561646,82.125,0.0291,0.0079,42.678843226788445,70.37569038894394,-11.749309611056063,873.1997543706138,-0.05073864258713704,Aug 2026,2.9389148469902704,60.042955900892906,130.25953209277083,1.3555548383378415
01,20260813,832.5,call,63.2,98.1,,78.94,883683837,872.49,2026-07-30,0.0291,0.0079,2026-08-13,0.038356164383561646,80.65,0.0291,0.0079,43.27340359578424,68.82784083207589,-11.822159167924113,873.1997543706138,-0.047731121523181846,Aug 2026,2.9389148469902704,60.042955900892906,130.25953209277083,1.3555548383378415
01,20260813,835.0,call,62.05,96.3,,77.45,854609142,872.49,2026-07-30,0.0291,0.0079,2026-08-13,0.038356164383561646,79.175,0.0291,0.0079,43.25860435743606,67.30126353349404,-11.87373646650596,873.1997543706138,-0.044732618526925234,Aug 2026,2.9389148469902704,60.042955900892906,130.25953209277083,1.3555548383378415
01,20260813,840.0,call,59.4,91.8,,74.51,854609148,872.49,2026-07-30,0.0291,0.0079,2026-08-13,0.038356164383561646,75.6,0.0291,0.0079,42.85714285714286,64.312219851227,-11.287780148772995,873.1997543706138,-0.03876245154042137,Aug 2026,2.9389148469902704,60.042955900892906,130.25953209277083,1.3555548383378415
01,20260813,842.5,call,58.05,88.75,76.15,73.07,883683854,872.49,2026-07-30,0.0291,0.0079,2026-08-13,0.038356164383561646,73.4,0.0291,0.0079,41.82561307901908,62.84987423548908,-10.550125764510923,873.1997543706138,-0.03579068115126386,Aug 2026,2.9389148469902704,60.042955900892906,130.25953209277083,1.3555548383378415
01,20260813,845.0,call,57.3,89.65,,71.65,854609159,872.49,2026-07-30,0.0291,0.0079,2026-08-13,0.038356164383561646,73.475,0.0291,0.0079,44.02858115005105,61.4090424067749,-12.065957593225093,873.1997543706138,-0.0328277160206069,Aug 2026,2.9389148469902704,60.042955900892906,130.25953209277083,1.3555548383378415
01,20260813,847.5,call,56.5,88.0,79.2,70.24,883683861,872.49,2026-07-30,0.0291,0.0079,2026-08-13,0.038356164383561646,72.25,0.0291,0.0079,43.59861591695502,59.98975845805613,-12.26024154194387,873.1997543706138,-0.029873504123175396,Aug 2026,2.9389148469902704,60.042955900892906,130.25953209277083,1.3555548383378415
01,20260813,850.0,call,60.0,84.25,75.0,68.86,854609165,872.49,2026-07-30,0.0291,0.0079,2026-08-13,0.038356164383561646,72.125,0.0291,0.0079,33.62218370883882,58.59204601342037,-13.532953986579628,873.1997543706138,-0.02692799389341856,Aug 2026,2.9389148469902704,60.042955900892906,130.25953209277083,1.3555548383378415
01,20260813,852.5,call,55.85,89.15,76.15,67.49,883683871,872.49,2026-07-30,0.0291,0.0079,2026-08-13,0.038356164383561646,72.5,0.0291,0.0079,45.931034482758626,57.21591827782214,-15.28408172217786,873.1997543706138,-0.02399113422010882,Aug 2026,2.9389148469902704,60.042955900892906,130.25953209277083,1.3555548383378415
01,20260813,855.0,call,55.75,86.65,74.75,66.15,854609174,872.49,2026-07-30,0.0291,0.0079,2026-08-13,0.038356164383561646,71.2,0.0291,0.0079,43.39887640449439,55.861378101401094,-15.338621898598909,873.1997543706138,-0.021062874441020434,Aug 2026,2.9389148469902704,60.042955900892906,130.25953209277083,1.3555548383378415
01,20260813,857.5,call,53.5,86.6,,64.82,883683878,872.49,2026-07-30,0.0291,0.0079,2026-08-13,0.038356164383561646,70.05,0.0291,0.0079,47.25196288365453,54.52841805802411,-15.521581941975889,873.1997543706138,-0.018143164337685765,Aug 2026,2.9389148469902704,60.042955900892906,130.25953209277083,1.3555548383378415
01,20260813,860.0,call,55.75,78.45,67.3,63.51,854609180,872.49,2026-07-30,0.0291,0.0079,2026-08-13,0.038356164383561646,67.1,0.0291,0.0079,33.83010432190761,53.21702053767828,-13.882979462321714,873.1997543706138,-0.015231954130227305,Aug 2026,2.9389148469902704,60.042955900892906,130.25953209277083,1.3555548383378415
01,20260813,862.5,call,53.45,77.1,,62.22,883683884,872.49,2026-07-30,0.0291,0.0079,2026-08-13,0.038356164383561646,65.275,0.0291,0.0079,36.23132899272308,51.927157852305186,-13.34784214769482,873.1997543706138,-0.012329194472265877,Aug 2026,2.9389148469902704,60.042955900892906,130.25953209277083,1.3555548383378415
01,20260813,865.0,call,51.0,80.75,65.65,60.96,854609189,872.49,2026-07-30,0.0291,0.0079,2026-08-13,0.038356164383561646,65.875,0.0291,0.0079,45.16129032258065,50.658792354653556,-15.216207645346444,873.1997543706138,-0.009434836445901356,Aug 2026,2.9389148469902704,60.042955900892906,130.25953209277083,1.3555548383378415
01,20260813,867.5,call,51.6,74.3,63.6,59.71,883683895,872.49,2026-07-30,0.0291,0.0079,2026-08-13,0.038356164383561646,62.95,0.0291,0.0079,36.06036536934074,49.41187656970465,-13.53812343029535,873.1997543706138,-0.0065488315567663975,Aug 2026,2.9389148469902704,60.042955900892906,130.25953209277083,1.3555548383378415
01,20260813,870.0,call,50.75,72.35,62.0,58.8,854609199,872.49,2026-07-30,0.0291,0.0079,2026-08-13,0.038356164383561646,61.55,0.0291,0.0079,35.09341998375304,48.186353338195694,-13.363646661804303,873.1997543706138,-0.0036711317291513424,Aug 2026,2.9389148469902704,60.042955900892906,130.25953209277083,1.3555548383378415
01,20260813,872.5,call,49.75,79.05,,57.28,883683901,872.49,2026-07-30,0.0291,0.0079,2026-08-13,0.038356164383561646,64.4,0.0291,0.0079,45.49689440993788,46.98215597175816,-17.417844028241845,873.1997543706138,-0.0008016893011984945,Aug 2026,2.9389148469902704,60.042955900892906,130.25953209277083,1.3555548383378415
01,20260813,875.0,call,58.5,65.55,58.5,56.35,854609204,872.49,2026-07-30,0.0291,0.0079,2026-08-13,0.038356164383561646,62.025,0.0291,0.0079,11.366384522370009,45.79920841916147,-16.225791580838532,873.1997543706138,0.0020595429798338388,Aug 2026,2.9389148469902704,60.042955900892906,130.25953209277083,1.3555548383378415
01,20260813,877.5,call,46.3,72.5,64.15,54.92,883683909,872.49,2026-07-30,0.0291,0.0079,2026-08-13,0.038356164383561646,59.4,0.0291,0.0079,44.10774410774412,44.63742544314836,-14.76257455685164,873.1997543706138,0.004912611962240196,Aug 2026,2.9389148469902704,60.042955900892906,130.25953209277083,1.3555548383378415
01,20260813,880.0,call,55.2,63.9,56.05,53.95,854609214,872.49,2026-07-30,0.0291,0.0079,2026-08-13,0.038356164383561646,59.55,0.0291,0.0079,14.609571788413092,43.49671280732348,-16.053287192676514,873.1997543706138,0.007757564094471389,Aug 2026,2.9389148469902704,60.042955900892906,130.25953209277083,1.3555548383378415
01,20260813,882.5,call,44.55,69.45,,52.64,883683919,872.49,2026-07-30,0.0291,0.0079,2026-08-13,0.038356164383561646,57.0,0.0291,0.0079,43.684210526315795,42.37696747255315,-14.623032527446853,873.1997543706138,0.010594445429671197,Aug 2026,2.9389148469902704,60.042955900892906,130.25953209277083,1.3555548383378415
01,20260813,885.0,call,54.0,63.45,54.05,51.65,854609222,872.49,2026-07-30,0.0291,0.0079,2026-08-13,0.038356164383561646,58.725,0.0291,0.0079,16.09195402298851,41.278077802326315,-17.446922197673686,873.1997543706138,0.013423301630148793,Aug 2026,2.9389148469902704,60.042955900892906,130.25953209277083,1.3555548383378415
01,20260813,887.5,call,42.85,68.65,59.05,50.39,883683924,872.49,2026-07-30,0.0291,0.0079,2026-08-13,0.038356164383561646,55.75,0.0291,0.0079,46.278026905829606,40.19992377650952,-15.550076223490478,873.1997543706138,0.01624417797179027,Aug 2026,2.9389148469902704,60.042955900892906,130.25953209277083,1.3555548383378415
01,20260813,890.0,call,52.75,55.2,50.85,49.25,854609228,872.49,2026-07-30,0.0291,0.0079,2026-08-13,0.038356164383561646,53.975,0.0291,0.0079,4.539138490041691,39.142377212935216,-14.832622787064786,873.1997543706138,0.01905711934840484,Aug 2026,2.9389148469902704,60.042955900892906,130.25953209277083,1.3555548383378415
01,20260813,895.0,call,50.65,58.4,56.9,47.15,854609239,872.49,2026-07-30,0.0291,0.0079,2026-08-13,0.038356164383561646,54.525,0.0291,0.0079,14.213663457129757,37.08855431344085,-17.436445686559146,873.1997543706138,0.024659374897074732,Aug 2026,2.9389148469902704,60.042955900892906,130.25953209277083,1.3555548383378415
01,20260813,897.5,call,38.8,61.2,49.5,45.87,883683943,872.49,2026-07-30,0.0291,0.0079,2026-08-13,0.038356164383561646,50.0,0.0291,0.0079,44.80000000000001,36.09198289549969,-13.90801710450031,873.1997543706138,0.027448776984653214,Aug 2026,2.9389148469902704,60.042955900892906,130.25953209277083,1.3555548383378415
01,20260813,900.0,call,47.75,50.7,47.7,45.05,854609245,872.49,2026-07-30,0.0291,0.0079,2026-08-13,0.038356164383561646,49.225,0.0291,0.0079,5.992889791772479,35.11542926459446,-14.10957073540554,873.1997543706138,0.030230419946530154,Aug 2026,2.9389148469902704,60.042955900892906,130.25953209277083,1.3555548383378415
01,20260813,902.5,call,37.35,58.5,48.35,43.78,883683949,872.49,2026-07-30,0.0291,0.0079,2026-08-13,0.038356164383561646,47.925,0.0291,0.0079,44.13145539906103,34.15872798623544,-13.766272013764556,873.1997543706138,0.0330043468292553,Aug 2026,2.9389148469902704,60.042955900892906,130.25953209277083,1.3555548383378415
01,20260813,905.0,call,44.95,54.0,45.9,43.0,854609252,872.49,2026-07-30,0.0291,0.0079,2026-08-13,0.038356164383561646,49.475,0.0291,0.0079,18.292066700353708,33.22170692583454,-16.253293074165462,873.1997543706138,0.03577060032214535,Aug 2026,2.9389148469902704,60.042955900892906,130.25953209277083,1.3555548383378415
01,20260813,907.5,call,35.35,46.75,46.45,41.81,883683958,872.49,2026-07-30,0.0291,0.0079,2026-08-13,0.038356164383561646,41.05,0.0291,0.0079,27.771010962241167,32.30418750911076,-8.745812490889236,873.1997543706138,0.0385292227612252,Aug 2026,2.9389148469902704,60.042955900892906,130.25953209277083,1.3555548383378415
01,20260813,910.0,call,43.3,50.95,44.5,41.05,854609262,872.49,2026-07-30,0.0291,0.0079,2026-08-13,0.038356164383561646,47.125,0.0291,0.0079,16.23342175066314,31.40598498578047,-15.71901501421953,873.1997543706138,0.041280256133115,Aug 2026,2.9389148469902704,60.042955900892906,130.25953209277083,1.3555548383378415
01,20260813,912.5,call,33.3,53.9,47.95,39.93,883683964,872.49,2026-07-30,0.0291,0.0079,2026-08-13,0.038356164383561646,43.599999999999994,0.0291,0.0079,47.247706422018354,30.526908695991406,-13.073091304008589,873.1997543706138,0.04402374207886597,Aug 2026,2.9389148469902704,60.042955900892906,130.25953209277083,1.3555548383378415
01,20260813,915.0,call,40.1,44.25,47.9,39.15,854609269,872.49,2026-07-30,0.0291,0.0079,2026-08-13,0.038356164383561646,42.175,0.0291,0.0079,9.839952578541789,29.666762338960538,-12.508237661039459,873.1997543706138,0.04675972189774063,Aug 2026,2.9389148469902704,60.042955900892906,130.25953209277083,1.3555548383378415
01,20260813,920.0,call,40.45,44.35,44.0,37.3,854609279,872.49,2026-07-30,0.0291,0.0079,2026-08-13,0.038356164383561646,42.400000000000006,0.0291,0.0079,9.198113207547166,28.002447638434564,-14.397552361565442,873.1997543706138,0.05220932666530535,Aug 2026,2.9389148469902704,60.042955900892906,130.25953209277083,1.3555548383378415
01,20260813,925.0,call,38.5,43.85,44.9,35.48,854609285,872.49,2026-07-30,0.0291,0.0079,2026-08-13,0.038356164383561646,41.175,0.0291,0.0079,12.993321190042504,26.41136795631108,-14.763632043688919,873.1997543706138,0.057629394134644595,Aug 2026,2.9389148469902704,60.042955900892906,130.25953209277083,1.3555548383378415
01,20260813,930.0,call,36.8,39.5,41.9,33.81,854609295,872.49,2026-07-30,0.0291,0.0079,2026-08-13,0.038356164383561646,38.15,0.0291,0.0079,7.077326343381397,24.891777487053684,-13.258222512946315,873.1997543706138,0.06302024276952085,Aug 2026,2.9389148469902704,60.042955900892906,130.25953209277083,1.3555548383378415
01,20260813,935.0,call,35.1,36.35,36.6,32.2,854609300,872.49,2026-07-30,0.0291,0.0079,2026-08-13,0.038356164383561646,35.725,0.0291,0.0079,3.498950314905528,23.44186623187194,-12.28313376812806,873.1997543706138,0.06838218591090627,Aug 2026,2.9389148469902704,60.042955900892906,130.25953209277083,1.3555548383378415
01,20260813,940.0,call,32.05,38.25,34.8,30.65,856730741,872.49,2026-07-30,0.0291,0.0079,2026-08-13,0.038356164383561646,35.15,0.0291,0.0079,17.638691322901856,22.059768606289303,-13.090231393710695,873.1997543706138,0.07371553188626889,Aug 2026,2.9389148469902704,60.042955900892906,130.25953209277083,1.3555548383378415
01,20260813,945.0,call,30.9,36.65,43.0,29.18,856730751,872.49,2026-07-30,0.0291,0.0079,2026-08-13,0.038356164383561646,33.775,0.0291,0.0079,17.024426350851222,20.7435719171255,-13.031428082874498,873.1997543706138,0.0790205841159621,Aug 2026,2.9389148469902704,60.042955900892906,130.25953209277083,1.3555548383378415
01,20260813,950.0,call,29.7,31.6,29.0,27.76,856730757,872.49,2026-07-30,0.0291,0.0079,2026-08-13,0.038356164383561646,30.65,0.0291,0.0079,6.199021207177822,19.491324659548994,-11.158675340451005,873.1997543706138,0.08429764121680591,Aug 2026,2.9389148469902704,60.042955900892906,130.25953209277083,1.3555548383378415
01,20260813,955.0,call,28.7,30.1,34.4,26.39,856730767,872.49,2026-07-30,0.0291,0.0079,2026-08-13,0.038356164383561646,29.4,0.0291,0.0079,4.76190476190477,18.301044589435353,-11.098955410564646,873.1997543706138,0.08954699710294947,Aug 2026,2.9389148469902704,60.042955900892906,130.25953209277083,1.3555548383378415
01,20260813,960.0,call,26.65,29.7,29.8,25.09,856730772,872.49,2026-07-30,0.0291,0.0079,2026-08-13,0.038356164383561646,28.174999999999997,0.0291,0.0079,10.825199645075424,17.170726531012853,-11.004273468987144,873.1997543706138,0.0947689410841012,Aug 2026,2.9389148469902704,60.042955900892906,130.25953209277083,1.3555548383378415
01,20260813,965.0,call,25.25,27.85,29.4,23.84,857622515,872.49,2026-07-30,0.0291,0.0079,2026-08-13,0.038356164383561646,26.55,0.0291,0.0079,9.79284369114878,16.098349884534603,-10.451650115465398,873.1997543706138,0.09996375796120524,Aug 2026,2.9389148469902704,60.042955900892906,130.25953209277083,1.3555548383378415
01,20260813,970.0,call,23.85,26.0,25.2,22.63,857622521,872.49,2026-07-30,0.0291,0.0079,2026-08-13,0.038356164383561646,24.925,0.0291,0.0079,8.62587763289869,15.081885803516629,-9.843114196483372,873.1997543706138,0.10513172811964785,Aug 2026,2.9389148469902704,60.042955900892906,130.25953209277083,1.3555548383378415
01,20260813,975.0,call,23.45,25.2,29.25,21.48,857622531,872.49,2026-07-30,0.0291,0.0079,2026-08-13,0.038356164383561646,24.325,0.0291,0.0079,7.194244604316547,14.119304015793505,-10.205695984206494,873.1997543706138,0.11027312762006657,Aug 2026,2.9389148469902704,60.042955900892906,130.25953209277083,1.3555548383378415
01,20260813,980.0,call,21.75,24.05,23.3,20.38,857622537,872.49,2026-07-30,0.0291,0.0079,2026-08-13,0.038356164383561646,22.9,0.0291,0.0079,10.043668122270745,13.208579267265977,-9.691420732734022,873.1997543706138,0.11538822828683683,Aug 2026,2.9389148469902704,60.042955900892906,130.25953209277083,1.3555548383378415
01,20260813,985.0,call,20.65,23.15,19.15,19.34,857818155,872.49,2026-07-30,0.0291,0.0079,2026-08-13,0.038356164383561646,21.9,0.0291,0.0079,11.415525114155251,12.347697371688819,-9.55230262831118,873.1997543706138,0.12047729779430814,Aug 2026,2.9389148469902704,60.042955900892906,130.25953209277083,1.3555548383378415
01,20260813,990.0,call,19.2,21.7,19.85,18.33,858198774,872.49,2026-07-30,0.0291,0.0079,2026-08-13,0.038356164383561646,20.45,0.0291,0.0079,12.224938875305623,11.53466085413017,-8.91533914586983,873.1997543706138,0.1255405997508549,Aug 2026,2.9389148469902704,60.042955900892906,130.25953209277083,1.3555548383378415
01,20260813,995.0,call,18.4,20.25,18.65,17.37,858198780,872.49,2026-07-30,0.0291,0.0079,2026-08-13,0.038356164383561646,19.325,0.0291,0.0079,9.573091849935325,10.767494179800337,-8.557505820199662,873.1997543706138,0.13057839378081212,Aug 2026,2.9389148469902704,60.042955900892906,130.25953209277083,1.3555548383378415
01,20260813,1000.0,call,18.1,19.4,17.8,16.45,858198791,872.49,2026-07-30,0.0291,0.0079,2026-08-13,0.038356164383561646,18.75,0.0291,0.0079,6.9333333333333185,10.044248563775275,-8.705751436224725,873.1997543706138,0.13559093560435642,Aug 2026,2.9389148469902704,60.042955900892906,130.25953209277083,1.3555548383378415
01,20260813,1005.0,call,16.2,18.25,26.6,15.57,858198797,872.49,2026-07-30,0.0291,0.0079,2026-08-13,0.038356164383561646,17.225,0.0291,0.0079,11.901306240928884,9.363006360694135,-7.861993639305867,873.1997543706138,0.14057847711539534,Aug 2026,2.9389148469902704,60.042955900892906,130.25953209277083,1.3555548383378415
01,20260813,1010.0,call,16.35,17.75,15.25,14.71,858535285,872.49,2026-07-30,0.0291,0.0079,2026-08-13,0.038356164383561646,17.05,0.0291,0.0079,8.211143695014654,8.721885036795578,-8.328114963204422,873.1997543706138,0.1455412664575244,Aug 2026,2.9389148469902704,60.042955900892906,130.25953209277083,1.3555548383378415
01,20260813,1012.5,call,15.05,21.1,16.65,14.3,883684126,872.49,2026-07-30,0.0291,0.0079,2026-08-13,0.038356164383561646,18.075000000000003,0.0291,0.0079,33.4716459197787,8.415791897924953,-9.65920810207505,873.1997543706138,0.1480134556029136,Aug 2026,2.9389148469902704,60.042955900892906,130.25953209277083,1.3555548383378415
01,20260813,1015.0,call,15.5,16.35,17.65,13.9,858535295,872.49,2026-07-30,0.0291,0.0079,2026-08-13,0.038356164383561646,15.925,0.0291,0.0079,5.337519623233917,8.119040729634573,-7.8059592703654275,873.1997543706138,0.150479548098107,Aug 2026,2.9389148469902704,60.042955900892906,130.25953209277083,1.3555548383378415
01,20260813,1020.0,call,14.55,15.7,15.2,13.18,858535301,872.49,2026-07-30,0.0291,0.0079,2026-08-13,0.038356164383561646,15.125,0.0291,0.0079,7.603305785123958,7.552671403526215,-7.572328596473785,873.1997543706138,0.1553935629005361,Aug 2026,2.9389148469902704,60.042955900892906,130.25953209277083,1.3555548383378415
01,20260813,1025.0,call,13.15,14.7,15.25,12.42,858535311,872.49,2026-07-30,0.0291,0.0079,2026-08-13,0.038356164383561646,13.925,0.0291,0.0079,11.131059245960493,7.0210196111424255,-6.903980388857575,873.1997543706138,0.16028354819472793,Aug 2026,2.9389148469902704,60.042955900892906,130.25953209277083,1.3555548383378415
01,20260813,1027.5,call,11.5,16.35,15.1,12.07,883684150,872.49,2026-07-30,0.0291,0.0079,2026-08-13,0.038356164383561646,13.925,0.0291,0.0079,34.82944344703771,6.767676373302021,-7.15732362669798,873.1997543706138,0.16271960299260899,Aug 2026,2.9389148469902704,60.042955900892906,130.25953209277083,1.3555548383378415
01,20260813,1030.0,call,12.35,13.9,13.3,11.73,859077630,872.49,2026-07-30,0.0291,0.0079,2026-08-13,0.038356164383561646,13.125,0.0291,0.0079,11.809523809523814,6.522374873791695,-6.602625126208305,873.1997543706138,0.16514973784590067,Aug 2026,2.9389148469902704,60.042955900892906,130.25953209277083,1.3555548383378415
01,20260813,1032.5,call,10.9,17.05,14.3,11.4,883684156,872.49,2026-07-30,0.0291,0.0079,2026-08-13,0.038356164383561646,13.975000000000001,0.0291,0.0079,44.00715563506261,6.284908971882517,-7.690091028117484,873.1997543706138,0.16757398145740715,Aug 2026,2.9389148469902704,60.042955900892906,130.25953209277083,1.3555548383378415
01,20260813,1035.0,call,11.95,13.15,13.35,11.08,859077638,872.49,2026-07-30,0.0291,0.0079,2026-08-13,0.038356164383561646,12.55,0.0291,0.0079,9.561752988047818,6.055075694711212,-6.494924305288789,873.1997543706138,0.1699923623216887,Aug 2026,2.9389148469902704,60.042955900892906,130.25953209277083,1.3555548383378415
01,20260813,1037.5,call,10.35,15.75,13.95,10.77,883684164,872.49,2026-07-30,0.0291,0.0079,2026-08-13,0.038356164383561646,13.05,0.0291,0.0079,41.37931034482759,5.83267528125562,-7.217324718744381,873.1997543706138,0.17240490872707273,Aug 2026,2.9389148469902704,60.042955900892906,130.25953209277083,1.3555548383378415
01,20260813,1040.0,call,11.75,12.75,12.0,10.46,859077644,872.49,2026-07-30,0.0291,0.0079,2026-08-13,0.038356164383561646,12.25,0.0291,0.0079,8.16326530612245,5.617511221225609,-6.632488778774391,873.1997543706138,0.17481164875763766,Aug 2026,2.9389148469902704,60.042955900892906,130.25953209277083,1.3555548383378415
01,20260813,1042.5,call,9.83,13.6,12.45,10.17,883684174,872.49,2026-07-30,0.0291,0.0079,2026-08-13,0.038356164383561646,11.715,0.0291,0.0079,32.18096457533077,5.40939028901726,-6.30560971098274,873.1997543706138,0.17721261029517574,Aug 2026,2.9389148469902704,60.042955900892906,130.25953209277083,1.3555548383378415
01,20260813,1045.0,call,10.5,11.8,11.95,9.88,859077656,872.49,2026-07-30,0.0291,0.0079,2026-08-13,0.038356164383561646,11.15,0.0291,0.0079,11.659192825112113,5.20812257287293,-5.9418774271270705,873.1997543706138,0.1796078210211307,Aug 2026,2.9389148469902704,60.042955900892906,130.25953209277083,1.3555548383378415
01,20260910,845.0,call,91.45,124.0,,102.36,849518684,872.49,2026-07-30,0.0291,0.0079,2026-09-10,0.11506849315068493,107.725,0.0291,0.0079,30.215827338129493,94.95058827442448,-12.774411725575519,874.620995697421,-0.034454017390469875,Sep 2026,2.9389148469902704,60.042955900892906,130.25953209277083,1.3555548383378415
01,20260910,847.5,call,90.5,122.5,,101.07,891559599,872.49,2026-07-30,0.0291,0.0079,2026-09-10,0.11506849315068493,106.5,0.0291,0.0079,30.046948356807512,93.6760069633289,-12.823993036671098,874.620995697421,-0.03149980549303841,Sep 2026,2.9389148469902704,60.042955900892906,130.25953209277083,1.3555548383378415
01,20260910,850.0,call,88.25,128.9,,99.8,850147046,872.49,2026-07-30,0.0291,0.0079,2026-09-10,0.11506849315068493,108.575,0.0291,0.0079,37.4395579092793,92.41402382375294,-16.16097617624706,874.620995697421,-0.028554295263281612,Sep 2026,2.9389148469902704,60.042955900892906,130.25953209277083,1.3555548383378415
01,20260910,852.5,call,87.0,119.0,,98.54,891559604,872.49,2026-07-30,0.0291,0.0079,2026-09-10,0.11506849315068493,103.0,0.0291,0.0079,31.067961165048544,91.16460548405124,-11.835394515948764,874.620995697421,-0.02561743558997191,Sep 2026,2.9389148469902704,60.042955900892906,130.25953209277083,1.3555548383378415
01,20260910,855.0,call,85.85,117.3,,97.29,850147052,872.49,2026-07-30,0.0291,0.0079,2026-09-10,0.11506849315068493,101.57499999999999,0.0291,0.0079,30.962343096234317,89.92771675789986,-11.64728324210013,874.620995697421,-0.02268917581088356,Sep 2026,2.9389148469902704,60.042955900892906,130.25953209277083,1.3555548383378415
01,20260910,857.5,call,84.65,116.3,,96.05,891559614,872.49,2026-07-30,0.0291,0.0079,2026-09-10,0.11506849315068493,100.475,0.0291,0.0079,31.500373227170932,88.70332067648117,-11.771679323518825,874.620995697421,-0.01976946570754881,Sep 2026,2.9389148469902704,60.042955900892906,130.25953209277083,1.3555548383378415
01,20260910,860.0,call,83.45,114.55,,94.82,850147063,872.49,2026-07-30,0.0291,0.0079,2026-09-10,0.11506849315068493,99.0,0.0291,0.0079,31.414141414141408,87.4913785210617,-11.508621478938295,874.620995697421,-0.01685825550009039,Sep 2026,2.9389148469902704,60.042955900892906,130.25953209277083,1.3555548383378415
01,20260910,862.5,call,82.3,113.2,,93.61,891559622,872.49,2026-07-30,0.0291,0.0079,2026-09-10,0.11506849315068493,97.75,0.0291,0.0079,31.61125319693095,86.29184985594111,-11.45815014405889,874.620995697421,-0.013955495842128995,Sep 2026,2.9389148469902704,60.042955900892906,130.25953209277083,1.3555548383378415
01,20260910,865.0,call,81.15,111.85,,92.4,850147069,872.49,2026-07-30,0.0291,0.0079,2026-09-10,0.11506849315068493,96.5,0.0291,0.0079,31.813471502590666,85.10469256173198,-11.39530743826802,874.620995697421,-0.011061137815764397,Sep 2026,2.9389148469902704,60.042955900892906,130.25953209277083,1.3555548383378415
01,20260910,867.5,call,74.4,111.45,,91.21,891559628,872.49,2026-07-30,0.0291,0.0079,2026-09-10,0.11506849315068493,92.92500000000001,0.0291,0.0079,39.87086359967715,83.92986286895476,-8.995137131045254,874.620995697421,-0.008175132926629474,Sep 2026,2.9389148469902704,60.042955900892906,130.25953209277083,1.3555548383378415
01,20260910,870.0,call,78.9,109.55,,90.03,850409498,872.49,2026-07-30,0.0291,0.0079,2026-09-10,0.11506849315068493,94.225,0.0291,0.0079,32.52852215441761,82.76731539190658,-11.457684608093416,874.620995697421,-0.005297433099014343,Sep 2026,2.9389148469902704,60.042955900892906,130.25953209277083,1.3555548383378415
01,20260910,872.5,call,78.2,108.25,,88.86,891559639,872.49,2026-07-30,0.0291,0.0079,2026-09-10,0.11506849315068493,93.225,0.0291,0.0079,32.23384285331188,81.6170031627842,-11.607996837215794,874.620995697421,-0.002427990671061531,Sep 2026,2.9389148469902704,60.042955900892906,130.25953209277083,1.3555548383378415
01,20260910,875.0,call,76.65,106.95,,87.7,850409507,872.49,2026-07-30,0.0291,0.0079,2026-09-10,0.11506849315068493,91.80000000000001,0.0291,0.0079,33.00653594771241,80.47887766602436,-11.321122333975651,874.620995697421,0.00043324160997065624,Sep 2026,2.9389148469902704,60.042955900892906,130.25953209277083,1.3555548383378415
01,20260910,877.5,call,75.8,105.65,95.0,86.55,891559645,872.49,2026-07-30,0.0291,0.0079,2026-09-10,0.11506849315068493,90.725,0.0291,0.0079,32.901625792229275,79.3528888728481,-11.372111127151896,874.620995697421,0.0032863105923772,Sep 2026,2.9389148469902704,60.042955900892906,130.25953209277083,1.3555548383378415
01,20260910,880.0,call,74.5,104.35,,85.41,850409513,872.49,2026-07-30,0.0291,0.0079,2026-09-10,0.11506849315068493,89.425,0.0291,0.0079,33.37992731339111,78.23898527596452,-11.186014724035473,874.620995697421,0.006131262724608357,Sep 2026,2.9389148469902704,60.042955900892906,130.25953209277083,1.3555548383378415
01,20260910,882.5,call,73.45,102.7,,84.29,891559652,872.49,2026-07-30,0.0291,0.0079,2026-09-10,0.11506849315068493,88.075,0.0291,0.0079,33.21033210332103,77.13711392442244,-10.937886075577566,874.620995697421,0.00896814405980813,Sep 2026,2.9389148469902704,60.042955900892906,130.25953209277083,1.3555548383378415
01,20260910,885.0,call,72.8,102.85,,83.17,850881816,872.49,2026-07-30,0.0291,0.0079,2026-09-10,0.11506849315068493,87.82499999999999,0.0291,0.0079,34.21576999715343,76.0472204585743,-11.777779541425687,874.620995697421,0.01179700026028569,Sep 2026,2.9389148469902704,60.042955900892906,130.25953209277083,1.3555548383378415
01,20260910,887.5,call,70.95,100.55,,82.07,891559662,872.49,2026-07-30,0.0291,0.0079,2026-09-10,0.11506849315068493,85.75,0.0291,0.0079,34.51895043731778,74.96924914513454,-10.78075085486546,874.620995697421,0.014617876601927132,Sep 2026,2.9389148469902704,60.042955900892906,130.25953209277083,1.3555548383378415
01,20260910,890.0,call,70.3,100.35,,80.98,851486583,872.49,2026-07-30,0.0291,0.0079,2026-09-10,0.11506849315068493,85.32499999999999,0.0291,0.0079,35.21828303545268,73.90314291230015,-11.421857087699834,874.620995697421,0.017430817978541673,Sep 2026,2.9389148469902704,60.042955900892906,130.25953209277083,1.3555548383378415
01,20260910,892.5,call,65.0,105.6,,79.9,891559669,872.49,2026-07-30,0.0291,0.0079,2026-09-10,0.11506849315068493,85.3,0.0291,0.0079,47.59671746776084,72.84884338491567,-12.45115661508433,874.620995697421,0.020235868906150388,Sep 2026,2.9389148469902704,60.042955900892906,130.25953209277083,1.3555548383378415
01,20260910,895.0,call,64.45,104.35,,78.82,851927369,872.49,2026-07-30,0.0291,0.0079,2026-09-10,0.11506849315068493,84.4,0.0291,0.0079,47.27488151658766,71.80629091965565,-12.593709080344354,874.620995697421,0.02303307352721171,Sep 2026,2.9389148469902704,60.042955900892906,130.25953209277083,1.3555548383378415
01,20260910,897.5,call,63.45,103.1,,77.76,891559679,872.49,2026-07-30,0.0291,0.0079,2026-09-10,0.11506849315068493,83.275,0.0291,0.0079,47.61332933053136,70.77542464020263,-12.499575359797376,874.620995697421,0.025822475614790157,Sep 2026,2.9389148469902704,60.042955900892906,130.25953209277083,1.3555548383378415
01,20260910,900.0,call,62.5,101.8,,76.72,851927378,872.49,2026-07-30,0.0291,0.0079,2026-09-10,0.11506849315068493,82.15,0.0291,0.0079,47.83931832014606,69.75618247239588,-12.393817527604128,874.620995697421,0.028604118576667066,Sep 2026,2.9389148469902704,60.042955900892906,130.25953209277083,1.3555548383378415
01,20260910,902.5,call,61.55,100.6,,75.68,891559684,872.49,2026-07-30,0.0291,0.0079,2026-09-10,0.11506849315068493,81.07499999999999,0.0291,0.0079,48.16527906259636,68.74850117933455,-12.326498820665435,874.620995697421,0.03137804545939218,Sep 2026,2.9389148469902704,60.042955900892906,130.25953209277083,1.3555548383378415
01,20260910,905.0,call,62.2,99.35,,74.65,852441100,872.49,2026-07-30,0.0291,0.0079,2026-09-10,0.11506849315068493,80.775,0.0291,0.0079,45.99195295574124,67.75231639640671,-13.022683603593293,874.620995697421,0.03414429895228241,Sep 2026,2.9389148469902704,60.042955900892906,130.25953209277083,1.3555548383378415
01,20260910,907.5,call,63.0,91.85,,73.63,891559694,872.49,2026-07-30,0.0291,0.0079,2026-09-10,0.11506849315068493,77.425,0.0291,0.0079,37.26186632224733,66.7675626662294,-10.657437333770602,874.620995697421,0.03690292139136201,Sep 2026,2.9389148469902704,60.042955900892906,130.25953209277083,1.3555548383378415
01,20260910,910.0,call,60.35,96.95,,72.63,852441111,872.49,2026-07-30,0.0291,0.0079,2026-09-10,0.11506849315068493,78.65,0.0291,0.0079,46.535282898919256,65.79417347347784,-12.855826526522165,874.620995697421,0.03965395476325199,Sep 2026,2.9389148469902704,60.042955900892906,130.25953209277083,1.3555548383378415
01,20260910,915.0,call,60.2,94.65,,70.65,854609310,872.49,2026-07-30,0.0291,0.0079,2026-09-10,0.11506849315068493,77.42500000000001,0.0291,0.0079,44.49467226348079,63.8812175572798,-13.543782442720214,874.620995697421,0.04513342052787755,Sep 2026,2.9389148469902704,60.042955900892906,130.25953209277083,1.3555548383378415
01,20260910,920.0,call,58.35,86.4,,68.71,854609319,872.49,2026-07-30,0.0291,0.0079,2026-09-10,0.11506849315068493,72.375,0.0291,0.0079,38.756476683937834,62.012896681005735,-10.362103318994265,874.620995697421,0.0505830252954422,Sep 2026,2.9389148469902704,60.042955900892906,130.25953209277083,1.3555548383378415
01,20260910,925.0,call,56.6,90.1,,66.81,854609325,872.49,2026-07-30,0.0291,0.0079,2026-09-10,0.11506849315068493,73.35,0.0291,0.0079,45.67143830947511,60.188644154318744,-13.16135584568125,874.620995697421,0.05600309276478138,Sep 2026,2.9389148469902704,60.042955900892906,130.25953209277083,1.3555548383378415
01,20260910,930.0,call,55.6,87.85,,64.96,854609334,872.49,2026-07-30,0.0291,0.0079,2026-09-10,0.11506849315068493,71.725,0.0291,0.0079,44.963401882188904,58.40787964737148,-13.317120352628514,874.620995697421,0.06139394139965778,Sep 2026,2.9389148469902704,60.042955900892906,130.25953209277083,1.3555548383378415
01,20260910,935.0,call,53.25,83.55,,63.14,854609340,872.49,2026-07-30,0.0291,0.0079,2026-09-10,0.11506849315068493,68.4,0.0291,0.0079,44.298245614035075,56.6700102598431,-11.729989740156903,874.620995697421,0.06675588454104313,Sep 2026,2.9389148469902704,60.042955900892906,130.25953209277083,1.3555548383378415
01,20260910,940.0,call,52.15,83.55,86.65,61.37,856730782,872.49,2026-07-30,0.0291,0.0079,2026-09-10,0.11506849315068493,67.85,0.0291,0.0079,46.278555637435524,54.97443157307572,-12.875568426924275,874.620995697421,0.0720892305164059,Sep 2026,2.9389148469902704,60.042955900892906,130.25953209277083,1.3555548383378415
01,20260910,945.0,call,50.55,79.4,,59.63,856730791,872.49,2026-07-30,0.0291,0.0079,2026-09-10,0.11506849315068493,64.975,0.0291,0.0079,44.40169295883034,53.320528683548666,-11.654471316451328,874.620995697421,0.07739428274609905,Sep 2026,2.9389148469902704,60.042955900892906,130.25953209277083,1.3555548383378415
01,20260910,950.0,call,49.2,79.45,,57.94,856730797,872.49,2026-07-30,0.0291,0.0079,2026-09-10,0.11506849315068493,64.325,0.0291,0.0079,47.02681694520015,51.70767721608048,-12.617322783919526,874.620995697421,0.08267133984694279,Sep 2026,2.9389148469902704,60.042955900892906,130.25953209277083,1.3555548383378415
01,20260910,955.0,call,47.65,77.4,,56.28,856730806,872.49,2026-07-30,0.0291,0.0079,2026-09-10,0.11506849315068493,62.525000000000006,0.0291,0.0079,47.58096761295483,50.13524431528539,-12.389755684714615,874.620995697421,0.08792069573308649,Sep 2026,2.9389148469902704,60.042955900892906,130.25953209277083,1.3555548383378415
01,20261008,890.0,call,85.55,130.9,,101.73,872509364,872.49,2026-07-30,0.0291,0.0079,2026-10-08,0.1917808219178082,108.225,0.0291,0.0079,41.903441903441916,97.92506940955428,-10.299930590445712,876.0445502714535,0.0158045166086787,Oct 2026,2.9389148469902704,60.042955900892906,130.25953209277083,1.3555548383378415
01,20261008,892.5,call,77.8,123.75,,100.63,900256122,872.49,2026-07-30,0.0291,0.0079,2026-10-08,0.1917808219178082,100.775,0.0291,0.0079,45.59662614735797,96.88370310092218,-3.8912968990778296,876.0445502714535,0.018609567536287223,Oct 2026,2.9389148469902704,60.042955900892906,130.25953209277083,1.3555548383378415
01,20261008,895.0,call,82.8,123.5,,99.54,872509374,872.49,2026-07-30,0.0291,0.0079,2026-10-08,0.1917808219178082,103.15,0.0291,0.0079,39.45710130877363,95.85139431807458,-7.298605681925423,876.0445502714535,0.021406772157348576,Oct 2026,2.9389148469902704,60.042955900892906,130.25953209277083,1.3555548383378415
01,20261008,900.0,call,80.85,126.15,133.0,97.38,872509382,872.49,2026-07-30,0.0291,0.0079,2026-10-08,0.1917808219178082,103.5,0.0291,0.0079,43.76811594202899,93.81377739695888,-9.686222603041116,876.0445502714535,0.02697781720680399,Oct 2026,2.9389148469902704,60.042955900892906,130.25953209277083,1.3555548383378415
01,20261008,905.0,call,79.6,123.6,,95.27,872509388,872.49,2026-07-30,0.0291,0.0079,2026-10-08,0.1917808219178082,101.6,0.0291,0.0079,43.30708661417323,91.81187030572356,-9.788129694276435,876.0445502714535,0.03251799758241939,Oct 2026,2.9389148469902704,60.042955900892906,130.25953209277083,1.3555548383378415
01,20261008,907.5,call,71.7,117.55,,94.22,900256145,872.49,2026-07-30,0.0291,0.0079,2026-10-08,0.1917808219178082,94.625,0.0291,0.0079,48.45442536327608,90.82419720631323,-3.8008027936867705,876.0445502714535,0.03527662002149902,Oct 2026,2.9389148469902704,60.042955900892906,130.25953209277083,1.3555548383378415
01,20261008,910.0,call,77.7,116.4,,93.19,872509399,872.49,2026-07-30,0.0291,0.0079,2026-10-08,0.1917808219178082,97.05000000000001,0.0291,0.0079,39.876352395672335,89.84531786008543,-7.204682139914581,876.0445502714535,0.03802765339338881,Oct 2026,2.9389148469902704,60.042955900892906,130.25953209277083,1.3555548383378415
01,20261008,912.5,call,69.65,115.35,,92.16,900256155,872.49,2026-07-30,0.0291,0.0079,2026-10-08,0.1917808219178082,92.5,0.0291,0.0079,49.405405405405396,88.87518687281728,-3.624813127182719,876.0445502714535,0.04077113933913977,Oct 2026,2.9389148469902704,60.042955900892906,130.25953209277083,1.3555548383378415
01,20261008,915.0,call,75.85,114.1,,91.15,872509405,872.49,2026-07-30,0.0291,0.0079,2026-10-08,0.1917808219178082,94.975,0.0291,0.0079,40.273756251645175,87.91375847785669,-7.061241522143305,876.0445502714535,0.043507119158014425,Oct 2026,2.9389148469902704,60.042955900892906,130.25953209277083,1.3555548383378415
01,20261008,920.0,call,74.0,112.0,,89.15,872509412,872.49,2026-07-30,0.0291,0.0079,2026-10-08,0.1917808219178082,93.0,0.0291,0.0079,40.86021505376344,86.01682461696575,-6.983175383034251,876.0445502714535,0.048956723925579135,Oct 2026,2.9389148469902704,60.042955900892906,130.25953209277083,1.3555548383378415
01,20261008,925.0,call,72.2,114.3,,87.18,872509422,872.49,2026-07-30,0.0291,0.0079,2026-10-08,0.1917808219178082,93.25,0.0291,0.0079,45.14745308310991,84.15414320526277,-9.09585679473723,876.0445502714535,0.05437679139491836,Oct 2026,2.9389148469902704,60.042955900892906,130.25953209277083,1.3555548383378415
01,20261008,930.0,call,69.95,112.0,,85.26,872509429,872.49,2026-07-30,0.0291,0.0079,2026-10-08,0.1917808219178082,90.975,0.0291,0.0079,46.22148942017038,82.32533606176335,-8.649663938236642,876.0445502714535,0.05976764002979482,Oct 2026,2.9389148469902704,60.042955900892906,130.25953209277083,1.3555548383378415
01,20261008,935.0,call,68.15,109.8,,83.37,872509439,872.49,2026-07-30,0.0291,0.0079,2026-10-08,0.1917808219178082,88.975,0.0291,0.0079,46.81090193874683,80.53002030905793,-8.444979690942063,876.0445502714535,0.06512958317118023,Oct 2026,2.9389148469902704,60.042955900892906,130.25953209277083,1.3555548383378415
01,20261008,940.0,call,66.9,107.9,,81.52,872509444,872.49,2026-07-30,0.0291,0.0079,2026-10-08,0.1917808219178082,87.4,0.0291,0.0079,46.910755148741416,78.76780877661618,-8.632191223383828,876.0445502714535,0.07046292914654284,Oct 2026,2.9389148469902704,60.042955900892906,130.25953209277083,1.3555548383378415
01,20261008,945.0,call,65.2,105.65,,79.7,872509454,872.49,2026-07-30,0.0291,0.0079,2026-10-08,0.1917808219178082,85.42500000000001,0.0291,0.0079,47.351477904594674,77.03831039476094,-8.38668960523907,876.0445502714535,0.07576798137623583,Oct 2026,2.9389148469902704,60.042955900892906,130.25953209277083,1.3555548383378415
01,20261008,950.0,call,64.8,103.5,,77.92,872509461,872.49,2026-07-30,0.0291,0.0079,2026-10-08,0.1917808219178082,84.15,0.0291,0.0079,45.98930481283423,75.34113057911516,-8.808869420884847,876.0445502714535,0.08104503847707963,Oct 2026,2.9389148469902704,60.042955900892906,130.25953209277083,1.3555548383378415
01,20261008,955.0,call,61.95,101.45,,76.18,872509471,872.49,2026-07-30,0.0291,0.0079,2026-10-08,0.1917808219178082,81.7,0.0291,0.0079,48.34761321909424,73.6758716053493,-8.024128394650702,876.0445502714535,0.08629439436322339,Oct 2026,2.9389148469902704,60.042955900892906,130.25953209277083,1.3555548383378415
01,20261008,960.0,call,61.1,99.55,,74.47,872509478,872.49,2026-07-30,0.0291,0.0079,2026-10-08,0.1917808219178082,80.325,0.0291,0.0079,47.86803610333021,72.04213297408944,-8.282867025910562,876.0445502714535,0.09151633834437509,Oct 2026,2.9389148469902704,60.042955900892906,130.25953209277083,1.3555548383378415
01,20261008,965.0,call,58.8,97.55,,72.8,872509484,872.49,2026-07-30,0.0291,0.0079,2026-10-08,0.1917808219178082,78.175,0.0291,0.0079,49.56827630316597,70.43951176586674,-7.735488234133257,876.0445502714535,0.09671115522147912,Oct 2026,2.9389148469902704,60.042955900892906,130.25953209277083,1.3555548383378415
01,20261112,905.0,call,90.9,147.25,,115.63,905887760,872.49,2026-07-30,0.0291,0.0079,2026-11-12,0.2876712328767123,119.075,0.0291,0.0079,47.323115683392814,115.83563126478548,-3.2393687352145264,877.8272522293795,0.03048512087009059,Nov 2026,2.9389148469902704,60.042955900892906,130.25953209277083,1.3555548383378415
01,20261112,910.0,call,89.2,144.9,,113.74,905887765,872.49,2026-07-30,0.0291,0.0079,2026-11-12,0.2876712328767123,117.05000000000001,0.0291,0.0079,47.58650149508757,113.88808128074585,-3.1619187192541602,877.8272522293795,0.03599477668106013,Nov 2026,2.9389148469902704,60.042955900892906,130.25953209277083,1.3555548383378415
01,20261112,915.0,call,87.35,142.45,,111.89,903724736,872.49,2026-07-30,0.0291,0.0079,2026-11-12,0.2876712328767123,114.89999999999999,0.0291,0.0079,47.954743255004345,111.96897190994488,-2.931028090055108,877.8272522293795,0.04147424244568587,Nov 2026,2.9389148469902704,60.042955900892906,130.25953209277083,1.3555548383378415
01,20261112,920.0,call,85.45,140.2,,110.06,903724746,872.49,2026-07-30,0.0291,0.0079,2026-11-12,0.2876712328767123,112.82499999999999,0.0291,0.0079,48.5264790604919,110.07802875489655,-2.7469712451034383,877.8272522293795,0.046923847213250484,Nov 2026,2.9389148469902704,60.042955900892906,130.25953209277083,1.3555548383378415
01,20261112,925.0,call,83.7,138.05,,108.26,903724753,872.49,2026-07-30,0.0291,0.0079,2026-11-12,0.2876712328767123,110.875,0.0291,0.0079,49.01916572717025,108.21497537879941,-2.6600246212005914,877.8272522293795,0.05234391468258962,Nov 2026,2.9389148469902704,60.042955900892906,130.25953209277083,1.3555548383378415
01,20261112,930.0,call,81.55,135.85,,106.49,903724763,872.49,2026-07-30,0.0291,0.0079,2026-11-12,0.2876712328767123,108.69999999999999,0.0291,0.0079,49.954001839926406,106.37953350010751,-2.3204664998924756,877.8272522293795,0.0577347633174662,Nov 2026,2.9389148469902704,60.042955900892906,130.25953209277083,1.3555548383378415
01,20261210,920.0,call,97.2,156.65,,116.76,854609358,872.49,2026-07-30,0.0291,0.0079,2026-12-10,0.3643835616438356,126.92500000000001,0.0291,0.0079,46.838684262359656,126.53271968539477,-0.3922803146052445,879.2560253851451,0.0452975458433876,Dec 2026,2.9389148469902704,60.042955900892906,130.25953209277083,1.3555548383378415
01,20261210,925.0,call,95.4,154.4,,114.75,854609365,872.49,2026-07-30,0.0291,0.0079,2026-12-10,0.3643835616438356,124.9,0.0291,0.0079,47.237790232185745,124.68188699088799,-0.2181130091120167,879.2560253851451,0.050717613312726666,Dec 2026,2.9389148469902704,60.042955900892906,130.25953209277083,1.3555548383378415
01,20261210,930.0,call,93.45,152.2,,112.78,854609375,872.49,2026-07-30,0.0291,0.0079,2026-12-10,0.3643835616438356,122.82499999999999,0.0291,0.0079,47.83228170160797,122.85550112168143,0.03050112168143926,879.2560253851451,0.056108461947603175,Dec 2026,2.9389148469902704,60.042955900892906,130.25953209277083,1.3555548383378415
01,20261210,935.0,call,91.75,150.0,,110.83,854609382,872.49,2026-07-30,0.0291,0.0079,2026-12-10,0.3643835616438356,120.875,0.0291,0.0079,48.19027921406411,121.05332620768299,0.17832620768298568,879.2560253851451,0.06147040508898863,Dec 2026,2.9389148469902704,60.042955900892906,130.25953209277083,1.3555548383378415
01,20261210,940.0,call,88.8,147.85,,108.87,856730820,872.49,2026-07-30,0.0291,0.0079,2026-12-10,0.3643835616438356,118.32499999999999,0.0291,0.0079,49.90492288189309,119.27512585400216,0.9501258540021666,879.2560253851451,0.06680375106435109,Dec 2026,2.9389148469902704,60.042955900892906,130.25953209277083,1.3555548383378415
01,20270114,920.0,call,102.5,157.85,,136.44,903724912,872.49,2026-07-30,0.0291,0.0079,2027-01-14,0.4602739726027397,130.175,0.0291,0.0079,42.51968503937007,144.7838307146541,14.60883071465409,881.0452625163923,0.043264669131058635,Jan 2027,2.9389148469902704,60.042955900892906,130.25953209277083,1.3555548383378415
01,20270114,925.0,call,100.75,155.7,,134.65,903724922,872.49,2026-07-30,0.0291,0.0079,2027-01-14,0.4602739726027397,128.225,0.0291,0.0079,42.854357574575936,142.95433156371777,14.729331563717778,881.0452625163923,0.04868473660039788,Jan 2027,2.9389148469902704,60.042955900892906,130.25953209277083,1.3555548383378415
01,20270114,930.0,call,98.95,153.65,,132.88,903724928,872.49,2026-07-30,0.0291,0.0079,2027-01-14,0.4602739726027397,126.30000000000001,0.0291,0.0079,43.30958036421219,141.14646356648367,14.846463566483663,881.0452625163923,0.05407558523527435,Jan 2027,2.9389148469902704,60.042955900892906,130.25953209277083,1.3555548383378415
01,20270114,935.0,call,97.2,151.65,,131.13,903724938,872.49,2026-07-30,0.0291,0.0079,2027-01-14,0.4602739726027397,124.42500000000001,0.0291,0.0079,43.761301989150084,139.36002630038865,14.935026300388643,881.0452625163923,0.05943752837665977,Jan 2027,2.9389148469902704,60.042955900892906,130.25953209277083,1.3555548383378415
01,20270114,940.0,call,95.6,149.6,,129.4,903724945,872.49,2026-07-30,0.0291,0.0079,2027-01-14,0.4602739726027397,122.6,0.0291,0.0079,44.045676998368684,137.59481942381902,14.994819423819024,881.0452625163923,0.06477087435202218,Jan 2027,2.9389148469902704,60.042955900892906,130.25953209277083,1.3555548383378415
01,20270114,945.0,call,93.85,147.7,,127.68,903724955,872.49,2026-07-30,0.0291,0.0079,2027-01-14,0.4602739726027397,120.77499999999999,0.0291,0.0079,44.58704202028565,135.85064274209805,15.075642742098054,881.0452625163923,0.07007592658171541,Jan 2027,2.9389148469902704,60.042955900892906,130.25953209277083,1.3555548383378415
01,20270114,950.0,call,92.15,145.75,,125.98,903724962,872.49,2026-07-30,0.0291,0.0079,2027-01-14,0.4602739726027397,118.95,0.0291,0.0079,45.060949978982755,134.1272962711904,15.1772962711904,881.0452625163923,0.07535298368255922,Jan 2027,2.9389148469902704,60.042955900892906,130.25953209277083,1.3555548383378415
01,20270114,955.0,call,90.5,143.8,,124.3,903724968,872.49,2026-07-30,0.0291,0.0079,2027-01-14,0.4602739726027397,117.15,0.0291,0.0079,45.497225778915926,132.42458029917316,15.274580299173152,881.0452625163923,0.08060233956870298,Jan 2027,2.9389148469902704,60.042955900892906,130.25953209277083,1.3555548383378415
01,20270114,960.0,call,88.9,141.85,,122.63,901079701,872.49,2026-07-30,0.0291,0.0079,2027-01-14,0.4602739726027397,115.375,0.0291,0.0079,45.89382448537377,130.7422954455087,15.367295445508688,881.0452625163923,0.0858242835498547,Jan 2027,2.9389148469902704,60.042955900892906,130.25953209277083,1.3555548383378415
01,20270114,965.0,call,87.3,140.1,,120.98,901079711,872.49,2026-07-30,0.0291,0.0079,2027-01-14,0.4602739726027397,113.69999999999999,0.0291,0.0079,46.43799472295515,129.08024271817615,15.380242718176163,881.0452625163923,0.09101910042695854,Jan 2027,2.9389148469902704,60.042955900892906,130.25953209277083,1.3555548383378415
01,20270114,970.0,call,85.65,138.3,,119.35,901079718,872.49,2026-07-30,0.0291,0.0079,2027-01-14,0.4602739726027397,111.97500000000001,0.0291,0.0079,47.01942397856665,127.43822356869636,15.46322356869635,881.0452625163923,0.09618707058540116,Jan 2027,2.9389148469902704,60.042955900892906,130.25953209277083,1.3555548383378415
01,20270114,975.0,call,84.0,136.55,,117.73,901079724,872.49,2026-07-30,0.0291,0.0079,2027-01-14,0.4602739726027397,110.275,0.0291,0.0079,47.65359328950352,125.8160399451031,15.541039945103094,881.0452625163923,0.10132847008581987,Jan 2027,2.9389148469902704,60.042955900892906,130.25953209277083,1.3555548383378415
01,20270114,980.0,call,82.35,134.75,,116.13,901079735,872.49,2026-07-30,0.0291,0.0079,2027-01-14,0.4602739726027397,108.55,0.0291,0.0079,48.272685398433914,124.21349434290089,15.66349434290089,881.0452625163923,0.10644357075259034,Jan 2027,2.9389148469902704,60.042955900892906,130.25953209277083,1.3555548383378415
01,20270114,985.0,call,80.95,133.1,,114.55,901079741,872.49,2026-07-30,0.0291,0.0079,2027-01-14,0.4602739726027397,107.025,0.0291,0.0079,48.72693295958887,122.63038985405474,15.605389854054735,881.0452625163923,0.11153264026006146,Jan 2027,2.9389148469902704,60.042955900892906,130.25953209277083,1.3555548383378415
01,20270114,990.0,call,79.3,131.4,,112.99,901079749,872.49,2026-07-30,0.0291,0.0079,2027-01-14,0.4602739726027397,105.35,0.0291,0.0079,49.45420028476508,121.06653021405614,15.71653021405615,881.0452625163923,0.11659594221660824,Jan 2027,2.9389148469902704,60.042955900892906,130.25953209277083,1.3555548383378415
01,20270114,995.0,call,77.9,129.75,,111.44,901079759,872.49,2026-07-30,0.0291,0.0079,2027-01-14,0.4602739726027397,103.825,0.0291,0.0079,49.939802552371766,119.52171984711366,15.696719847113656,881.0452625163923,0.12163373624656543,Jan 2027,2.9389148469902704,60.042955900892906,130.25953209277083,1.3555548383378415
01,20270311,800.0,call,168.9,232.3,,206.58,863897058,872.49,2026-07-30,0.0291,0.0079,2027-03-11,0.6136986301369863,200.60000000000002,0.0291,0.0079,31.605184446660022,219.2283966369665,18.62839663696647,883.9156182840337,-0.09974987598382605,Mar 2027,2.9389148469902704,60.042955900892906,130.25953209277083,1.3555548383378415
01,20270311,810.0,call,151.1,236.6,,202.15,863897075,872.49,2026-07-30,0.0291,0.0079,2027-03-11,0.6136986301369863,193.85,0.0291,0.0079,44.10626773278308,214.68026143542548,20.830261435425484,883.9156182840337,-0.08732735598526889,Mar 2027,2.9389148469902704,60.042955900892906,130.25953209277083,1.3555548383378415
01,20270311,820.0,call,145.6,231.55,,197.66,863897088,872.49,2026-07-30,0.0291,0.0079,2027-03-11,0.6136986301369863,188.575,0.0291,0.0079,45.57868222192763,210.2216795394747,21.646679539474718,883.9156182840337,-0.07505726339345453,Mar 2027,2.9389148469902704,60.042955900892906,130.25953209277083,1.3555548383378415
01,20270311,935.0,call,109.55,174.75,,152.99,863897275,872.49,2026-07-30,0.0291,0.0079,2027-03-11,0.6136986301369863,142.15,0.0291,0.0079,45.8670418571931,164.9530645678926,22.80306456789259,883.9156182840337,0.056184925636933794,Mar 2027,2.9389148469902704,60.042955900892906,130.25953209277083,1.3555548383378415
01,20270311,940.0,call,107.65,172.75,,151.22,863897283,872.49,2026-07-30,0.0291,0.0079,2027-03-11,0.6136986301369863,140.2,0.0291,0.0079,46.43366619115549,163.21809242740136,23.01809242740137,883.9156182840337,0.06151827161229622,Mar 2027,2.9389148469902704,60.042955900892906,130.25953209277083,1.3555548383378415
01,20270311,945.0,call,105.75,170.75,,149.47,863897289,872.49,2026-07-30,0.0291,0.0079,2027-03-11,0.6136986301369863,138.25,0.0291,0.0079,47.01627486437613,161.50117107582025,23.251171075820253,883.9156182840337,0.06682332384198945,Mar 2027,2.9389148469902704,60.042955900892906,130.25953209277083,1.3555548383378415
01,20270311,950.0,call,104.25,168.8,,147.73,863897298,872.49,2026-07-30,0.0291,0.0079,2027-03-11,0.6136986301369863,136.525,0.0291,0.0079,47.280717817249595,159.80213708505738,23.277137085057376,883.9156182840337,0.07210038094283328,Mar 2027,2.9389148469902704,60.042955900892906,130.25953209277083,1.3555548383378415
01,20270311,955.0,call,102.3,166.9,,146.0,865290596,872.49,2026-07-30,0.0291,0.0079,2027-03-11,0.6136986301369863,134.6,0.0291,0.0079,47.99405646359585,158.12082763794268,23.520827637942688,883.9156182840337,0.07734973682897685,Mar 2027,2.9389148469902704,60.042955900892906,130.25953209277083,1.3555548383378415
01,20270311,960.0,call,100.4,165.0,,144.29,865290606,872.49,2026-07-30,0.0291,0.0079,2027-03-11,0.6136986301369863,132.7,0.0291,0.0079,48.68123587038432,156.45708055636598,23.75708055636599,883.9156182840337,0.08257168081012858,Mar 2027,2.9389148469902704,60.042955900892906,130.25953209277083,1.3555548383378415
01,20270311,965.0,call,99.55,163.05,,142.59,865776595,872.49,2026-07-30,0.0291,0.0079,2027-03-11,0.6136986301369863,131.3,0.0291,0.0079,48.36252856054837,154.81073432820804,23.51073432820803,883.9156182840337,0.08776649768723263,Mar 2027,2.9389148469902704,60.042955900892906,130.25953209277083,1.3555548383378415
01,20270311,970.0,call,98.1,161.2,,140.82,865776601,872.49,2026-07-30,0.0291,0.0079,2027-03-11,0.6136986301369863,129.64999999999998,0.0291,0.0079,48.669494793675284,153.18162813309831,23.531628133098337,883.9156182840337,0.09293446784567527,Mar 2027,2.9389148469902704,60.042955900892906,130.25953209277083,1.3555548383378415
01,20270311,975.0,call,96.4,159.3,,139.15,865776608,872.49,2026-07-30,0.0291,0.0079,2027-03-11,0.6136986301369863,127.85000000000001,0.0291,0.0079,49.19827923347673,151.56960186702807,23.71960186702806,883.9156182840337,0.09807586734609379,Mar 2027,2.9389148469902704,60.042955900892906,130.25953209277083,1.3555548383378415
01,20270311,980.0,call,95.25,157.5,,137.5,865776618,872.49,2026-07-30,0.0291,0.0079,2027-03-11,0.6136986301369863,126.375,0.0291,0.0079,49.25816023738872,149.97449616585502,23.599496165855015,883.9156182840337,0.10319096801286427,Mar 2027,2.9389148469902704,60.042955900892906,130.25953209277083,1.3555548383378415
01,20270311,985.0,call,93.6,155.75,,135.86,865776625,872.49,2026-07-30,0.0291,0.0079,2027-03-11,0.6136986301369863,124.675,0.0291,0.0079,49.84960898335674,148.3961524277226,23.7211524277226,883.9156182840337,0.1082800375203356,Mar 2027,2.9389148469902704,60.042955900892906,130.25953209277083,1.3555548383378415
