trading_class,expiration,strike,type,bid,ask,last,close,conId,spot_price,snapshot_date,r,q,expiry_date,ttm,mid,rate,div_yld,spread_pct,label,model_price,error
01,20260813,700.0,call,160.5,204.3,185.75,178.72,854608925,872.49,2026-07-30,0.0291,0.0079,2026-08-13,0.038356164383561646,182.4,0.0291,0.0079,24.013157894736846,Aug 2026,183.9900870526437,1.590087052643696
01,20260813,702.5,call,157.0,202.1,,176.55,883683631,872.49,2026-07-30,0.0291,0.0079,2026-08-13,0.038356164383561646,179.55,0.0291,0.0079,25.1183514341409,Aug 2026,181.76964022530746,2.219640225307444
01,20260813,705.0,call,154.85,199.9,,174.37,854608932,872.49,2026-07-30,0.0291,0.0079,2026-08-13,0.038356164383561646,177.375,0.0291,0.0079,25.398167723749125,Aug 2026,179.55574754143623,2.180747541436233
01,20260813,707.5,call,152.8,197.7,,172.25,883683636,872.49,2026-07-30,0.0291,0.0079,2026-08-13,0.038356164383561646,175.25,0.0291,0.0079,25.620542082738933,Aug 2026,177.34837053937986,2.0983705393798573
01,20260813,710.0,call,150.7,195.55,,170.05,854608942,872.49,2026-07-30,0.0291,0.0079,2026-08-13,0.038356164383561646,173.125,0.0291,0.0079,25.906137184115533,Aug 2026,175.14733868392048,2.0223386839204807
01,20260813,712.5,call,148.65,193.25,183.0,167.91,883683646,872.49,2026-07-30,0.0291,0.0079,2026-08-13,0.038356164383561646,170.95,0.0291,0.0079,26.089499853758404,Aug 2026,172.95249014050378,2.002490140503795
01,20260813,715.0,call,146.55,190.95,,165.77,854608949,872.49,2026-07-30,0.0291,0.0079,2026-08-13,0.038356164383561646,168.75,0.0291,0.0079,26.3111111111111,Aug 2026,170.7638090754908,2.013809075490798
01,20260813,717.5,call,144.65,188.75,181.15,163.65,883683654,872.49,2026-07-30,0.0291,0.0079,2026-08-13,0.038356164383561646,166.7,0.0291,0.0079,26.45470905818836,Aug 2026,168.58149446845712,1.8814944684571344
01,20260813,720.0,call,142.45,186.7,,161.53,854608959,872.49,2026-07-30,0.0291,0.0079,2026-08-13,0.038356164383561646,164.575,0.0291,0.0079,26.887437338599426,Aug 2026,166.4059286884641,1.8309286884640983
01,20260813,722.5,call,140.6,184.45,176.85,159.42,883683660,872.49,2026-07-30,0.0291,0.0079,2026-08-13,0.038356164383561646,162.52499999999998,0.0291,0.0079,26.98046454391632,Aug 2026,164.2375614215911,1.7125614215911185
01,20260813,725.0,call,138.6,182.45,,157.32,854608967,872.49,2026-07-30,0.0291,0.0079,2026-08-13,0.038356164383561646,160.52499999999998,0.0291,0.0079,27.316617349322534,Aug 2026,162.07676360118901,1.5517636011890374
01,20260813,727.5,call,136.75,180.25,172.65,155.23,883683671,872.49,2026-07-30,0.0291,0.0079,2026-08-13,0.038356164383561646,158.5,0.0291,0.0079,27.444794952681388,Aug 2026,159.92371904008846,1.4237190400884572
01,20260813,730.0,call,134.6,178.1,,153.15,854608973,872.49,2026-07-30,0.0291,0.0079,2026-08-13,0.038356164383561646,156.35,0.0291,0.0079,27.82219379597058,Aug 2026,157.77840325343365,1.4284032534336575
01,20260813,732.5,call,132.6,175.85,168.4,151.09,883683677,872.49,2026-07-30,0.0291,0.0079,2026-08-13,0.038356164383561646,154.225,0.0291,0.0079,28.043443021559412,Aug 2026,155.64065861452764,1.4156586145276435
01,20260813,735.0,call,130.8,173.75,,149.03,854608982,872.49,2026-07-30,0.0291,0.0079,2026-08-13,0.038356164383561646,152.275,0.0291,0.0079,28.20554917090789,Aug 2026,153.51033129984097,1.235331299840965
01,20260813,737.5,call,128.5,171.6,164.25,146.98,883683684,872.49,2026-07-30,0.0291,0.0079,2026-08-13,0.038356164383561646,150.05,0.0291,0.0079,28.723758747084297,Aug 2026,151.3874081252612,1.3374081252611916
01,20260813,740.0,call,126.6,169.45,,144.95,854608988,872.49,2026-07-30,0.0291,0.0079,2026-08-13,0.038356164383561646,148.02499999999998,0.0291,0.0079,28.947812869447727,Aug 2026,149.27209212467432,1.2470921246743387
01,20260813,742.5,call,124.7,167.25,,142.92,883683694,872.49,2026-07-30,0.0291,0.0079,2026-08-13,0.038356164383561646,145.975,0.0291,0.0079,29.14882685391334,Aug 2026,147.16478355063725,1.1897835506372587
01,20260813,745.0,call,122.75,165.05,,140.91,854608997,872.49,2026-07-30,0.0291,0.0079,2026-08-13,0.038356164383561646,143.9,0.0291,0.0079,29.395413481584438,Aug 2026,145.0659750032258,1.1659750032257818
01,20260813,747.5,call,120.8,162.9,154.1,138.91,883683701,872.49,2026-07-30,0.0291,0.0079,2026-08-13,0.038356164383561646,141.85,0.0291,0.0079,29.679238632358132,Aug 2026,142.97610693011086,1.1261069301108648
01,20260813,750.0,call,120.3,160.8,,136.92,854609007,872.49,2026-07-30,0.0291,0.0079,2026-08-13,0.038356164383561646,140.55,0.0291,0.0079,28.815368196371406,Aug 2026,140.89544659997327,0.34544659997325766
01,20260813,752.5,call,117.05,158.7,,134.94,883683711,872.49,2026-07-30,0.0291,0.0079,2026-08-13,0.038356164383561646,137.875,0.0291,0.0079,30.20852221214868,Aug 2026,138.82404301336132,0.9490430133613188
01,20260813,755.0,call,115.35,156.8,,132.97,854609012,872.49,2026-07-30,0.0291,0.0079,2026-08-13,0.038356164383561646,136.075,0.0291,0.0079,30.461142752158754,Aug 2026,136.76177721490163,0.6867772149016389
01,20260813,757.5,call,113.35,154.7,,131.02,883683717,872.49,2026-07-30,0.0291,0.0079,2026-08-13,0.038356164383561646,134.02499999999998,0.0291,0.0079,30.85245290057825,Aug 2026,134.7084866076734,0.6834866076734158
01,20260813,760.0,call,111.5,152.65,,129.08,854609022,872.49,2026-07-30,0.0291,0.0079,2026-08-13,0.038356164383561646,132.075,0.0291,0.0079,31.15653984478517,Aug 2026,132.66411057879282,0.5891105787928268
01,20260813,762.5,call,109.5,150.55,,127.15,883683727,872.49,2026-07-30,0.0291,0.0079,2026-08-13,0.038356164383561646,130.025,0.0291,0.0079,31.57085175927707,Aug 2026,130.62879599572895,0.6037959957289445
01,20260813,765.0,call,107.7,148.55,140.1,125.23,854609028,872.49,2026-07-30,0.0291,0.0079,2026-08-13,0.038356164383561646,128.125,0.0291,0.0079,31.8829268292683,Aug 2026,128.6029181777718,0.4779181777718122
01,20260813,767.5,call,105.9,146.5,,123.45,883683732,872.49,2026-07-30,0.0291,0.0079,2026-08-13,0.038356164383561646,126.2,0.0291,0.0079,32.17115689381933,Aug 2026,126.58700827908879,0.3870082790887892
01,20260813,770.0,call,104.1,144.5,,121.44,854609038,872.49,2026-07-30,0.0291,0.0079,2026-08-13,0.038356164383561646,124.3,0.0291,0.0079,32.502011263073214,Aug 2026,124.5816167821109,0.2816167821109019
01,20260813,772.5,call,102.2,142.45,,119.56,883683742,872.49,2026-07-30,0.0291,0.0079,2026-08-13,0.038356164383561646,122.32499999999999,0.0291,0.0079,32.9041487839771,Aug 2026,122.58716906528753,0.26216906528753725
01,20260813,775.0,call,100.6,140.5,,117.7,854609045,872.49,2026-07-30,0.0291,0.0079,2026-08-13,0.038356164383561646,120.55,0.0291,0.0079,33.09829946080465,Aug 2026,120.6038722658831,0.05387226588310057
01,20260813,777.5,call,98.7,138.5,166.6,115.85,883683751,872.49,2026-07-30,0.0291,0.0079,2026-08-13,0.038356164383561646,118.6,0.0291,0.0079,33.55817875210792,Aug 2026,118.63171189308133,0.031711893081336484
01,20260813,780.0,call,97.0,136.55,,114.02,854609055,872.49,2026-07-30,0.0291,0.0079,2026-08-13,0.038356164383561646,116.775,0.0291,0.0079,33.86855063155642,Aug 2026,116.67054049444657,-0.10445950555343586
01,20260813,782.5,call,95.3,134.5,,112.2,883683757,872.49,2026-07-30,0.0291,0.0079,2026-08-13,0.038356164383561646,114.9,0.0291,0.0079,34.11662315056571,Aug 2026,114.72022374267395,-0.17977625732605418
01,20260813,785.0,call,93.75,132.6,,110.39,854609062,872.49,2026-07-30,0.0291,0.0079,2026-08-13,0.038356164383561646,113.175,0.0291,0.0079,34.3273691186216,Aug 2026,112.78078624769552,-0.39421375230448064
01,20260813,787.5,call,91.9,130.7,,108.6,883683766,872.49,2026-07-30,0.0291,0.0079,2026-08-13,0.038356164383561646,111.3,0.0291,0.0079,34.86073674752919,Aug 2026,110.8524991760407,-0.44750082395930235
01,20260813,790.0,call,90.25,128.75,,106.82,854609068,872.49,2026-07-30,0.0291,0.0079,2026-08-13,0.038356164383561646,109.5,0.0291,0.0079,35.15981735159817,Aug 2026,108.93587428491853,-0.5641257150814738
01,20260813,792.5,call,87.25,126.8,,105.06,883683772,872.49,2026-07-30,0.0291,0.0079,2026-08-13,0.038356164383561646,107.025,0.0291,0.0079,36.953982714319075,Aug 2026,107.0315653405534,0.006565340553393639
01,20260813,795.0,call,85.7,124.95,,103.31,854609079,872.49,2026-07-30,0.0291,0.0079,2026-08-13,0.038356164383561646,105.325,0.0291,0.0079,37.265606456206974,Aug 2026,105.14021396159703,-0.1847860384029758
01,20260813,797.5,call,84.25,123.05,,101.57,883683780,872.49,2026-07-30,0.0291,0.0079,2026-08-13,0.038356164383561646,103.65,0.0291,0.0079,37.43367100820067,Aug 2026,103.26229885943445,-0.3877011405655537
01,20260813,800.0,call,82.65,121.05,103.55,99.86,854609085,872.49,2026-07-30,0.0291,0.0079,2026-08-13,0.038356164383561646,101.85,0.0291,0.0079,37.70250368188512,Aug 2026,101.39804691005622,-0.45195308994377115
01,20260813,802.5,call,80.9,119.25,,98.15,883683790,872.49,2026-07-30,0.0291,0.0079,2026-08-13,0.038356164383561646,100.075,0.0291,0.0079,38.32125905570821,Aug 2026,99.54744171871997,-0.5275582812800366
01,20260813,805.0,call,79.35,117.45,,96.46,854609093,872.49,2026-07-30,0.0291,0.0079,2026-08-13,0.038356164383561646,98.4,0.0291,0.0079,38.71951219512196,Aug 2026,97.71032889693645,-0.68967110306356
01,20260813,807.5,call,77.8,115.45,,94.79,883683797,872.49,2026-07-30,0.0291,0.0079,2026-08-13,0.038356164383561646,96.625,0.0291,0.0079,38.96507115135835,Aug 2026,95.88658076326517,-0.7384192367348277
01,20260813,810.0,call,76.3,113.65,,93.13,854609103,872.49,2026-07-30,0.0291,0.0079,2026-08-13,0.038356164383561646,94.975,0.0291,0.0079,39.326138457488824,Aug 2026,94.07626016242392,-0.8987398375760733
01,20260813,812.5,call,74.6,111.8,95.4,91.49,883683807,872.49,2026-07-30,0.0291,0.0079,2026-08-13,0.038356164383561646,93.19999999999999,0.0291,0.0079,39.91416309012877,Aug 2026,92.27972212779471,-0.9202778722052756
01,20260813,815.0,call,73.15,109.95,,89.87,854609108,872.49,2026-07-30,0.0291,0.0079,2026-08-13,0.038356164383561646,91.55000000000001,0.0291,0.0079,40.19661387220097,Aug 2026,90.49761369487642,-1.0523863051235907
01,20260813,817.5,call,71.7,108.25,,88.26,883683814,872.49,2026-07-30,0.0291,0.0079,2026-08-13,0.038356164383561646,89.975,0.0291,0.0079,40.62239510975271,Aug 2026,88.73076865366646,-1.2442313463335353
01,20260813,820.0,call,70.2,106.65,,86.67,854609118,872.49,2026-07-30,0.0291,0.0079,2026-08-13,0.038356164383561646,88.42500000000001,0.0291,0.0079,41.221374045801525,Aug 2026,86.98003239483172,-1.4449676051682872
01,20260813,822.5,call,68.75,104.85,,85.09,883683820,872.49,2026-07-30,0.0291,0.0079,2026-08-13,0.038356164383561646,86.8,0.0291,0.0079,41.58986175115207,Aug 2026,85.24607853568449,-1.5539214643155077
01,20260813,825.0,call,67.35,103.15,,83.53,854609127,872.49,2026-07-30,0.0291,0.0079,2026-08-13,0.038356164383561646,85.25,0.0291,0.0079,41.994134897360716,Aug 2026,83.52928410287566,-1.720715897124336
01,20260813,827.5,call,65.95,101.4,,81.98,883683831,872.49,2026-07-30,0.0291,0.0079,2026-08-13,0.038356164383561646,83.67500000000001,0.0291,0.0079,42.366298177472366,Aug 2026,81.82971154535096,-1.845288454649051
01,20260813,830.0,call,64.6,99.65,,80.45,854609133,872.49,2026-07-30,0.0291,0.0079,2026-08-13,0.038356164383561646,82.125,0.0291,0.0079,42.678843226788445,Aug 2026,80.14720977920473,-1.9777902207952707
01,20260813,832.5,call,63.2,98.1,,78.94,883683837,872.49,2026-07-30,0.0291,0.0079,2026-08-13,0.038356164383561646,80.65,0.0291,0.0079,43.27340359578424,Aug 2026,78.48160496323194,-2.168395036768061
01,20260813,835.0,call,62.05,96.3,,77.45,854609142,872.49,2026-07-30,0.0291,0.0079,2026-08-13,0.038356164383561646,79.175,0.0291,0.0079,43.25860435743606,Aug 2026,76.83291890956046,-2.3420810904395353
01,20260813,840.0,call,59.4,91.8,,74.51,854609148,872.49,2026-07-30,0.0291,0.0079,2026-08-13,0.038356164383561646,75.6,0.0291,0.0079,42.85714285714286,Aug 2026,73.58828654789566,-2.011713452104331
01,20260813,842.5,call,58.05,88.75,76.15,73.07,883683854,872.49,2026-07-30,0.0291,0.0079,2026-08-13,0.038356164383561646,73.4,0.0291,0.0079,41.82561307901908,Aug 2026,71.99432677049388,-1.405673229506121
01,20260813,845.0,call,57.3,89.65,,71.65,854609159,872.49,2026-07-30,0.0291,0.0079,2026-08-13,0.038356164383561646,73.475,0.0291,0.0079,44.02858115005105,Aug 2026,70.42098421336188,-3.054015786638118
01,20260813,847.5,call,56.5,88.0,79.2,70.24,883683861,872.49,2026-07-30,0.0291,0.0079,2026-08-13,0.038356164383561646,72.25,0.0291,0.0079,43.59861591695502,Aug 2026,68.86947529613997,-3.380524703860033
01,20260813,850.0,call,60.0,84.25,75.0,68.86,854609165,872.49,2026-07-30,0.0291,0.0079,2026-08-13,0.038356164383561646,72.125,0.0291,0.0079,33.62218370883882,Aug 2026,67.34067064479729,-4.784329355202715
01,20260813,852.5,call,55.85,89.15,76.15,67.49,883683871,872.49,2026-07-30,0.0291,0.0079,2026-08-13,0.038356164383561646,72.5,0.0291,0.0079,45.931034482758626,Aug 2026,65.8349623024811,-6.665037697518898
01,20260813,855.0,call,55.75,86.65,74.75,66.15,854609174,872.49,2026-07-30,0.0291,0.0079,2026-08-13,0.038356164383561646,71.2,0.0291,0.0079,43.39887640449439,Aug 2026,64.35229540942352,-6.847704590576484
01,20260813,857.5,call,53.5,86.6,,64.82,883683878,872.49,2026-07-30,0.0291,0.0079,2026-08-13,0.038356164383561646,70.05,0.0291,0.0079,47.25196288365453,Aug 2026,62.892376762125544,-7.1576232378744535
01,20260813,860.0,call,55.75,78.45,67.3,63.51,854609180,872.49,2026-07-30,0.0291,0.0079,2026-08-13,0.038356164383561646,67.1,0.0291,0.0079,33.83010432190761,Aug 2026,61.45502013969272,-5.644979860307274
01,20260813,862.5,call,53.45,77.1,,62.22,883683884,872.49,2026-07-30,0.0291,0.0079,2026-08-13,0.038356164383561646,65.275,0.0291,0.0079,36.23132899272308,Aug 2026,60.040544123374616,-5.23445587662539
01,20260813,865.0,call,51.0,80.75,65.65,60.96,854609189,872.49,2026-07-30,0.0291,0.0079,2026-08-13,0.038356164383561646,65.875,0.0291,0.0079,45.16129032258065,Aug 2026,58.65011521763096,-7.224884782369038
01,20260813,867.5,call,51.6,74.3,63.6,59.71,883683895,872.49,2026-07-30,0.0291,0.0079,2026-08-13,0.038356164383561646,62.95,0.0291,0.0079,36.06036536934074,Aug 2026,57.28593445820721,-5.6640655417927945
01,20260813,870.0,call,50.75,72.35,62.0,58.8,854609199,872.49,2026-07-30,0.0291,0.0079,2026-08-13,0.038356164383561646,61.55,0.0291,0.0079,35.09341998375304,Aug 2026,55.951198638507606,-5.5988013614923915
01,20260813,872.5,call,49.75,79.05,,57.28,883683901,872.49,2026-07-30,0.0291,0.0079,2026-08-13,0.038356164383561646,64.4,0.0291,0.0079,45.49689440993788,Aug 2026,54.649819571298615,-9.750180428701391
01,20260813,875.0,call,58.5,65.55,58.5,56.35,854609204,872.49,2026-07-30,0.0291,0.0079,2026-08-13,0.038356164383561646,62.025,0.0291,0.0079,11.366384522370009,Aug 2026,53.38594303735119,-8.639056962648809
01,20260813,877.5,call,46.3,72.5,64.15,54.92,883683909,872.49,2026-07-30,0.0291,0.0079,2026-08-13,0.038356164383561646,59.4,0.0291,0.0079,44.10774410774412,Aug 2026,52.16335838461822,-7.236641615381778
01,20260813,880.0,call,55.2,63.9,56.05,53.95,854609214,872.49,2026-07-30,0.0291,0.0079,2026-08-13,0.038356164383561646,59.55,0.0291,0.0079,14.609571788413092,Aug 2026,50.984917743630646,-8.565082256369351
01,20260813,882.5,call,44.55,69.45,,52.64,883683919,872.49,2026-07-30,0.0291,0.0079,2026-08-13,0.038356164383561646,57.0,0.0291,0.0079,43.684210526315795,Aug 2026,49.852083776268074,-7.147916223731926
01,20260813,885.0,call,54.0,63.45,54.05,51.65,854609222,872.49,2026-07-30,0.0291,0.0079,2026-08-13,0.038356164383561646,58.725,0.0291,0.0079,16.09195402298851,Aug 2026,48.764697235365844,-9.960302764634157
01,20260813,887.5,call,42.85,68.65,59.05,50.39,883683924,872.49,2026-07-30,0.0291,0.0079,2026-08-13,0.038356164383561646,55.75,0.0291,0.0079,46.278026905829606,Aug 2026,47.72100765521889,-8.02899234478111
01,20260813,890.0,call,52.75,55.2,50.85,49.25,854609228,872.49,2026-07-30,0.0291,0.0079,2026-08-13,0.038356164383561646,53.975,0.0291,0.0079,4.539138490041691,Aug 2026,46.717954185640906,-7.2570458143590955
01,20260813,895.0,call,50.65,58.4,56.9,47.15,854609239,872.49,2026-07-30,0.0291,0.0079,2026-08-13,0.038356164383561646,54.525,0.0291,0.0079,14.213663457129757,Aug 2026,44.81784823592614,-9.707151764073856
01,20260813,897.5,call,38.8,61.2,49.5,45.87,883683943,872.49,2026-07-30,0.0291,0.0079,2026-08-13,0.038356164383561646,50.0,0.0291,0.0079,44.80000000000001,Aug 2026,43.91264975216052,-6.087350247839481
01,20260813,900.0,call,47.75,50.7,47.7,45.05,854609245,872.49,2026-07-30,0.0291,0.0079,2026-08-13,0.038356164383561646,49.225,0.0291,0.0079,5.992889791772479,Aug 2026,43.032740037244345,-6.1922599627556565
01,20260813,902.5,call,37.35,58.5,48.35,43.78,883683949,872.49,2026-07-30,0.0291,0.0079,2026-08-13,0.038356164383561646,47.925,0.0291,0.0079,44.13145539906103,Aug 2026,42.17570901138507,-5.749290988614931
01,20260813,905.0,call,44.95,54.0,45.9,43.0,854609252,872.49,2026-07-30,0.0291,0.0079,2026-08-13,0.038356164383561646,49.475,0.0291,0.0079,18.292066700353708,Aug 2026,41.34006473291941,-8.134935267080593
01,20260813,907.5,call,35.35,46.75,46.45,41.81,883683958,872.49,2026-07-30,0.0291,0.0079,2026-08-13,0.038356164383561646,41.05,0.0291,0.0079,27.771010962241167,Aug 2026,40.525088867286286,-0.5249111327137115
01,20260813,910.0,call,43.3,50.95,44.5,41.05,854609262,872.49,2026-07-30,0.0291,0.0079,2026-08-13,0.038356164383561646,47.125,0.0291,0.0079,16.23342175066314,Aug 2026,39.73057440862065,-7.394425591379353
01,20260813,912.5,call,33.3,53.9,47.95,39.93,883683964,872.49,2026-07-30,0.0291,0.0079,2026-08-13,0.038356164383561646,43.599999999999994,0.0291,0.0079,47.247706422018354,Aug 2026,38.95652075715854,-4.643479242841451
01,20260813,915.0,call,40.1,44.25,47.9,39.15,854609269,872.49,2026-07-30,0.0291,0.0079,2026-08-13,0.038356164383561646,42.175,0.0291,0.0079,9.839952578541789,Aug 2026,38.202859610167884,-3.972140389832113
01,20260813,920.0,call,40.45,44.35,44.0,37.3,854609279,872.49,2026-07-30,0.0291,0.0079,2026-08-13,0.038356164383561646,42.400000000000006,0.0291,0.0079,9.198113207547166,Aug 2026,36.75509118686972,-5.644908813130286
01,20260813,925.0,call,38.5,43.85,44.9,35.48,854609285,872.49,2026-07-30,0.0291,0.0079,2026-08-13,0.038356164383561646,41.175,0.0291,0.0079,12.993321190042504,Aug 2026,35.38103924546579,-5.793960754534204
01,20260813,930.0,call,36.8,39.5,41.9,33.81,854609295,872.49,2026-07-30,0.0291,0.0079,2026-08-13,0.038356164383561646,38.15,0.0291,0.0079,7.077326343381397,Aug 2026,34.072031341494565,-4.0779686585054336
01,20260813,935.0,call,35.1,36.35,36.6,32.2,854609300,872.49,2026-07-30,0.0291,0.0079,2026-08-13,0.038356164383561646,35.725,0.0291,0.0079,3.498950314905528,Aug 2026,32.82121788743404,-2.9037821125659633
01,20260813,940.0,call,32.05,38.25,34.8,30.65,856730741,872.49,2026-07-30,0.0291,0.0079,2026-08-13,0.038356164383561646,35.15,0.0291,0.0079,17.638691322901856,Aug 2026,31.62560690036462,-3.524393099635379
01,20260813,945.0,call,30.9,36.65,43.0,29.18,856730751,872.49,2026-07-30,0.0291,0.0079,2026-08-13,0.038356164383561646,33.775,0.0291,0.0079,17.024426350851222,Aug 2026,30.48448416981317,-3.290515830186827
01,20260813,950.0,call,29.7,31.6,29.0,27.76,856730757,872.49,2026-07-30,0.0291,0.0079,2026-08-13,0.038356164383561646,30.65,0.0291,0.0079,6.199021207177822,Aug 2026,29.396396315448918,-1.2536036845510807
01,20260813,955.0,call,28.7,30.1,34.4,26.39,856730767,872.49,2026-07-30,0.0291,0.0079,2026-08-13,0.038356164383561646,29.4,0.0291,0.0079,4.76190476190477,Aug 2026,28.35769095703572,-1.042309042964277
01,20260813,960.0,call,26.65,29.7,29.8,25.09,856730772,872.49,2026-07-30,0.0291,0.0079,2026-08-13,0.038356164383561646,28.174999999999997,0.0291,0.0079,10.825199645075424,Aug 2026,27.363595210851436,-0.8114047891485612
01,20260813,965.0,call,25.25,27.85,29.4,23.84,857622515,872.49,2026-07-30,0.0291,0.0079,2026-08-13,0.038356164383561646,26.55,0.0291,0.0079,9.79284369114878,Aug 2026,26.41034752495815,-0.1396524750418493
01,20260813,970.0,call,23.85,26.0,25.2,22.63,857622521,872.49,2026-07-30,0.0291,0.0079,2026-08-13,0.038356164383561646,24.925,0.0291,0.0079,8.62587763289869,Aug 2026,25.496239201722442,0.5712392017224417
01,20260813,975.0,call,23.45,25.2,29.25,21.48,857622531,872.49,2026-07-30,0.0291,0.0079,2026-08-13,0.038356164383561646,24.325,0.0291,0.0079,7.194244604316547,Aug 2026,24.620789627102948,0.2957896271029483
01,20260813,980.0,call,21.75,24.05,23.3,20.38,857622537,872.49,2026-07-30,0.0291,0.0079,2026-08-13,0.038356164383561646,22.9,0.0291,0.0079,10.043668122270745,Aug 2026,23.783082440131622,0.8830824401316235
01,20260813,985.0,call,20.65,23.15,19.15,19.34,857818155,872.49,2026-07-30,0.0291,0.0079,2026-08-13,0.038356164383561646,21.9,0.0291,0.0079,11.415525114155251,Aug 2026,22.980867010849998,1.0808670108499996
01,20260813,990.0,call,19.2,21.7,19.85,18.33,858198774,872.49,2026-07-30,0.0291,0.0079,2026-08-13,0.038356164383561646,20.45,0.0291,0.0079,12.224938875305623,Aug 2026,22.211096741130643,1.7610967411306433
01,20260813,995.0,call,18.4,20.25,18.65,17.37,858198780,872.49,2026-07-30,0.0291,0.0079,2026-08-13,0.038356164383561646,19.325,0.0291,0.0079,9.573091849935325,Aug 2026,21.47120860446864,2.14620860446864
01,20260813,1000.0,call,18.1,19.4,17.8,16.45,858198791,872.49,2026-07-30,0.0291,0.0079,2026-08-13,0.038356164383561646,18.75,0.0291,0.0079,6.9333333333333185,Aug 2026,20.759905877497772,2.009905877497772
01,20260813,1005.0,call,16.2,18.25,26.6,15.57,858198797,872.49,2026-07-30,0.0291,0.0079,2026-08-13,0.038356164383561646,17.225,0.0291,0.0079,11.901306240928884,Aug 2026,20.07682028406978,2.8518202840697775
01,20260813,1010.0,call,16.35,17.75,15.25,14.71,858535285,872.49,2026-07-30,0.0291,0.0079,2026-08-13,0.038356164383561646,17.05,0.0291,0.0079,8.211143695014654,Aug 2026,19.421487945914517,2.3714879459145166
01,20260813,1012.5,call,15.05,21.1,16.65,14.3,883684126,872.49,2026-07-30,0.0291,0.0079,2026-08-13,0.038356164383561646,18.075000000000003,0.0291,0.0079,33.4716459197787,Aug 2026,19.103856692624507,1.0288566926245046
01,20260813,1015.0,call,15.5,16.35,17.65,13.9,858535295,872.49,2026-07-30,0.0291,0.0079,2026-08-13,0.038356164383561646,15.925,0.0291,0.0079,5.337519623233917,Aug 2026,18.792603386484352,2.867603386484351
01,20260813,1020.0,call,14.55,15.7,15.2,13.18,858535301,872.49,2026-07-30,0.0291,0.0079,2026-08-13,0.038356164383561646,15.125,0.0291,0.0079,7.603305785123958,Aug 2026,18.188149123578214,3.0631491235782136
01,20260813,1025.0,call,13.15,14.7,15.25,12.42,858535311,872.49,2026-07-30,0.0291,0.0079,2026-08-13,0.038356164383561646,13.925,0.0291,0.0079,11.131059245960493,Aug 2026,17.60617850643382,3.6811785064338203
01,20260813,1027.5,call,11.5,16.35,15.1,12.07,883684150,872.49,2026-07-30,0.0291,0.0079,2026-08-13,0.038356164383561646,13.925,0.0291,0.0079,34.82944344703771,Aug 2026,17.32321915220743,3.398219152207428
01,20260813,1030.0,call,12.35,13.9,13.3,11.73,859077630,872.49,2026-07-30,0.0291,0.0079,2026-08-13,0.038356164383561646,13.125,0.0291,0.0079,11.809523809523814,Aug 2026,17.045509183826937,3.920509183826937
01,20260813,1032.5,call,10.9,17.05,14.3,11.4,883684156,872.49,2026-07-30,0.0291,0.0079,2026-08-13,0.038356164383561646,13.975000000000001,0.0291,0.0079,44.00715563506261,Aug 2026,16.773024198819012,2.798024198819011
01,20260813,1035.0,call,11.95,13.15,13.35,11.08,859077638,872.49,2026-07-30,0.0291,0.0079,2026-08-13,0.038356164383561646,12.55,0.0291,0.0079,9.561752988047818,Aug 2026,16.505753331265566,3.9557533312655657
01,20260813,1037.5,call,10.35,15.75,13.95,10.77,883684164,872.49,2026-07-30,0.0291,0.0079,2026-08-13,0.038356164383561646,13.05,0.0291,0.0079,41.37931034482759,Aug 2026,16.24367408712017,3.1936740871201685
01,20260813,1040.0,call,11.75,12.75,12.0,10.46,859077644,872.49,2026-07-30,0.0291,0.0079,2026-08-13,0.038356164383561646,12.25,0.0291,0.0079,8.16326530612245,Aug 2026,15.986731870028247,3.7367318700282475
01,20260813,1042.5,call,9.83,13.6,12.45,10.17,883684174,872.49,2026-07-30,0.0291,0.0079,2026-08-13,0.038356164383561646,11.715,0.0291,0.0079,32.18096457533077,Aug 2026,15.73482845356233,4.019828453562329
01,20260813,1045.0,call,10.5,11.8,11.95,9.88,859077656,872.49,2026-07-30,0.0291,0.0079,2026-08-13,0.038356164383561646,11.15,0.0291,0.0079,11.659192825112113,Aug 2026,15.487821413772638,4.337821413772637
01,20260910,845.0,call,91.45,124.0,,102.36,849518684,872.49,2026-07-30,0.0291,0.0079,2026-09-10,0.11506849315068493,107.725,0.0291,0.0079,30.215827338129493,Sep 2026,109.60803057706333,1.8830305770633373
01,20260910,847.5,call,90.5,122.5,,101.07,891559599,872.49,2026-07-30,0.0291,0.0079,2026-09-10,0.11506849315068493,106.5,0.0291,0.0079,30.046948356807512,Sep 2026,108.25125801764477,1.7512580176447727
01,20260910,850.0,call,88.25,128.9,,99.8,850147046,872.49,2026-07-30,0.0291,0.0079,2026-09-10,0.11506849315068493,108.575,0.0291,0.0079,37.4395579092793,Sep 2026,106.90696954843457,-1.6680304515654285
01,20260910,852.5,call,87.0,119.0,,98.54,891559604,872.49,2026-07-30,0.0291,0.0079,2026-09-10,0.11506849315068493,103.0,0.0291,0.0079,31.067961165048544,Sep 2026,105.57530014377375,2.5753001437737453
01,20260910,855.0,call,85.85,117.3,,97.29,850147052,872.49,2026-07-30,0.0291,0.0079,2026-09-10,0.11506849315068493,101.57499999999999,0.0291,0.0079,30.962343096234317,Sep 2026,104.25652431281563,2.6815243128156396
01,20260910,857.5,call,84.65,116.3,,96.05,891559614,872.49,2026-07-30,0.0291,0.0079,2026-09-10,0.11506849315068493,100.475,0.0291,0.0079,31.500373227170932,Sep 2026,102.9510270361301,2.4760270361301053
01,20260910,860.0,call,83.45,114.55,,94.82,850147063,872.49,2026-07-30,0.0291,0.0079,2026-09-10,0.11506849315068493,99.0,0.0291,0.0079,31.414141414141408,Sep 2026,101.6592368723915,2.659236872391503
01,20260910,862.5,call,82.3,113.2,,93.61,891559622,872.49,2026-07-30,0.0291,0.0079,2026-09-10,0.11506849315068493,97.75,0.0291,0.0079,31.61125319693095,Sep 2026,100.38154052135009,2.6315405213500895
01,20260910,865.0,call,81.15,111.85,,92.4,850147069,872.49,2026-07-30,0.0291,0.0079,2026-09-10,0.11506849315068493,96.5,0.0291,0.0079,31.813471502590666,Sep 2026,99.11820556438597,2.618205564385974
01,20260910,867.5,call,74.4,111.45,,91.21,891559628,872.49,2026-07-30,0.0291,0.0079,2026-09-10,0.11506849315068493,92.92500000000001,0.0291,0.0079,39.87086359967715,Sep 2026,97.86933776406084,4.944337764060833
01,20260910,870.0,call,78.9,109.55,,90.03,850409498,872.49,2026-07-30,0.0291,0.0079,2026-09-10,0.11506849315068493,94.225,0.0291,0.0079,32.52852215441761,Sep 2026,96.6348909851394,2.4098909851394126
01,20260910,872.5,call,78.2,108.25,,88.86,891559639,872.49,2026-07-30,0.0291,0.0079,2026-09-10,0.11506849315068493,93.225,0.0291,0.0079,32.23384285331188,Sep 2026,95.41473362671204,2.189733626712041
01,20260910,875.0,call,76.65,106.95,,87.7,850409507,872.49,2026-07-30,0.0291,0.0079,2026-09-10,0.11506849315068493,91.80000000000001,0.0291,0.0079,33.00653594771241,Sep 2026,94.20875927660174,2.408759276601728
01,20260910,877.5,call,75.8,105.65,95.0,86.55,891559645,872.49,2026-07-30,0.0291,0.0079,2026-09-10,0.11506849315068493,90.725,0.0291,0.0079,32.901625792229275,Sep 2026,93.01701559587447,2.2920155958744743
01,20260910,880.0,call,74.5,104.35,,85.41,850409513,872.49,2026-07-30,0.0291,0.0079,2026-09-10,0.11506849315068493,89.425,0.0291,0.0079,33.37992731339111,Sep 2026,91.83981807122599,2.4148180712259943
01,20260910,882.5,call,73.45,102.7,,84.29,891559652,872.49,2026-07-30,0.0291,0.0079,2026-09-10,0.11506849315068493,88.075,0.0291,0.0079,33.21033210332103,Sep 2026,90.67781641120719,2.6028164112071863
01,20260910,885.0,call,72.8,102.85,,83.17,850881816,872.49,2026-07-30,0.0291,0.0079,2026-09-10,0.11506849315068493,87.82499999999999,0.0291,0.0079,34.21576999715343,Sep 2026,89.53199092014684,1.7069909201468505
01,20260910,887.5,call,70.95,100.55,,82.07,891559662,872.49,2026-07-30,0.0291,0.0079,2026-09-10,0.11506849315068493,85.75,0.0291,0.0079,34.51895043731778,Sep 2026,88.40357185551979,2.653571855519786
01,20260910,890.0,call,70.3,100.35,,80.98,851486583,872.49,2026-07-30,0.0291,0.0079,2026-09-10,0.11506849315068493,85.32499999999999,0.0291,0.0079,35.21828303545268,Sep 2026,87.29389267447749,1.9688926744775017
01,20260910,892.5,call,65.0,105.6,,79.9,891559669,872.49,2026-07-30,0.0291,0.0079,2026-09-10,0.11506849315068493,85.3,0.0291,0.0079,47.59671746776084,Sep 2026,86.20420377462435,0.9042037746243494
01,20260910,895.0,call,64.45,104.35,,78.82,851927369,872.49,2026-07-30,0.0291,0.0079,2026-09-10,0.11506849315068493,84.4,0.0291,0.0079,47.27488151658766,Sep 2026,85.13548300713713,0.7354830071371197
01,20260910,897.5,call,63.45,103.1,,77.76,891559679,872.49,2026-07-30,0.0291,0.0079,2026-09-10,0.11506849315068493,83.275,0.0291,0.0079,47.61332933053136,Sep 2026,84.08828061539224,0.8132806153922303
01,20260910,900.0,call,62.5,101.8,,76.72,851927378,872.49,2026-07-30,0.0291,0.0079,2026-09-10,0.11506849315068493,82.15,0.0291,0.0079,47.83931832014606,Sep 2026,83.06262912967294,0.9126291296729363
01,20260910,902.5,call,61.55,100.6,,75.68,891559684,872.49,2026-07-30,0.0291,0.0079,2026-09-10,0.11506849315068493,81.07499999999999,0.0291,0.0079,48.16527906259636,Sep 2026,82.05803497488229,0.9830349748823011
01,20260910,905.0,call,62.2,99.35,,74.65,852441100,872.49,2026-07-30,0.0291,0.0079,2026-09-10,0.11506849315068493,80.775,0.0291,0.0079,45.99195295574124,Sep 2026,81.07355148113236,0.29855148113234975
01,20260910,907.5,call,63.0,91.85,,73.63,891559694,872.49,2026-07-30,0.0291,0.0079,2026-09-10,0.11506849315068493,77.425,0.0291,0.0079,37.26186632224733,Sep 2026,80.107916615018,2.6829166150180015
01,20260910,910.0,call,60.35,96.95,,72.63,852441111,872.49,2026-07-30,0.0291,0.0079,2026-09-10,0.11506849315068493,78.65,0.0291,0.0079,46.535282898919256,Sep 2026,79.1597267051359,0.5097267051358898
01,20260910,915.0,call,60.2,94.65,,70.65,854609310,872.49,2026-07-30,0.0291,0.0079,2026-09-10,0.11506849315068493,77.42500000000001,0.0291,0.0079,44.49467226348079,Sep 2026,77.31038336507845,-0.11461663492156049
01,20260910,920.0,call,58.35,86.4,,68.71,854609319,872.49,2026-07-30,0.0291,0.0079,2026-09-10,0.11506849315068493,72.375,0.0291,0.0079,38.756476683937834,Sep 2026,75.51721987878621,3.1422198787862072
01,20260910,925.0,call,56.6,90.1,,66.81,854609325,872.49,2026-07-30,0.0291,0.0079,2026-09-10,0.11506849315068493,73.35,0.0291,0.0079,45.67143830947511,Sep 2026,73.7763170186892,0.426317018689204
01,20260910,930.0,call,55.6,87.85,,64.96,854609334,872.49,2026-07-30,0.0291,0.0079,2026-09-10,0.11506849315068493,71.725,0.0291,0.0079,44.963401882188904,Sep 2026,72.08676294704375,0.3617629470437578
01,20260910,935.0,call,53.25,83.55,,63.14,854609340,872.49,2026-07-30,0.0291,0.0079,2026-09-10,0.11506849315068493,68.4,0.0291,0.0079,44.298245614035075,Sep 2026,70.44792786619202,2.047927866192012
01,20260910,940.0,call,52.15,83.55,86.65,61.37,856730782,872.49,2026-07-30,0.0291,0.0079,2026-09-10,0.11506849315068493,67.85,0.0291,0.0079,46.278555637435524,Sep 2026,68.85777578408931,1.0077757840893184
01,20260910,945.0,call,50.55,79.4,,59.63,856730791,872.49,2026-07-30,0.0291,0.0079,2026-09-10,0.11506849315068493,64.975,0.0291,0.0079,44.40169295883034,Sep 2026,67.31314415144169,2.3381441514416963
01,20260910,950.0,call,49.2,79.45,,57.94,856730797,872.49,2026-07-30,0.0291,0.0079,2026-09-10,0.11506849315068493,64.325,0.0291,0.0079,47.02681694520015,Sep 2026,65.81112066580079,1.486120665800783
01,20260910,955.0,call,47.65,77.4,,56.28,856730806,872.49,2026-07-30,0.0291,0.0079,2026-09-10,0.11506849315068493,62.525000000000006,0.0291,0.0079,47.58096761295483,Sep 2026,64.3500030586107,1.8250030586106902
01,20261008,890.0,call,85.55,130.9,,101.73,872509364,872.49,2026-07-30,0.0291,0.0079,2026-10-08,0.1917808219178082,108.225,0.0291,0.0079,41.903441903441916,Oct 2026,108.50798702044577,0.2829870204457734
01,20261008,892.5,call,77.8,123.75,,100.63,900256122,872.49,2026-07-30,0.0291,0.0079,2026-10-08,0.1917808219178082,100.775,0.0291,0.0079,45.59662614735797,Oct 2026,107.39682711518542,6.621827115185411
01,20261008,895.0,call,82.8,123.5,,99.54,872509374,872.49,2026-07-30,0.0291,0.0079,2026-10-08,0.1917808219178082,103.15,0.0291,0.0079,39.45710130877363,Oct 2026,106.29849647680746,3.148496476807452
01,20261008,900.0,call,80.85,126.15,133.0,97.38,872509382,872.49,2026-07-30,0.0291,0.0079,2026-10-08,0.1917808219178082,103.5,0.0291,0.0079,43.76811594202899,Oct 2026,104.14337603755469,0.6433760375546882
01,20261008,905.0,call,79.6,123.6,,95.27,872509388,872.49,2026-07-30,0.0291,0.0079,2026-10-08,0.1917808219178082,101.6,0.0291,0.0079,43.30708661417323,Oct 2026,102.05000236036544,0.4500023603654455
01,20261008,907.5,call,71.7,117.55,,94.22,900256145,872.49,2026-07-30,0.0291,0.0079,2026-10-08,0.1917808219178082,94.625,0.0291,0.0079,48.45442536327608,Oct 2026,101.02868606318928,6.403686063189284
01,20261008,910.0,call,77.7,116.4,,93.19,872509399,872.49,2026-07-30,0.0291,0.0079,2026-10-08,0.1917808219178082,97.05000000000001,0.0291,0.0079,39.876352395672335,Oct 2026,100.02500996448298,2.9750099644829646
01,20261008,912.5,call,69.65,115.35,,92.16,900256155,872.49,2026-07-30,0.0291,0.0079,2026-10-08,0.1917808219178082,92.5,0.0291,0.0079,49.405405405405396,Oct 2026,99.03906854895352,6.539068548953523
01,20261008,915.0,call,75.85,114.1,,91.15,872509405,872.49,2026-07-30,0.0291,0.0079,2026-10-08,0.1917808219178082,94.975,0.0291,0.0079,40.273756251645175,Oct 2026,98.07056336683974,3.095563366839741
01,20261008,920.0,call,74.0,112.0,,89.15,872509412,872.49,2026-07-30,0.0291,0.0079,2026-10-08,0.1917808219178082,93.0,0.0291,0.0079,40.86021505376344,Oct 2026,96.18300207406706,3.183002074067062
01,20261008,925.0,call,72.2,114.3,,87.18,872509422,872.49,2026-07-30,0.0291,0.0079,2026-10-08,0.1917808219178082,93.25,0.0291,0.0079,45.14745308310991,Oct 2026,94.35474463060349,1.1047446306034914
01,20261008,930.0,call,69.95,112.0,,85.26,872509429,872.49,2026-07-30,0.0291,0.0079,2026-10-08,0.1917808219178082,90.975,0.0291,0.0079,46.22148942017038,Oct 2026,92.57795024753985,1.6029502475398516
01,20261008,935.0,call,68.15,109.8,,83.37,872509439,872.49,2026-07-30,0.0291,0.0079,2026-10-08,0.1917808219178082,88.975,0.0291,0.0079,46.81090193874683,Oct 2026,90.84739179236661,1.8723917923666136
01,20261008,940.0,call,66.9,107.9,,81.52,872509444,872.49,2026-07-30,0.0291,0.0079,2026-10-08,0.1917808219178082,87.4,0.0291,0.0079,46.910755148741416,Oct 2026,89.16095060210829,1.7609506021082808
01,20261008,945.0,call,65.2,105.65,,79.7,872509454,872.49,2026-07-30,0.0291,0.0079,2026-10-08,0.1917808219178082,85.42500000000001,0.0291,0.0079,47.351477904594674,Oct 2026,87.51808965036419,2.0930896503641776
01,20261008,950.0,call,64.8,103.5,,77.92,872509461,872.49,2026-07-30,0.0291,0.0079,2026-10-08,0.1917808219178082,84.15,0.0291,0.0079,45.98930481283423,Oct 2026,85.91796342420928,1.7679634242092703
01,20261008,955.0,call,61.95,101.45,,76.18,872509471,872.49,2026-07-30,0.0291,0.0079,2026-10-08,0.1917808219178082,81.7,0.0291,0.0079,48.34761321909424,Oct 2026,84.35862620177024,2.6586262017702325
01,20261008,960.0,call,61.1,99.55,,74.47,872509478,872.49,2026-07-30,0.0291,0.0079,2026-10-08,0.1917808219178082,80.325,0.0291,0.0079,47.86803610333021,Oct 2026,82.83757126447992,2.5125712644799165
01,20261008,965.0,call,58.8,97.55,,72.8,872509484,872.49,2026-07-30,0.0291,0.0079,2026-10-08,0.1917808219178082,78.175,0.0291,0.0079,49.56827630316597,Oct 2026,81.3527425110538,3.1777425110538076
01,20261112,905.0,call,90.9,147.25,,115.63,905887760,872.49,2026-07-30,0.0291,0.0079,2026-11-12,0.2876712328767123,119.075,0.0291,0.0079,47.323115683392814,Nov 2026,118.82890787381395,-0.24609212618605625
01,20261112,910.0,call,89.2,144.9,,113.74,905887765,872.49,2026-07-30,0.0291,0.0079,2026-11-12,0.2876712328767123,117.05000000000001,0.0291,0.0079,47.58650149508757,Nov 2026,116.73626896050445,-0.3137310394955648
01,20261112,915.0,call,87.35,142.45,,111.89,903724736,872.49,2026-07-30,0.0291,0.0079,2026-11-12,0.2876712328767123,114.89999999999999,0.0291,0.0079,47.954743255004345,Nov 2026,114.69345545092486,-0.20654454907513298
01,20261112,920.0,call,85.45,140.2,,110.06,903724746,872.49,2026-07-30,0.0291,0.0079,2026-11-12,0.2876712328767123,112.82499999999999,0.0291,0.0079,48.5264790604919,Nov 2026,112.7058934909339,-0.11910650906608566
01,20261112,925.0,call,83.7,138.05,,108.26,903724753,872.49,2026-07-30,0.0291,0.0079,2026-11-12,0.2876712328767123,110.875,0.0291,0.0079,49.01916572717025,Nov 2026,110.77749027355763,-0.0975097264423681
01,20261112,930.0,call,81.55,135.85,,106.49,903724763,872.49,2026-07-30,0.0291,0.0079,2026-11-12,0.2876712328767123,108.69999999999999,0.0291,0.0079,49.954001839926406,Nov 2026,108.908422909348,0.2084229093480161
01,20261210,920.0,call,97.2,156.65,,116.76,854609358,872.49,2026-07-30,0.0291,0.0079,2026-12-10,0.3643835616438356,126.92500000000001,0.0291,0.0079,46.838684262359656,Dec 2026,122.38650627761265,-4.538493722387358
01,20261210,925.0,call,95.4,154.4,,114.75,854609365,872.49,2026-07-30,0.0291,0.0079,2026-12-10,0.3643835616438356,124.9,0.0291,0.0079,47.237790232185745,Dec 2026,120.40723406453223,-4.492765935467773
01,20261210,930.0,call,93.45,152.2,,112.78,854609375,872.49,2026-07-30,0.0291,0.0079,2026-12-10,0.3643835616438356,122.82499999999999,0.0291,0.0079,47.83228170160797,Dec 2026,118.47867454116471,-4.346325458835281
01,20261210,935.0,call,91.75,150.0,,110.83,854609382,872.49,2026-07-30,0.0291,0.0079,2026-12-10,0.3643835616438356,120.875,0.0291,0.0079,48.19027921406411,Dec 2026,116.60334384703378,-4.271656152966216
01,20261210,940.0,call,88.8,147.85,,108.87,856730820,872.49,2026-07-30,0.0291,0.0079,2026-12-10,0.3643835616438356,118.32499999999999,0.0291,0.0079,49.90492288189309,Dec 2026,114.78074039631484,-3.5442596036851484
01,20270114,920.0,call,102.5,157.85,,136.44,903724912,872.49,2026-07-30,0.0291,0.0079,2027-01-14,0.4602739726027397,130.175,0.0291,0.0079,42.51968503937007,Jan 2027,132.13533411329524,1.9603341132952323
01,20270114,925.0,call,100.75,155.7,,134.65,903724922,872.49,2026-07-30,0.0291,0.0079,2027-01-14,0.4602739726027397,128.225,0.0291,0.0079,42.854357574575936,Jan 2027,130.12903672969608,1.904036729696088
01,20270114,930.0,call,98.95,153.65,,132.88,903724928,872.49,2026-07-30,0.0291,0.0079,2027-01-14,0.4602739726027397,126.30000000000001,0.0291,0.0079,43.30958036421219,Jan 2027,128.16246686770904,1.8624668677090312
01,20270114,935.0,call,97.2,151.65,,131.13,903724938,872.49,2026-07-30,0.0291,0.0079,2027-01-14,0.4602739726027397,124.42500000000001,0.0291,0.0079,43.761301989150084,Jan 2027,126.23828028539751,1.8132802853974965
01,20270114,940.0,call,95.6,149.6,,129.4,903724945,872.49,2026-07-30,0.0291,0.0079,2027-01-14,0.4602739726027397,122.6,0.0291,0.0079,44.045676998368684,Jan 2027,124.35938464806853,1.759384648068533
01,20270114,945.0,call,93.85,147.7,,127.68,903724955,872.49,2026-07-30,0.0291,0.0079,2027-01-14,0.4602739726027397,120.77499999999999,0.0291,0.0079,44.58704202028565,Jan 2027,122.52749513191878,1.752495131918792
01,20270114,950.0,call,92.15,145.75,,125.98,903724962,872.49,2026-07-30,0.0291,0.0079,2027-01-14,0.4602739726027397,118.95,0.0291,0.0079,45.060949978982755,Jan 2027,120.74214488689391,1.792144886893908
01,20270114,955.0,call,90.5,143.8,,124.3,903724968,872.49,2026-07-30,0.0291,0.0079,2027-01-14,0.4602739726027397,117.15,0.0291,0.0079,45.497225778915926,Jan 2027,119.00079874921055,1.85079874921054
01,20270114,960.0,call,88.9,141.85,,122.63,901079701,872.49,2026-07-30,0.0291,0.0079,2027-01-14,0.4602739726027397,115.375,0.0291,0.0079,45.89382448537377,Jan 2027,117.29994995036556,1.9249499503655585
01,20270114,965.0,call,87.3,140.1,,120.98,901079711,872.49,2026-07-30,0.0291,0.0079,2027-01-14,0.4602739726027397,113.69999999999999,0.0291,0.0079,46.43799472295515,Jan 2027,115.63644829746897,1.936448297468985
01,20270114,970.0,call,85.65,138.3,,119.35,901079718,872.49,2026-07-30,0.0291,0.0079,2027-01-14,0.4602739726027397,111.97500000000001,0.0291,0.0079,47.01942397856665,Jan 2027,114.00826348344248,2.033263483442468
01,20270114,975.0,call,84.0,136.55,,117.73,901079724,872.49,2026-07-30,0.0291,0.0079,2027-01-14,0.4602739726027397,110.275,0.0291,0.0079,47.65359328950352,Jan 2027,112.4143888459881,2.139388845988094
01,20270114,980.0,call,82.35,134.75,,116.13,901079735,872.49,2026-07-30,0.0291,0.0079,2027-01-14,0.4602739726027397,108.55,0.0291,0.0079,48.272685398433914,Jan 2027,110.85420159956082,2.3042015995608267
01,20270114,985.0,call,80.95,133.1,,114.55,901079741,872.49,2026-07-30,0.0291,0.0079,2027-01-14,0.4602739726027397,107.025,0.0291,0.0079,48.72693295958887,Jan 2027,109.32686647144484,2.301866471444839
01,20270114,990.0,call,79.3,131.4,,112.99,901079749,872.49,2026-07-30,0.0291,0.0079,2027-01-14,0.4602739726027397,105.35,0.0291,0.0079,49.45420028476508,Jan 2027,107.83117685947165,2.4811768594716597
01,20270114,995.0,call,77.9,129.75,,111.44,901079759,872.49,2026-07-30,0.0291,0.0079,2027-01-14,0.4602739726027397,103.825,0.0291,0.0079,49.939802552371766,Jan 2027,106.36580702340694,2.5408070234069413
01,20270311,800.0,call,168.9,232.3,,206.58,863897058,872.49,2026-07-30,0.0291,0.0079,2027-03-11,0.6136986301369863,200.60000000000002,0.0291,0.0079,31.605184446660022,Mar 2027,202.71492218320276,2.1149221832027365
01,20270311,810.0,call,151.1,236.6,,202.15,863897075,872.49,2026-07-30,0.0291,0.0079,2027-03-11,0.6136986301369863,193.85,0.0291,0.0079,44.10626773278308,Mar 2027,197.24491289572595,3.394912895725952
01,20270311,820.0,call,145.6,231.55,,197.66,863897088,872.49,2026-07-30,0.0291,0.0079,2027-03-11,0.6136986301369863,188.575,0.0291,0.0079,45.57868222192763,Mar 2027,191.8863878865412,3.311387886541212
01,20270311,935.0,call,109.55,174.75,,152.99,863897275,872.49,2026-07-30,0.0291,0.0079,2027-03-11,0.6136986301369863,142.15,0.0291,0.0079,45.8670418571931,Mar 2027,138.87217660467667,-3.277823395323338
01,20270311,940.0,call,107.65,172.75,,151.22,863897283,872.49,2026-07-30,0.0291,0.0079,2027-03-11,0.6136986301369863,140.2,0.0291,0.0079,46.43366619115549,Mar 2027,136.95495611784585,-3.2450438821541354
01,20270311,945.0,call,105.75,170.75,,149.47,863897289,872.49,2026-07-30,0.0291,0.0079,2027-03-11,0.6136986301369863,138.25,0.0291,0.0079,47.01627486437613,Mar 2027,135.07337989905764,-3.1766201009423582
01,20270311,950.0,call,104.25,168.8,,147.73,863897298,872.49,2026-07-30,0.0291,0.0079,2027-03-11,0.6136986301369863,136.525,0.0291,0.0079,47.280717817249595,Mar 2027,133.22913175013556,-3.2958682498644407
01,20270311,955.0,call,102.3,166.9,,146.0,865290596,872.49,2026-07-30,0.0291,0.0079,2027-03-11,0.6136986301369863,134.6,0.0291,0.0079,47.99405646359585,Mar 2027,131.42376734320658,-3.1762326567934167
01,20270311,960.0,call,100.4,165.0,,144.29,865290606,872.49,2026-07-30,0.0291,0.0079,2027-03-11,0.6136986301369863,132.7,0.0291,0.0079,48.68123587038432,Mar 2027,129.6579049628192,-3.042095037180786
01,20270311,965.0,call,99.55,163.05,,142.59,865776595,872.49,2026-07-30,0.0291,0.0079,2027-03-11,0.6136986301369863,131.3,0.0291,0.0079,48.36252856054837,Mar 2027,127.9308105053192,-3.3691894946808105
01,20270311,970.0,call,98.1,161.2,,140.82,865776601,872.49,2026-07-30,0.0291,0.0079,2027-03-11,0.6136986301369863,129.64999999999998,0.0291,0.0079,48.669494793675284,Mar 2027,126.2406330378003,-3.409366962199684
01,20270311,975.0,call,96.4,159.3,,139.15,865776608,872.49,2026-07-30,0.0291,0.0079,2027-03-11,0.6136986301369863,127.85000000000001,0.0291,0.0079,49.19827923347673,Mar 2027,124.58511375097682,-3.264886249023192
01,20270311,980.0,call,95.25,157.5,,137.5,865776618,872.49,2026-07-30,0.0291,0.0079,2027-03-11,0.6136986301369863,126.375,0.0291,0.0079,49.25816023738872,Mar 2027,122.96231200672094,-3.4126879932790644
01,20270311,985.0,call,93.6,155.75,,135.86,865776625,872.49,2026-07-30,0.0291,0.0079,2027-03-11,0.6136986301369863,124.675,0.0291,0.0079,49.84960898335674,Mar 2027,121.37094917985478,-3.3040508201452212
