,headline_index,headline_yoy,core_index,core_yoy
2002-03,66.6475082439757,,69.0903473206946,
2002-04,67.0557553516312,,69.4111745112987,
2002-05,67.5516856578338,,69.6342242010227,
2002-06,67.6547303924971,,69.7589890052747,
2002-07,67.5383703423426,,69.9600338813333,
2002-08,67.8164170476376,,70.1321831556271,
2002-09,68.0686859745612,,70.338658939074,
2002-10,67.9367503821468,,70.6354516649061,
2002-11,68.497874562117,,70.855797619825,
2002-12,68.7543390304206,,71.0317210191647,
2003-01,68.8959654834022,,71.1447472064723,
2003-02,69.156699057194,,71.3181411635026,
2003-03,69.6761172259914,4.544219374157121,71.6388584169347,3.6886644735055985
2003-04,69.5782566398506,3.761796843524823,71.8345214521683,3.4912922277019476
2003-05,69.6801529713497,3.1508722436581538,71.9826542737591,3.372522778392506
2003-06,69.674713077725,2.985722762486853,72.1799215525137,3.470423785895105
2003-07,69.6635253560268,3.1465891209871977,72.2326847689684,3.2484988379079205
2003-08,69.8137615047074,2.945222623110233,72.3403470450008,3.1485742921671944
2003-09,70.2928590635841,3.2675422731887727,72.5672703256227,3.1684018719763785
2003-10,70.4912980704173,3.760185281016648,72.6810539283462,2.895999409962613
2003-11,70.8499054255453,3.433728241152023,72.6872151889332,2.584710963151693
2003-12,71.1195130373236,3.440035989374457,73.0569272933492,2.851129389977869
2004-01,71.2443938929595,3.4086588279585994,73.131544958528,2.7926134114859114
2004-02,71.4551892758585,3.3235973520997497,73.1569038810642,2.5782538461652793
2004-03,71.8379008632319,3.1026178313421804,73.3379870522769,2.371797475405546
2004-04,71.8503544008712,3.265528443435106,73.4190458881138,2.2057979978339137
2004-05,71.9861783901833,3.309443680156332,73.5524644057988,2.1808172369825574
2004-06,72.2167597326783,3.648449405335241,73.7499312677376,2.1751335848732456
2004-07,72.6571323451569,4.2972372900033085,74.1112119790422,2.6006609280579074
2004-08,73.1455327408183,4.772370323988695,74.2219117072343,2.600989266837539
2004-09,72.9722874841839,3.8118074243872924,74.2784354259666,2.3580397783540707
2004-10,73.1647084953389,3.792539644043713,74.3937997604494,2.3565231095736827
2004-11,73.1901333152378,3.3030783536497355,74.3828867173989,2.3328332555569986
2004-12,73.2678481835659,3.020739392738614,74.6289149390971,2.1517297592270834
2005-01,73.6833031128984,3.4232998369011725,75.1141713727924,2.7110413370710518
2005-02,73.8942643399661,3.4134330743864627,75.2018858303616,2.7953369276289664
2005-03,74.0187213104621,3.035751909541662,75.1706193742194,2.498885496592851
2005-04,74.1126632504464,3.148639792301111,75.2875912442725,2.5450417307332662
2005-05,74.1811846558205,3.049205159551205,75.3395248556499,2.4296404808296312
2005-06,74.2104846675352,2.7607510254364698,75.4801254447864,2.346028189189231
2005-07,74.4441591490936,2.459533904321254,75.5405492394331,1.9286383560899178
2005-08,74.5654635119377,1.9412405897031748,75.7565881101292,2.067686438673766
2005-09,74.7738710418237,2.468859918952493,75.8243975335357,2.081306773228908
2005-10,74.8417740995054,2.2921783448003996,75.9393248973044,2.077491863342984
2005-11,74.9980069363953,2.470105653955823,76.0568489731623,2.2504669146859557
2005-12,75.1907261845578,2.6244499445026825,76.2096794912658,2.1181663346689694
2006-01,75.3330238765616,2.238934322929964,76.2512191113232,1.5137592783758702
2006-02,75.4244519262784,2.0707799177380526,76.3897780914495,1.579604351634889
2006-03,75.5467591049823,2.0643936661794537,76.5365829732175,1.817150916634036
2006-04,75.6300044296424,2.047344020101516,76.6809864821974,1.8507634723018196
2006-05,75.8730393080585,2.280705896094437,76.9346773436738,2.1172850387365827
2006-06,75.9790138172025,2.383125723528634,76.993104614648,2.004473576250687
2006-07,76.1598438402281,2.3046599098505594,77.1856221623408,2.1777349244489708
2006-08,76.5429482360787,2.6520115761426544,77.2645928815598,1.9905922495326411
2006-09,76.6415510897632,2.4977709752312283,77.4856899616402,2.1909734625583432
2006-10,76.5032116985618,2.2199334783906233,77.6019852480571,2.189458956872725
2006-11,76.5486260476261,2.0675470916792005,77.779068881209,2.2643850373743613
2006-12,76.7562370938524,2.082053184926047,77.8674845083911,2.1753208098917343
2007-01,76.6050760322145,1.688571744759959,77.9863558163784,2.2755527390611263
2007-02,77.0898695967944,2.2080606858685847,78.2571056945925,2.4444731347531112
2007-03,77.2336232653996,2.2328742892506748,78.5202913540451,2.591843408428307
2007-04,77.5130388218512,2.4897980720873347,78.7659431946736,2.719000899864854
2007-05,77.6367471929092,2.3245515151827822,78.8344103598887,2.4692805400724938
2007-06,77.8748355123177,2.4951912375124286,78.9647062753003,2.56075095363435
2007-07,78.0561890307429,2.4899541476122833,79.1373799866365,2.528654650461526
2007-08,78.0807216143648,2.0090333776316083,79.3086849489571,2.6455741124925325
2007-09,78.4404320930925,2.3471354346970896,79.3661489911883,2.4268468545340705
2007-10,78.8338861595778,3.046505380975817,79.638025623444,2.623696248077456
2007-11,79.2331965561494,3.507013315762242,79.7260858601972,2.503265990445147
2007-12,79.5275358424612,3.610519292680081,79.8930041947465,2.6012393994018446
2008-01,79.5719461292694,3.8729419128926468,80.159457876857,2.7865157151274467
2008-02,79.835554951675,3.56166817928405,80.3483990732149,2.67233672911944
2008-03,80.3108564537169,3.984318044671986,80.9661180575497,3.114897641523595
2008-04,80.7174202218404,4.133990163066437,81.2334256917341,3.1326768867123267
2008-05,81.4208334634734,4.874091725097185,81.4994889006476,3.3806031257067826
2008-06,82.1666770924225,5.5112046810371185,81.7608440808486,3.5409969053768364
2008-07,82.663180191625,5.902147181522799,82.157905080029,3.8168120980281994
2008-08,82.4631822776907,5.612730739055616,82.2521479346582,3.711400570562362
2008-09,82.4732490247685,5.1412477265422085,82.6107975593407,4.088202097990967
2008-10,82.6652078891343,4.859993482753122,82.8067352042262,3.9788901796297127
2008-11,82.8056609730858,4.5087975396836955,83.1168416588883,4.253006731870568
2008-12,82.7941208812447,4.107489316976176,83.4212055238001,4.416158041138729
2009-01,82.5248413331658,3.7109752212158176,83.3011816086936,3.9193425392958448
2009-02,83.0612891199068,4.040473157835955,83.5706803341156,4.010386389857601
2009-03,83.4430769142368,3.9001208539283905,83.7272343779393,3.410212057378148
2009-04,83.6357688231489,3.6155127273491017,83.7836403350618,3.139366118825637
2009-05,83.6657288257725,2.7571510469813543,84.0236627126569,3.0971652044179176
2009-06,83.8033424591355,1.9918845749013814,84.2601572456467,3.0568583200127897
2009-07,84.0303593363943,1.6539154936937805,84.3535283313062,2.672443082790954
2009-08,84.2619687745648,2.181320738771375,84.5080697745692,2.7426904908345096
2009-09,84.2720459282629,2.181067103290868,84.716479656237,2.548918735936123
2009-10,84.3165235372424,1.997594502299882,84.839483505015,2.4548103433560398
2009-11,84.8125308442293,2.4235901840041763,85.0691648486616,2.3488900093023624
2009-12,85.0956228109622,2.77978907828329,85.2065563860894,2.1401643036433216
2010-01,85.3788210123687,3.458327981123821,85.2799076864681,2.375387767090209
2010-02,85.4543914585518,2.8811283378835206,85.3499813415148,2.1290971908874745
2010-03,85.4888131964198,2.451654897967881,85.2239855991231,1.7876515715633978
2010-04,85.8384929089972,2.633710572453807,85.4425228386161,1.9799599264489043
2010-05,85.9694681002622,2.7535041011679473,85.5262527503028,1.7882939033310619
2010-06,86.0884985841396,2.7268078550905184,85.668169329293,1.6710294991990837
2010-07,86.2008474233586,2.5829808465715365,85.8746911406909,1.8033185326999046
2010-08,86.5393805144144,2.7027753718199987,86.0861795904677,1.8674072430102884
2010-09,87.1529786267308,3.418610129532529,86.245498432466,1.8048658093837933
2010-10,87.4368183268295,3.7006919387619908,86.365034377114,1.7981614327117201
2010-11,87.3197929409921,2.956240159096013,86.367942497462,1.5267313968709173
2010-12,87.6351087243924,2.984273255830794,86.5907117209489,1.624470455756466
2011-01,88.266257361227,3.381911713725816,86.8712484310818,1.8660207167018328
2011-02,88.7388795538186,3.8435568251163454,87.1216854626686,2.075810789066934
2011-03,89.0276380821247,4.139518088260341,87.335276974986,2.4773440962899906
2011-04,89.1593563608968,3.8687345727519418,87.6276668122827,2.5574431805974296
2011-05,89.3709686493672,3.956637890486858,87.8622054633584,2.731269800718983
2011-06,89.7558117453909,4.259933930276416,88.0805397862585,2.8159472483797243
2011-07,90.1364486849862,4.565617832384716,88.291025354588,2.8137908641072684
2011-08,90.6152169984267,4.70980547790425,88.4674856453214,2.766188563811456
2011-09,90.419138546233,3.7476170877542847,88.4724779026161,2.582139950056561
2011-10,90.5434091524378,3.552955019470394,88.5859835332624,2.5715837111238704
2011-11,90.9352950790408,4.140529903102186,88.7767369683538,2.788991379483874
2011-12,91.2376488331606,4.110841147122901,88.9036354193124,2.6710990733246565
2012-01,91.1893589063405,3.3116862915698153,88.9303416791261,2.370281635445659
2012-02,91.3695768925801,2.964537474429152,89.1949901078377,2.379780228261885
2012-03,91.4138414424432,2.6802950316589635,88.9430314594309,1.8408992793431889
2012-04,91.4843131647994,2.6076419781359883,89.0150170655091,1.583233131378936
2012-05,91.6773054112228,2.5806330587107684,89.164922044119,1.4826814031021263
2012-06,91.7492484769173,2.220955604725794,89.3169355934527,1.4037105247021842
2012-07,91.4918911063041,1.5037672784901535,89.3501839427796,1.199622027196856
2012-08,91.7618854291774,1.265425906082207,89.4676759751485,1.1305739306721074
2012-09,92.3076227001459,2.0885889694107984,89.6836126403203,1.3689395464172804
2012-10,92.4402580448205,2.0949607598595987,89.821133104958,1.394294585250977
2012-11,92.3752179833672,1.5834587693093427,89.9986173445348,1.3763519790286338
2012-12,92.4742425103318,1.3553546074301703,90.0890597413744,1.333381156429625
2013-01,92.6795676828798,1.634191526743689,90.2450688875623,1.478378676627523
2013-02,92.7897583458147,1.5543263978383681,90.4060259893582,1.3577398013681519
2013-03,92.7873287048887,1.5024937589022347,90.3157947896911,1.5434186441985132
2013-04,92.7475059003971,1.380775230090192,90.3278379719392,1.4748308203591742
2013-05,92.7439876914066,1.1635183597501486,90.560066102997,1.564678156941235
2013-06,92.8133628684546,1.1598072019140426,90.6901699146353,1.5374848141154418
2013-07,92.988914338169,1.6362359699457096,90.7050335092559,1.516336628186421
2013-08,93.146276028179,1.5086771512232033,90.6209880604373,1.289082423029697
2013-09,93.210481441319,0.9780977071698338,91.0522570602199,1.5260808297147932
2013-10,93.2156439808193,0.8387968103927612,91.2412031629697,1.5809977105859074
2013-11,93.4541709602308,1.1680112917924257,91.5435186134748,1.7165833370814898
2013-12,93.4877015409686,1.0959365582514202,91.560440895888,1.6332517607993813
2014-01,93.703350040522,1.1046473168123239,91.5771456648594,1.4760659986383873
2014-02,93.7209911788651,1.0035944156464138,91.6625519233536,1.3898696688020795
2014-03,94.0197922266375,1.328267058607402,91.8889643592296,1.741854315960767
2014-04,94.1687258605875,1.5323538313975371,92.0685918384696,1.9271510373924494
2014-05,94.297219152202,1.6747516463962775,92.1881036902852,1.797743373372307
2014-06,94.3472117674574,1.6526164461649007,92.2587688668382,1.7296240085109327
2014-07,94.4844203646337,1.6082627021819729,92.3960053096643,1.864253542484895
2014-08,94.4353507126721,1.3839250901486633,92.4769690613042,2.0480697028254724
2014-09,94.2763444992651,1.1435012902675679,92.5762400285316,1.673745404579896
2014-10,94.2624864630652,1.1230330420302748,92.7056656659811,1.6050451465394078
2014-11,94.3483276667847,0.9567863021698653,92.795725233216,1.36788124239402
2014-12,94.2358449660066,0.8002586572418258,92.8667148385237,1.4266793932557142
2015-01,94.023702778807,0.34187970669830037,93.2195850558119,1.7935035854505177
2015-02,93.7021938076901,-0.02005673535733221,93.2514029836098,1.7333698734296243
2015-03,93.8745375349316,-0.15449373825009438,93.4279264134115,1.6748061803869119
2015-04,93.9634505154233,-0.21798675015323177,93.5132704487299,1.5691329490462147
2015-05,94.1970261011381,-0.10625239213277737,93.6111327808574,1.5436146678458718
2015-06,94.3919285892234,0.04739601831182938,93.7055248172917,1.5681500720453823
2015-07,94.5875356506759,0.10913469717468427,94.0769693926548,1.8193038512398507
2015-08,94.4692120442838,0.03585662715936966,94.214237564493,1.878595850213416
2015-09,94.1158804249896,-0.17020608417496197,94.1985671201192,1.752422750251692
2015-10,94.3295451853858,0.0711404131556348,94.362965639331,1.7877008502599434
2015-11,94.4970962615851,0.15768016082469138,94.5729169210848,1.915165470610125
2015-12,94.6757441227435,0.4668066136570337,94.7311167717747,2.0076105163112645
2016-01,94.6463722473165,0.6622473377530635,94.905893846795,1.808964060474505
2016-02,94.7321207735374,1.099149255737908,95.017673024188,1.8940948704960991
2016-03,94.6884846561745,0.8670584618752475,95.1774118118138,1.8725508159743942
2016-04,94.901592812926,0.9984119275703973,95.3506032667852,1.964782975976287
2016-05,94.9318160316962,0.780056399837048,95.5053436515474,2.0234888890024783
2016-06,95.1016710677306,0.7519101358717695,95.6788624754075,2.10589254151603
2016-07,94.9760061398345,0.410699450499763,95.7983554064856,1.8297634638358096
2016-08,94.9299616262257,0.4877245951050435,95.920243654156,1.8107731206710387
2016-09,95.3730567606308,1.3357749297613797,96.0903628735743,2.008306295193174
2016-10,95.6531613769636,1.4031830525383038,96.0965140958336,1.837106797944954
2016-11,95.9497147099594,1.5372096136723412,96.1915217148096,1.7114887077823937
2016-12,95.9441362259349,1.3397223491024013,96.2636557211152,1.6177777709859509
2017-01,96.793770786258,2.268865132337261,96.5989231627178,1.7839032406731459
2017-02,96.6938239552955,2.0707898923192802,96.6902691314988,1.7603000095413934
2017-03,96.8530657036978,2.28600241664354,96.7675171051442,1.6706750720164365
2017-04,96.7534137105732,1.9513064457175044,96.8447041416795,1.5669548211602713
2017-05,96.8455118442113,2.0158634823504773,96.9753111401794,1.539146850248696
2017-06,96.8198203172169,1.8066446469301667,97.0723646056992,1.4564367659051891
2017-07,97.0765059950212,2.2116110590016724,97.2375054891208,1.5022701345223544
2017-08,97.3170114468639,2.5145378547996255,97.3145385006073,1.4535981074844662
2017-09,97.268273575557,1.9871616568637895,97.4224282478132,1.3862632363991434
2017-10,97.246424482341,1.665666960131551,97.6179970235913,1.5832862847037221
2017-11,97.0565039268688,1.1535096485227214,97.4875697061766,1.347361979790218
2017-12,97.3162453222231,1.430112511573478,97.5916189939597,1.3795063805718488
2018-01,97.5394131874676,0.7703413093143707,97.5744641497913,1.009888055822561
2018-02,97.9084013851911,1.2561065228500423,97.7807099917943,1.1277669098350485
2018-03,98.023097704428,1.2080484930747426,98.0806957804713,1.3570449202496837
2018-04,98.2303367943688,1.52648162700868,98.2306251096422,1.4310756383076662
2018-05,98.2801784364815,1.4813970879497873,98.3248652516995,1.3916471065190006
2018-06,98.2511821348412,1.478376858100594,98.2872104984544,1.251484804856462
2018-07,98.1835212116925,1.1403533793522325,98.2086996016514,0.9987855073465113
2018-08,98.7252896048122,1.4471037869029146,98.3061531747295,1.0189789618290312
2018-09,99.297379544161,2.086092303291287,98.5402431741091,1.1473897195956928
2018-10,99.1344047931854,1.9414393083287518,98.5980094465576,1.0039259694392788
2018-11,99.0371240742155,2.04068770995407,98.6865181828307,1.2298475387864105
2018-12,98.6263892226917,1.3462746082430588,98.5981959647329,1.0314174323058367
2019-01,98.3010026180433,0.7808017351016217,98.600134104058,1.051166371451595
2019-02,98.392374367643,0.4943120055120209,98.8434378989627,1.0868482211446429
2019-03,98.3765108606809,0.3605406934991562,98.8360743147884,0.7701602525412632
2019-04,98.7711919373749,0.5505988889545455,98.9370012635585,0.7190997238670338
2019-05,98.9606922057584,0.6924221955058041,98.9036432145224,0.588638450041401
2019-06,98.9329610565843,0.6939142175484747,98.9472224314098,0.671513546480984
2019-07,98.7668912563949,0.5941628875222316,99.0661362674979,0.873076081166313
2019-08,98.6980534576431,-0.027587811874874024,99.1256793792483,0.8336469061729801
2019-09,98.8994791688532,-0.4007158871003669,99.0360470080548,0.503148579681989
2019-10,99.1167899192321,-0.0177686787851683,99.2240527440187,0.6349451687464702
2019-11,99.1705325826583,0.13470555581038823,99.1860461597229,0.5061765133579588
2019-12,99.3844666075266,0.7686354441337473,99.2005013152864,0.6108685302608885
2020-01,99.4829874733561,1.2024138348878388,99.1947842170565,0.6030926006357351
2020-02,99.283972341737,0.9061657265862388,99.2098879034345,0.37073781756395974
2020-03,99.1846482437601,0.82147392300147,99.0615666795745,0.228147836050141
2020-04,98.7811957684906,0.01012828833943935,99.0488302291549,0.11303047815094391
2020-05,98.7371934902334,-0.2258459500872445,99.1431749424976,0.2421869611573868
2020-06,99.1141135074833,0.18310626606574676,99.3173200629457,0.37403539224403204
2020-07,99.1778323914281,0.41607175218911774,99.3811041931598,0.3179370242233137
2020-08,99.4618554383176,0.7738774513950109,99.5083143546447,0.38600993989907906
2020-09,99.8713817373483,0.9827175801762733,99.6885888115449,0.6588932244408374
2020-10,99.2767909015428,0.1614267193692065,98.9709904788369,-0.2550412507687727
2020-11,99.7730190949545,0.6075257403644896,99.7911565825981,0.6100761612180428
2020-12,100.013656223551,0.6330864746792786,99.8223601077301,0.6268706147635861
2021-01,100.405406372363,0.9272127048395529,99.8850559536694,0.6958750322017426
2021-02,100.735107586432,1.4616007100321848,99.8427027896436,0.6378546529808071
2021-03,101.059608610502,1.8903735607691319,100.141217124159,1.0898782249999739
2021-04,101.235075408086,2.484156645913105,100.280377796849,1.2433741669082288
2021-05,101.316466359463,2.6122606669843673,100.330879771831,1.1979693307403672
2021-06,101.397795760677,2.304093909916549,100.413034519504,1.1032460963141588
2021-07,101.758597476775,2.6021591953747425,100.634049332763,1.2607478552139506
2021-08,101.998364060103,2.5502325596152176,100.8374072963,1.335660191085597
2021-09,102.316197880057,2.4479646723405857,101.117313075538,1.433187369814215
2021-10,102.470237641029,3.216710280908752,101.301289908911,2.35452774474596
2021-11,103.547467267201,3.7830349391896556,101.672758099166,1.8855393413648613
2021-12,103.731478351846,3.717314483519041,102.059945344111,2.2415671538581705
2022-01,104.170033056862,3.7494262714674154,102.45678378389,2.5746872799605525
2022-02,104.569022791798,3.8059374702870796,102.73033577543,2.892182307875113
2022-03,105.265508607729,4.16180119342946,102.988109423057,2.8428776688107504
2022-04,106.026639374142,4.733106531250009,103.300077955845,3.0112572622267075
2022-05,106.707555175587,5.321039126055616,103.74614544469,3.4040025170973154
2022-06,107.513187658066,6.031089582876925,104.323764143154,3.894643401988196
2022-07,108.157170542961,6.28799258720758,104.656750724369,3.997356181409617
2022-08,107.829146746484,5.716545299633613,104.956821953302,4.085204853490065
2022-09,107.951885453746,5.508108872747197,105.220205669722,4.057556979504606
2022-10,108.283015952654,5.672650367015031,105.554431148739,4.198506498438848
2022-11,108.749965946076,5.024264538938561,105.94063630732,4.1976614856767736
2022-12,108.936259535337,5.017552305421646,106.193678115557,4.050298829289467
2023-01,109.349169809188,4.971810606509974,106.544149818275,3.9893561787049725
2023-02,109.454427611891,4.67194269360256,106.732063251507,3.895370774242224
2023-03,109.634942347773,4.150869356767806,107.089515929636,3.9824078037311583
2023-04,109.907824024309,3.660574996130217,107.33186625536,3.902986695942645
2023-05,110.286143876126,3.3536413561817913,107.633898574787,3.747371156232182
2023-06,110.444444899234,2.726416456454195,107.801827248479,3.3339125882693166
2023-07,110.673130701918,2.3262074500715935,108.007544912297,3.201699044481976
2023-08,111.452730341003,3.3604861986327172,108.2775893473,3.1639366857692197
2023-09,111.977304394998,3.7289010046765325,108.515549642514,3.1318547153726506
2023-10,112.411792289751,3.812949150679623,108.839615650602,3.1123132076130267
2023-11,112.357732034168,3.3174870968519787,108.973050379437,2.8623710200497143
2023-12,112.389539702359,3.1700006790684965,109.155768062871,2.789327952357712
2024-01,112.431615654758,2.818901918458838,109.257411467718,2.546607818515434
2024-02,112.880879571106,3.130482735120288,109.472776901071,2.5678447188879794
2024-03,113.0310990396,3.09769551486061,109.675099906669,2.4144137309686675
2024-04,113.088596967218,2.894036863295102,109.82994921252,2.3274382942495953
2024-05,113.203191773337,2.644981313779038,109.98685891949,2.186077412283005
2024-06,113.118876672463,2.421517692147468,110.115030047967,2.1457918279586874
2024-07,113.486611376762,2.5421533275512997,110.339977935041,2.1595093422760003
2024-08,113.713478196309,2.0284364935600596,110.531385289462,2.0814980789172877
2024-09,113.776016093252,1.6063180909491104,110.657184208768,1.9735739009840048
2024-10,113.848748003326,1.2782962394827013,110.812047841417,1.8122373724167806
2024-11,114.078585016194,1.5315839425298128,111.003899250655,1.8636248725228066
2024-12,114.543885511658,1.9168561549449903,111.159977939308,1.8361007503356452
2025-01,114.967388224864,2.2553910262150367,111.392968723552,1.9546108837339427
2025-02,115.16120849033,2.02011972965499,111.417002975443,1.775990460284893
2025-03,115.344015959279,2.046265973994199,111.757025743487,1.8982666426469397
2025-04,115.423391093017,2.0645707776141276,112.065391855866,2.035367091921736
2025-05,115.339179839547,1.8868620511043765,112.136787103434,1.9547136858574454
2025-06,115.570877077017,2.1676315011983416,112.310214162709,1.9935372253776507
2025-07,115.863633952942,2.0945400936226433,112.511511916859,1.9680391662724617
2025-08,116.2793193890197,2.2564090320772445,112.8210632719999,2.071518398635508
2025-09,116.171458815576,2.1054021792788813,112.819987905131,1.9545081612438286
2025-10,116.588251739948,2.406266019317127,113.197737027111,2.1529149872838493
2025-11,116.881635526282,2.4571224386155333,113.198796349577,1.9773153139114097
2025-12,117.179204026239,2.300706408560571,113.404639236715,2.0193070734797702
2026-01,117.274602527748,2.0068424085370573,113.663744981489,2.0385274617938043
2026-02,117.457500380645,1.9939803692732294,113.984172601086,2.304109388231179
2026-03,117.821214797072,2.147661339160889,114.197098104165,2.1833726733911263
2026-04,118.374115134882,2.5564350639179168,114.479150497738,2.1538840866915265
2026-05,118.957967467388,3.137518086113711,114.968095532725,2.5248702967380687
2026-06,119.230836936412,3.166853061914532,115.095977665211,2.480418654055927
2026-07,119.03019488657128,2.7330067473245068,115.2909156909737,2.4703283484169614
2026-08,119.14865874390979,2.467626547839119,115.49519733636198,2.3702436289888773
2026-09,119.34910927344885,2.735310798599344,115.7036351399941,2.5559719411492265
2026-10,119.67122783102367,2.6443282621239517,115.91239538950431,2.3981560353482534
2026-11,119.9546926404515,2.629204408658792,116.12023791619552,2.580806210692055
2026-12,120.20696761826731,2.5838745169751487,116.32682004327074,2.5767736013481146
2027-01,120.46038539592939,2.7165155963138954,116.53217668738853,2.523611822192451
2027-02,120.72741305072525,2.7839113377037927,116.73647793188076,2.414638162464078
2027-03,121.00003032478558,2.69799928068013,116.93992927475854,2.401839640523673
2027-04,121.26934952072676,2.4458340259150058,117.14273138542205,2.3266951895635213
2027-05,121.5338144754902,2.1653421481065305,117.3450655248811,2.0675040159115365
2027-06,121.79718217429622,2.152417364354231,117.54708971720213,2.1296244245136764
2027-07,122.0610836272978,2.5463192290114067,117.74893925007042,2.132018419981341
2027-08,122.32495654315518,2.6658275743349336,117.950728752941,2.126089632478534
2027-09,122.58789648150858,2.7137087388219516,118.15255469691803,2.1165450454178725
2027-10,122.84982608436991,2.656109000431117,118.3544978499484,2.1068518619064003
2027-11,123.11118004777103,2.631399687530922,118.55662551629185,2.0981593250391617
2027-12,123.3722534909007,2.633196673494975,118.75899351348632,2.0908105880577343
2028-01,123.63307459506713,2.633802962450882,118.96164789030318,2.084807194009608
2028-02,123.89360921088269,2.6225991928006565,119.16462640774704,2.0800254718008393
2028-03,124.15389516696293,2.6064992163322698,119.36795981035704,2.0763058013261393
2028-04,124.41402143915673,2.5931300290288783,119.57167291484595,2.0734888974307752
2028-05,124.67406193107045,2.5838467007168076,119.77578554087852,2.0714292545024326
2028-06,124.93405738270182,2.5754907892011847,119.98031330597635,2.0699990060393247
2028-07,125.19403508885958,2.566707887935804,120.1852683037286,2.0690878993686823
2028-08,125.45402507927031,2.5579968507989825,120.39065968190485,2.0686018261697248
2028-09,125.71405964004772,2.55014014292243,120.5964941347725,2.068460935206695
2028-10,125.97416699087137,2.543219641479788,120.8027763219191,2.068597743597933
2028-11,126.23436926035177,2.5368851239739865,121.00950922414461,2.0689554018351375
2028-12,126.49468464001384,2.5309022578106966,121.21669444549345,2.0694861578866686
2029-01,126.75512950176015,2.525258646942685,121.4243324692088,2.0701500211030233
2029-02,127.01571876992558,2.5199924184375666,121.63242287428504,2.0709136099616554
2029-03,127.27646552333142,2.5150804589491482,121.8409645183439,2.071749162770131
2029-04,127.53738094605525,2.5104561935777925,122.04995569174368,2.07263369030779
2029-05,127.79847470963102,2.506064798216001,122.2593942471306,2.073548251039803
2029-06,128.05975536784754,2.5018782313064536,122.46927770803923,2.0744773317231457
