,ppi_index,ppi_yoy
2002-03,74.878490646314,
2002-04,75.3058567551156,
2002-05,75.9140346999979,
2002-06,75.6305710550072,
2002-07,75.4954203373241,
2002-08,75.5796950233763,
2002-09,75.6822344771,
2002-10,75.8852271703966,
2002-11,76.0984572144908,
2002-12,76.2955996170572,
2003-01,76.4639751814129,
2003-02,76.6088996631099,
2003-03,77.3137945641928,3.252341088687105
2003-04,76.7130346307451,1.868616779974297
2003-05,76.6274299704961,0.9397409495061515
2003-06,76.5329159458192,1.1930954351193623
2003-07,76.7238469985779,1.6271538800168406
2003-08,76.9159277169317,1.7679784142316413
2003-09,77.1755923371708,1.9731947271227401
2003-10,77.4986631886606,2.1261529792104383
2003-11,77.9464527338913,2.4284270496992555
2003-12,78.7214141262984,3.1794946516140454
2004-01,79.3336962789442,3.7530367610666415
2004-02,80.0764087858065,4.526248435815017
2004-03,80.8259930936409,4.542783793300886
2004-04,81.020209669032,5.6146586548417865
2004-05,81.5364579472402,6.4063586350660895
2004-06,81.741421140265,6.805575261411856
2004-07,82.09102647922,6.99545146731444
2004-08,82.5985182169582,7.388054293435475
2004-09,82.8784808254633,7.389497528411937
2004-10,82.9970036128489,7.094755184103363
2004-11,83.2266803223402,6.774173042198028
2004-12,82.9660558932106,5.391978553767096
2005-01,83.334004123279,5.042381777182503
2005-02,83.3486258478869,4.086368397005824
2005-03,83.4135905363727,3.2014421891902067
2005-04,83.436818780374,2.982723842870638
2005-05,83.079289694703,1.892198638872844
2005-06,82.8792289683771,1.3919599295437513
2005-07,83.3416898707577,1.5235080436645232
2005-08,83.3442985146957,0.9028979137114534
2005-09,83.6662565842641,0.9505190623122273
2005-10,83.9955777082978,1.2031447546069218
2005-11,84.0395270171919,0.9766660062656696
2005-12,84.1575705020191,1.4361471037530826
2006-01,84.2148053663577,1.0569529837732183
2006-02,84.2037255094888,1.0259313250856605
2006-03,84.014390647099,0.7202664540190584
2006-04,83.9419068294038,0.605353914989637
2006-05,84.1374529859788,1.2736787894604085
2006-06,84.0423445217002,1.4033860688627886
2006-07,84.2195672954566,1.053347281606909
2006-08,84.5188028037889,1.4092197187143052
2006-09,84.8361915046038,1.398335443825438
2006-10,84.2969137462163,0.35875226546449035
2006-11,84.2876541137237,0.2952504676532186
2006-12,84.5215426969771,0.4324889523150688
2007-01,84.4813879278782,0.3165507066848816
2007-02,84.5501312596976,0.41139005205863555
2007-03,84.6636037954171,0.7727404118719416
2007-04,84.9620190862794,1.2152598093212008
2007-05,85.2208485437946,1.28764957740799
2007-06,85.3356024222678,1.538817018882277
2007-07,85.2842386896237,1.2641615581235
2007-08,85.0683024487517,0.6501507673250639
2007-09,85.5769926442024,0.873213573664966
2007-10,86.1693375697737,2.2212246455362683
2007-11,87.0271756622489,3.250205000163997
2007-12,87.5933583388108,3.634358228465673
2008-01,88.1389274781887,4.329402771451796
2008-02,88.97966205907,5.238940180668683
2008-03,89.7158364511072,5.967419799301732
2008-04,91.2847275026497,7.441805743751884
2008-05,92.8205370968708,8.917640088001178
2008-06,94.2509005532977,10.447337193348872
2008-07,95.8747101923265,12.417853129046353
2008-08,95.4450585261793,12.198146405565048
2008-09,95.2488640807953,11.301952940558424
2008-10,95.5899587539849,10.932683771165186
2008-11,93.9939814774511,8.005322202159327
2008-12,92.5136951843039,5.617248771831829
2009-01,92.1793771757237,4.584182963350525
2009-02,92.8189131625006,4.314751275276696
2009-03,92.7078372763159,3.3349751209634793
2009-04,92.4494926248427,1.2759693259304372
2009-05,91.5970610866886,-1.318109168992776
2009-06,91.4303015463415,-2.9926493968736034
2009-07,92.2293642987493,-3.8021975620730064
2009-08,92.7076907842194,-2.8680036287149213
2009-09,92.9901209349926,-2.371412160765196
2009-10,92.7871128312308,-2.9321551753857866
2009-11,93.7095712182678,-0.3025834789768256
2009-12,94.1924950120929,1.8146500628307471
2010-01,94.355667361795,2.3609295839812194
2010-02,94.4428442658368,1.7495691858545381
2010-03,94.3815387187771,1.8053505416944615
2010-04,94.7679033061137,2.5077592266287807
2010-05,95.4821917798105,4.241545140236513
2010-06,95.8285422380663,4.810484726986886
2010-07,95.9323967487122,4.015025451078724
2010-08,96.2298867225446,3.7992489172481436
2010-09,96.8840316656442,4.187445603360107
2010-10,97.7313283899598,5.328558468805866
2010-11,98.6264992842009,5.246985982339658
2010-12,99.498569283521,5.63322403844051
2011-01,100.603081926216,6.62113335542005
2011-02,101.189638454595,7.143785472795994
2011-03,101.906632488391,7.973056883545793
2011-04,102.340120404176,7.990276068051205
2011-05,102.70681860207,7.566465209470752
2011-06,102.819238709054,7.295004502542413
2011-07,102.903579117568,7.266765561081834
2011-08,103.063334430503,7.101169855536638
2011-09,103.126909416048,6.4436601605809996
2011-10,103.445120495967,5.8464283665607075
2011-11,103.583810300827,5.0263479415822765
2011-12,103.633982631061,4.156254082162891
2012-01,103.739755668593,3.117870429334846
2012-02,104.187706688415,2.9628213714443463
2012-03,104.30847623296,2.356906205140885
2012-04,104.309721974049,1.924564444613086
2012-05,103.822822710382,1.0865920330332512
2012-06,102.835107930254,0.015434097158495419
2012-07,102.402327691886,-0.48710786347802015
2012-08,103.028901648281,-0.033409342335233294
2012-09,103.269614581842,0.13837820468205475
2012-10,102.876459111541,-0.5497227725189568
2012-11,102.556319169718,-0.9919418180553197
2012-12,102.247519807588,-1.3378457415931133
2013-01,102.074701399417,-1.6050300662893369
2013-02,102.544461087388,-1.5771972080557584
2013-03,101.822720006856,-2.3830817167268092
2013-04,101.51734619145,-2.6770043383815167
2013-05,101.273271335255,-2.4556752634621315
2013-06,101.374895364485,-1.4199553004401566
2013-07,101.359703564189,-1.018164480434569
2013-08,101.583191905698,-1.4032079537432685
2013-09,101.420444250929,-1.7906238329644664
2013-10,101.431952416682,-1.404117819891948
2013-11,101.539854757147,-0.9911280170740833
2013-12,101.686709722164,-0.5484828252845242
2014-01,101.79265610491,-0.2763126324547005
2014-02,101.723950612954,-0.800150944998157
2014-03,101.507470626062,-0.3096061279572737
2014-04,101.327071477424,-0.1874307408185838
2014-05,101.333469491863,0.05944130747856935
2014-06,101.352220754792,-0.022367085668961728
2014-07,101.451484317871,0.0905495482471208
2014-08,101.310676174294,-0.26826852581771643
2014-09,100.950816093249,-0.4630507795036487
2014-10,100.570778085287,-0.8490168146002897
2014-11,100.506962505733,-1.0172284113310615
2014-12,99.4107323753657,-2.2382249883164618
2015-01,98.1237211864547,-3.6043218232501895
2015-02,98.0203353014412,-3.640848875015257
2015-03,97.8211650882817,-3.63156082507472
2015-04,97.7378158230951,-3.5422474981215535
2015-05,97.7642531619397,-3.5222482244229303
2015-06,97.6522159615986,-3.650640080344225
2015-07,97.37394682241,-4.019199445801236
2015-08,96.7546733657933,-4.497060902705452
2015-09,96.3411335502846,-4.566265753321308
2015-10,95.9351009633699,-4.60936786030024
2015-11,95.73491378268,-4.747978253527263
2015-12,95.4057111294207,-4.0287614327419
2016-01,94.8435737271411,-3.3428690021658047
2016-02,94.6309679572304,-3.4578205979274634
2016-03,94.584578570253,-3.308677130463278
2016-04,94.7864880345124,-3.0196375514719764
2016-05,94.8823243265383,-2.9478349623636935
2016-06,95.0885115842295,-2.6253417314946237
2016-07,95.067956158479,-2.36818033897368
2016-08,95.1285519871283,-1.680664429011336
2016-09,95.2731428236288,-1.1085511321063723
2016-10,95.761956402198,-0.1804809287041076
2016-11,96.3883242869179,0.682520596113112
2016-12,97.162876947676,1.841782632773059
2017-01,98.4599889160734,3.813031338671924
2017-02,98.5988735483435,4.193030755964
2017-03,98.6096321266461,4.255507205546705
2017-04,98.4198094046275,3.8331638247765643
2017-05,98.1734007419749,3.4685874727418575
2017-06,97.8624274335575,2.9171934686041068
2017-07,97.9954376414656,3.0793567057510574
2017-08,98.3246913767093,3.3598108273670046
2017-09,98.8160331988972,3.718666426095596
2017-10,99.1390157383954,3.5265145607654924
2017-11,99.2826611869365,3.0027878598688496
2017-12,99.3187957801751,2.2188709311891763
2018-01,99.5299866842053,1.0867335858060656
2018-02,99.7443108987857,1.1617144387360279
2018-03,99.8103032677996,1.2176002640507333
2018-04,99.95118372347,1.555961475749923
2018-05,100.305097848239,2.171359136133777
2018-06,100.409352826136,2.602556935661249
2018-07,100.883402602823,2.9470402203044976
2018-08,101.114651536058,2.8374969911266756
2018-09,101.228422834591,2.4412937431298465
2018-10,101.16952132919,2.048139751712519
2018-11,100.774722991375,1.502842275378935
2018-12,100.278864677596,0.9666537837871747
2019-01,99.9120510784392,0.3838686279001857
2019-02,99.891800529002,0.14786771183967762
2019-03,100.308315154073,0.4989583940419484
2019-04,100.532167087951,0.5812671174444395
2019-05,100.747420545541,0.4409772850939575
2019-06,100.519943623722,0.11013993664263921
2019-07,100.452188055878,-0.4274385437242678
2019-08,100.467266421007,-0.6402485744809616
2019-09,100.436833604282,-0.7819831704801605
2019-10,100.523629837554,-0.6384249753780824
2019-11,100.729956839005,-0.044422004884925315
2019-12,100.99832251603,0.7174571039940458
2020-01,101.0649389706,1.1539027371739952
2020-02,100.665077755784,0.7741148149166488
2020-03,99.8323372991777,-0.47451485369304214
2020-04,98.7485368917521,-1.7741885486647124
2020-05,98.9396529966779,-1.7943561622462911
2020-06,99.4078826967232,-1.106308745219342
2020-07,99.5275829218723,-0.9204430006953923
2020-08,99.9278305408549,-0.5369270005730953
2020-09,100.153276108519,-0.28232420874617636
2020-10,100.046050481705,-0.4750916342961098
2020-11,100.483022846048,-0.2451445435955768
2020-12,101.301942739804,0.300619075852282
2021-01,102.085464497032,1.0097720701428337
2021-02,102.83732283125,2.1578934064263366
2021-03,103.871534483047,4.045980784527403
2021-04,104.559160624617,5.884263114940613
2021-05,105.327314638393,6.456118905055774
2021-06,105.883550459389,6.514239703124924
2021-07,106.740144560826,7.246796744391415
2021-08,107.391065996284,7.468625522073946
2021-09,107.917004885259,7.751847047247651
2021-10,109.177070889187,9.126817464075465
2021-11,110.370344378589,9.839793083941695
2021-12,110.490013639704,9.069984890121741
2022-01,111.244252062979,8.971686234736453
2022-02,111.603589120051,8.524401498846789
2022-03,113.207388995004,8.987885428303466
2022-04,114.666046606064,9.666188903076822
2022-05,115.692289383575,9.840728191701032
2022-06,116.385845196844,9.918721739013737
2022-07,116.509051725278,9.152046031645744
2022-08,116.301257158378,8.29695755362212
2022-09,116.562012156749,8.010792442471558
2022-10,117.221588406179,7.368321435511915
2022-11,117.241626743129,6.225659984325449
2022-12,116.955774138706,5.851895828419518
2023-01,116.917058861687,5.0994156493554765
2023-02,116.916137630664,4.760195037184989
2023-03,116.865854952447,3.231649444370155
2023-04,116.500256036384,1.5996098972710149
2023-05,116.271638568795,0.5007673271113067
2023-06,116.129689603843,-0.22009170665707734
2023-07,116.140613004461,-0.3162318423857391
2023-08,117.38138121431,0.9287294757795328
2023-09,118.107586787895,1.325967699551689
2023-10,117.996587065421,0.6611398717415451
2023-11,117.925738092152,0.5835055074097983
2023-12,118.221118625804,1.0818999715202837
2024-01,118.422660970368,1.2877522949513498
2024-02,118.536787476145,1.386164372450116
2024-03,118.590837657708,1.4760365257781238
2024-04,118.691885384486,1.8812227738087772
2024-05,118.954277854708,2.30721723623577
2024-06,119.00534939328,2.476248579710183
2024-07,119.17770650293,2.6150141797101956
2024-08,119.280513699994,1.6179162879474518
2024-09,119.246185719126,0.9640353868848095
2024-10,119.269829137047,1.0790499143166432
2024-11,119.668715698978,1.4780298474485365
2024-12,120.162086036172,1.641811068047483
2025-01,120.528969829078,1.7786366574189971
2025-02,120.329077636035,1.512011754368392
2025-03,120.076300974087,1.2525953486107744
2025-04,119.648307927371,0.805802805968403
2025-05,119.297765128278,0.28875571334183725
2025-06,119.432750044155,0.3591440662575218
2025-07,119.818815608749,0.5379438190507901
2025-08,120.037213650728,0.6343868979615586
2025-09,120.62957630144,1.1601130669055104
2025-10,121.265415401317,1.6731693829937333
2025-11,121.919721548897,1.8810311757513354
2025-12,122.423245887932,1.881758153798474
2026-01,122.922438045059,1.985803263211472
2026-02,123.323995813845,2.48893969491637
2026-03,125.066482947354,4.155842520785091
2026-04,128.175003300547,7.126465489467582
2026-05,129.48747367028,8.541407738062201
2026-06,129.489217323393,8.420192347174504
2026-07,129.44547560456616,8.034347482829096
2026-08,129.75544161585205,8.096012619387484
2026-09,130.16126943241497,7.901621992898589
2026-10,130.558103258291,7.663098193512696
2026-11,130.93748636917363,7.396477539246971
2026-12,131.29077505621038,7.243337737014288
2027-01,131.6217052959925,7.0770376745575625
2027-02,131.9311054371951,6.979265929999823
2027-03,132.2242402026569,5.723161862891679
2027-04,132.50467102499488,3.377934552726791
2027-05,132.7734563848612,2.537683855774686
2027-06,133.0315062641344,2.7355860309933755
2027-07,133.2799889593094,2.9622613975764045
2027-08,133.5200247818966,2.9012911668011565
2027-09,133.75268010480477,2.759200711586951
2027-10,133.978932394953,2.620158420878993
2027-11,134.1996857862175,2.4914174752417306
2027-12,134.4157625598302,2.3802034090223856
2028-01,134.62790036700994,2.283966055793818
2028-02,134.83676237025458,2.202404750138842
2028-03,135.04294499011783,2.1317610017201005
2028-04,135.24698236297647,2.06959597481986
2028-05,135.44935112550155,2.0153838075013475
2028-06,135.65047509958586,1.9686831405573146
2028-07,135.85072988601962,1.9288273857038352
2028-08,136.0504471748569,1.8951632139776242
2028-09,136.2499187868086,1.867056929286992
2028-10,136.44940047908494,1.8439228018695575
2028-11,136.64911547946318,1.825212688759703
2028-12,136.84925773851577,1.8104239654202825
2029-01,137.0499949179193,1.799102967740307
2029-02,137.25147112728803,1.7908385773924174
2029-03,137.45380942274753,1.7852575955049854
2029-04,137.65711408121115,1.782022545809081
2029-05,137.86147266525222,1.7808291584325842
2029-06,138.0669578937315,1.7814038560289847
