code,name,published,published_cpiw,source_line,depth,parent,share,children_published_sum,rounding_difference_percent
SA0,All items,100.0,100.0,162,0,,1.0,100.0,0.0
SAF,Food and beverages,14.539,15.579,163,1,SA0,0.14539,14.540000000000001,0.0010000000000012221
SEFA,Cereals and cereal products,0.315,0.358,167,2,SAF,0.003149783356258597,0.315,0.0
SEFA01,Flour and prepared flour mixes,0.038,0.048,168,3,SEFA,0.0003799738651994498,,
SEFA02,Breakfast cereal,0.136,0.138,169,3,SEFA,0.0013599064649243468,,
SEFA03,"Rice, pasta, cornmeal",0.141,0.173,170,3,SEFA,0.0014099030261348004,,
SEFB,Bakery products,0.721,0.773,171,2,SAF,0.007209504126547454,0.722,0.0010000000000000009
SEFB01,Bread,0.175,0.197,172,3,SEFB,0.0017474559863515297,,
SEFB02,"Fresh biscuits, rolls, muffins",0.12,0.126,173,3,SEFB,0.0011982555334981919,,
SEFB03,"Cakes, cupcakes, and cookies",0.21,0.229,174,3,SEFB,0.0020969471836218357,,
SEFB04,Other bakery products,0.217,0.221,175,3,SEFB,0.002166845423075897,,
SEFC,Beef and veal,0.638,0.75,179,2,SAF,0.00637956121045392,0.639,0.0010000000000000009
SEFC01,Uncooked ground beef,0.236,0.284,180,3,SEFC,0.0023561446724055164,,
SEFC02,Uncooked beef roasts,0.087,0.091,181,3,SEFC,0.000868578756352881,,
SEFC03,Uncooked beef steaks,0.24,0.295,182,3,SEFC,0.0023960793278700165,,
SEFC04,Uncooked other beef and veal,0.076,0.08,183,3,SEFC,0.0007587584538255053,,
SEFD,Pork,0.34,0.444,184,2,SAF,0.0033997661623108664,0.34,0.0
SEFD01,"Bacon, breakfast sausage, and related products",0.131,0.156,185,3,SEFD,0.0013099099037138927,,
SEFD02,Ham,0.066,0.088,186,3,SEFD,0.0006599546079779917,,
SEFD03,Pork chops,0.046,0.066,187,3,SEFD,0.000459968363136176,,
SEFD04,"Other pork including roasts, steaks, and ribs",0.097,0.135,188,3,SEFD,0.0009699332874828059,,
SEFE,Other meats,0.207,0.26,189,2,SAF,0.002069857634112792,,
SEFF,Poultry,0.363,0.456,190,2,SAF,0.003629750343878954,0.363,0.0
SEFF01,Chicken,0.291,0.377,191,3,SEFF,0.0029097998624484176,,
SEFF02,Other uncooked poultry including turkey,0.072,0.079,192,3,SEFF,0.0007199504814305364,,
SEFG,Fish and seafood,0.314,0.347,193,2,SAF,0.0031397840440165058,0.314,0.0
SEFG01,Fresh fish and seafood,0.165,0.185,194,3,SEFG,0.0016498865199449791,,
SEFG02,Processed fish and seafood,0.149,0.162,195,3,SEFG,0.0014898975240715266,,
SEFH,Eggs,0.133,0.158,196,2,SAF,0.0013299085281980741,,
SEFJ,Dairy and related products,0.758,0.828,197,2,SAF,0.007579478679504813,0.758,0.0
SEFJ01,Milk,0.19,0.216,198,3,SEFJ,0.0018998693259972485,,
SEFJ02,Cheese and related products,0.261,0.27,199,3,SEFJ,0.002609820495185694,,
SEFJ03,Ice cream and related products,0.115,0.125,200,3,SEFJ,0.00114992090784044,,
SEFJ04,Other dairy and related products,0.192,0.217,201,3,SEFJ,0.0019198679504814303,,
SEFK,Fresh fruits,0.532,0.602,204,2,SAF,0.0053196341127922965,0.532,0.0
SEFK01,Apples,0.073,0.08,205,3,SEFK,0.000729949793672627,,
SEFK02,Bananas,0.06,0.077,206,3,SEFK,0.0005999587345254469,,
SEFK03,Citrus fruits,0.077,0.088,207,3,SEFK,0.0007699470426409902,,
SEFK04,Other fresh fruits,0.322,0.357,208,3,SEFK,0.0032197785419532323,,
SEFL,Fresh vegetables,0.476,0.531,209,2,SAF,0.004759672627235213,0.475,-0.0010000000000000009
SEFL01,Potatoes,0.063,0.073,210,3,SEFL,0.0006312828958227756,,
SEFL02,Lettuce,0.044,0.045,211,3,SEFL,0.00044089599073336705,,
SEFL03,Tomatoes,0.063,0.077,212,3,SEFL,0.0006312828958227756,,
SEFL04,Other fresh vegetables,0.305,0.336,213,3,SEFL,0.003056210844856295,,
SEFM,Processed fruits and vegetables,0.262,0.284,214,2,SAF,0.002619819807427785,0.262,0.0
SEFM01,Canned fruits and vegetables,0.096,0.102,215,3,SEFM,0.0009599339752407152,,
SEFM02,Frozen fruits and vegetables,0.084,0.092,216,3,SEFM,0.0008399422283356257,,
SEFM03,Other processed fruits and vegetables including dried,0.082,0.09,217,3,SEFM,0.0008199436038514442,,
SEFN,Juices and nonalcoholic drinks,0.675,0.911,219,2,SAF,0.006749535763411279,0.6739999999999999,-0.001000000000000112
SEFN01,Carbonated drinks,0.324,0.434,220,3,SEFN,0.0032445839574855406,,
SEFN02,Frozen noncarbonated juices and drinks,0.004,0.006,221,3,SEFN,4.005659206772273e-05,,
SEFN03,Nonfrozen noncarbonated juices and drinks,0.346,0.471,222,3,SEFN,0.0034648952138580155,,
SEFP,Beverage materials including coffee and tea,0.32,0.329,223,2,SAF,0.0031997799174690506,0.32,0.0
SEFP01,Coffee,0.221,0.209,224,3,SEFP,0.002209848005502063,,
SEFP02,Other beverage materials including tea,0.099,0.12,225,3,SEFP,0.0009899319119669875,,
SEFR,Sugar and sweets,0.328,0.343,227,2,SAF,0.003279774415405777,0.328,0.0
SEFR01,Sugar and sugar substitutes,0.032,0.039,228,3,SEFR,0.0003199779917469051,,
SEFR02,Candy and chewing gum,0.241,0.235,229,3,SEFR,0.0024098342503438785,,
SEFR03,Other sweets,0.055,0.069,230,3,SEFR,0.0005499621733149931,,
SEFS,Fats and oils,0.231,0.244,231,2,SAF,0.002309841127922971,0.231,0.0
SEFS01,Butter and margarine,0.066,0.062,232,3,SEFS,0.0006599546079779917,,
SEFS02,Salad dressing,0.055,0.061,233,3,SEFS,0.000549962173314993,,
SEFS03,Other fats and oils including peanut butter,0.11,0.122,234,3,SEFS,0.001099924346629986,,
SEFT,Other foods,1.714,1.905,235,2,SAF,0.017138821182943603,1.714,0.0
SEFT01,Soups,0.085,0.088,236,3,SEFT,0.0008499415405777167,,
SEFT02,Frozen and freeze dried prepared foods,0.305,0.343,237,3,SEFT,0.003049790233837689,,
SEFT03,Snacks,0.372,0.404,238,3,SEFT,0.003719744154057772,,
SEFT04,"Spices, seasonings, condiments, sauces",0.317,0.349,239,3,SEFT,0.0031697819807427786,,
SEFT05,Baby food and formula,0.053,0.078,240,3,SEFT,0.0005299635488308116,,
SEFT06,Other miscellaneous foods,0.582,0.643,241,3,SEFT,0.005819599724896835,,
SEFV,Food away from home,5.373,5.366,242,2,SAF,0.05372630467675378,5.3740000000000006,0.001000000000000334
SEFV01,Full service meals and snacks,2.386,1.89,243,3,SEFV,0.023853919419191388,,
SEFV02,Limited service meals and snacks,2.684,3.13,244,3,SEFV,0.02683315998370062,,
SEFV03,Food at employee sites and schools,0.065,0.086,245,3,SEFV,0.0006498343513191284,,
SEFV04,Food from vending machines and mobile vendors,0.054,0.079,246,3,SEFV,0.0005398623841728143,,
SEFV05,Other food away from home,0.185,0.181,247,3,SEFV,0.0018495285383698266,,
SEFW,Alcoholic beverages at home,0.397,0.32,249,2,SAF,0.003969726960110041,0.397,0.0
SEFW01,"Beer, ale, and other malt beverages at home",0.135,0.15,250,3,SEFW,0.0013499071526822557,,
SEFW02,Distilled spirits at home,0.09,0.07,251,3,SEFW,0.0008999381017881703,,
SEFW03,Wine at home,0.172,0.1,252,3,SEFW,0.0017198817056396144,,
SEFX,Alcoholic beverages away from home,0.443,0.37,253,2,SAF,0.004429695323246217,,
SAH,Housing,44.469,42.658,254,1,SA0,0.44469000000000003,44.469,0.0
SEHA,Rent of primary residence,7.84,10.697,256,2,SAH,0.0784,,
SEHB,Lodging away from home,1.289,0.803,257,2,SAH,0.01289,1.2890000000000001,2.220446049250313e-16
SEHB01,"Housing at school, excluding board",0.221,0.13,258,3,SEHB,0.0022099999999999997,,
SEHB02,Other lodging away from home including hotels and motels,1.068,0.672,259,3,SEHB,0.01068,,
SEHC,Owners' equivalent rent of residences,26.204,21.798,260,2,SAH,0.26204,26.203,-0.0010000000000012221
SEHC01,Owners' equivalent rent of primary residence,25.23,21.206,261,3,SEHC,0.25230962866847306,,
SEHC09,Unsampled owners' equivalent rent of secondary residences,0.973,0.592,262,3,SEHC,0.009730371331526924,,
SEHD,Tenants' and household insurance,0.292,0.296,263,2,SAH,0.00292,,
SEHE,Fuel oil and other fuels,0.14,0.12,266,2,SAH,0.0014000000000000002,0.14,0.0
SEHE01,Fuel oil,0.083,0.072,267,3,SEHE,0.00083,,
SEHE02,"Propane, kerosene, and firewood",0.057,0.048,268,3,SEHE,0.0005700000000000001,,
SEHF,Energy services,3.262,3.855,269,2,SAH,0.03262,3.262,0.0
SEHF01,Electricity,2.489,3.008,270,3,SEHF,0.02489,,
SEHF02,Utility (piped) gas service,0.773,0.846,271,3,SEHF,0.007730000000000001,,
SEHG,Water and sewer and trash collection services,1.144,1.211,272,2,SAH,0.01144,1.1440000000000001,2.220446049250313e-16
SEHG01,Water and sewerage maintenance,0.783,0.871,273,3,SEHG,0.007829999999999998,,
SEHG02,Garbage and trash collection,0.361,0.34,274,3,SEHG,0.0036099999999999995,,
SEHH,Window and floor coverings and other linens,0.238,0.221,276,2,SAH,0.00238,0.239,0.0010000000000000009
SEHH01,Floor coverings,0.07,0.072,277,3,SEHH,0.0006970711297071132,,
SEHH02,Window coverings,0.046,0.028,278,3,SEHH,0.0004580753138075314,,
SEHH03,Other linens,0.123,0.121,279,3,SEHH,0.0012248535564853558,,
SEHJ,Furniture and bedding,0.884,0.852,280,2,SAH,0.00884,0.884,0.0
SEHJ01,Bedroom furniture,0.305,0.325,281,3,SEHJ,0.00305,,
SEHJ02,"Living room, kitchen, and dining room furniture",0.438,0.403,282,3,SEHJ,0.00438,,
SEHJ03,Other furniture,0.136,0.114,283,3,SEHJ,0.0013600000000000003,,
SEHJ09,Unsampled furniture,0.005,0.01,284,3,SEHJ,5e-05,,
SEHK,Appliances,0.191,0.235,285,2,SAH,0.0019100000000000002,0.191,0.0
SEHK01,Major appliances,0.065,0.106,286,3,SEHK,0.0006500000000000001,,
SEHK02,Other appliances,0.123,0.126,287,3,SEHK,0.0012300000000000002,,
SEHK09,Unsampled appliances,0.003,0.003,288,3,SEHK,3.0000000000000004e-05,,
SEHL,Other household equipment and furnishings,0.566,0.457,289,2,SAH,0.005659999999999999,0.565,-0.0010000000000000009
SEHL01,"Clocks, lamps, and decorator items",0.329,0.263,290,3,SEHL,0.0032958230088495576,,
SEHL02,Indoor plants and flowers,0.121,0.088,291,3,SEHL,0.001212141592920354,,
SEHL03,Dishes and flatware,0.043,0.039,292,3,SEHL,0.00043076106194690257,,
SEHL04,Nonelectric cookware and tableware,0.072,0.066,293,3,SEHL,0.0007212743362831858,,
SEHM,"Tools, hardware, outdoor equipment and supplies",0.691,0.657,294,2,SAH,0.0069099999999999995,0.691,0.0
SEHM01,"Tools, hardware and supplies",0.21,0.254,295,3,SEHM,0.0021,,
SEHM02,Outdoor equipment and supplies,0.3,0.21,296,3,SEHM,0.003,,
SEHM09,"Unsampled tools, hardware, outdoor equipment and supplies",0.181,0.192,297,3,SEHM,0.00181,,
SEHN,Housekeeping supplies,0.847,1.031,298,2,SAH,0.00847,0.847,0.0
SEHN01,Household cleaning products,0.308,0.375,299,3,SEHN,0.00308,,
SEHN02,Household paper products,0.175,0.236,300,3,SEHN,0.0017499999999999998,,
SEHN03,Miscellaneous household products,0.364,0.419,301,3,SEHN,0.00364,,
SEHP,Household operations,0.881,0.426,302,2,SAH,0.00881,0.881,0.0
SEHP01,Domestic services,0.277,0.074,303,3,SEHP,0.0027700000000000003,,
SEHP02,Gardening and lawncare services,0.363,0.182,304,3,SEHP,0.00363,,
SEHP03,"Moving, storage, freight expense",0.067,0.073,305,3,SEHP,0.00067,,
SEHP04,Repair of household items,0.097,0.058,306,3,SEHP,0.00097,,
SEHP09,Unsampled household operations,0.077,0.04,307,3,SEHP,0.00077,,
SAA,Apparel,2.368,2.668,308,1,SA0,0.02368,2.367,-0.0009999999999998899
SEAA,Men's apparel,0.472,0.52,310,2,SAA,0.004721994085340093,0.47200000000000003,5.551115123125783e-17
SEAA01,"Men's suits, sport coats, and outerwear",0.097,0.087,311,3,SEAA,0.0009704098014364174,,
SEAA02,"Men's underwear, nightwear, swimwear, and accessories",0.13,0.17,312,3,SEAA,0.0013005492184199406,,
SEAA03,Men's shirts and sweaters,0.126,0.141,313,3,SEAA,0.0012605323193916349,,
SEAA04,Men's pants and shorts,0.115,0.12,314,3,SEAA,0.0011504858470637938,,
SEAA09,Unsampled men's apparel,0.004,0.001,315,3,SEAA,4.0016899028305866e-05,,
SEAB,Boys' apparel,0.116,0.155,316,2,SAA,0.0011604900718208703,,
SEAC,Women's apparel,0.787,0.899,318,2,SAA,0.00787332488381918,0.788,0.0010000000000000009
SEAC01,Women's outerwear,0.068,0.071,319,3,SEAC,0.0006794239747458176,,
SEAC02,Women's dresses,0.104,0.196,320,3,SEAC,0.0010391190201994856,,
SEAC03,Women's suits and separates,0.366,0.384,321,3,SEAC,0.003656899628778959,,
SEAC04,"Women's underwear, nightwear, swimwear, and accessories",0.234,0.229,322,3,SEAC,0.002338017795448843,,
SEAC09,Unsampled women's apparel,0.016,0.019,323,3,SEAC,0.00015986446464607472,,
SEAD,Girls' apparel,0.141,0.158,324,2,SAA,0.0014105956907477818,,
SEAE,Footwear,0.585,0.656,325,2,SAA,0.005852471482889733,0.5840000000000001,-0.0009999999999998899
SEAE01,Men's footwear,0.191,0.199,326,3,SEAE,0.001914078858273868,,
SEAE02,Boys' and girls' footwear,0.124,0.171,327,3,SEAE,0.0012426480545861761,,
SEAE03,Women's footwear,0.269,0.286,328,3,SEAE,0.0026957445700296887,,
SEAF,Infants' and toddlers' apparel,0.103,0.157,329,2,SAA,0.0010304351499788762,,
SEAG,Jewelry and watches,0.163,0.124,330,2,SAA,0.0016306886354034644,0.163,0.0
SEAG01,Watches,0.035,0.014,331,3,SEAG,0.00035014786649767643,,
SEAG02,Jewelry,0.128,0.11,332,3,SEAG,0.001280540768905788,,
SAT,Transportation,16.316,18.256,333,1,SA0,0.16316,16.317,0.0010000000000012221
SETA,New and used motor vehicles,7.204,7.536,335,2,SAT,0.07203558497272783,7.205,0.001000000000000334
SETA01,New vehicles,3.838,3.329,336,3,SETA,0.03837232132204433,,
SETA02,Used cars and trucks,2.759,3.638,337,3,SETA,0.027584480074914097,,
SETA03,Leased cars and trucks,0.394,0.379,338,3,SETA,0.0039392117250874065,,
SETA04,Car and truck rental,0.138,0.118,339,3,SETA,0.0013797239037108178,,
SETA09,Unsampled new and used motor vehicles,0.076,0.072,340,3,SETA,0.0007598479469711748,,
SETB,Motor fuel,2.981,4.078,341,2,SAT,0.029808173071030213,2.981,0.0
SETB01,Gasoline (all types),2.895,3.971,342,3,SETB,0.028948225776797204,,
SETB02,Other motor fuels,0.086,0.107,343,3,SETB,0.0008599472942330084,,
SETC,Motor vehicle parts and equipment,0.349,0.382,344,2,SAT,0.0034897861126432553,0.349,0.0
SETC01,Tires,0.293,0.304,345,3,SETC,0.0029298204326775757,,
SETC02,Vehicle accessories other than tires,0.056,0.078,346,3,SETC,0.00055996567996568,,
SETD,Motor vehicle maintenance and repair,1.039,1.193,347,2,SAT,0.010389363240791812,1.0390000000000001,2.220446049250313e-16
SETD01,Motor vehicle body work,0.058,0.067,348,3,SETD,0.0005799644542501685,,
SETD02,Motor vehicle maintenance and servicing,0.514,0.595,349,3,SETD,0.005139684991113562,,
SETD03,Motor vehicle repair,0.399,0.458,350,3,SETD,0.003989755469755469,,
SETD09,Unsampled service policies,0.068,0.074,351,3,SETD,0.0006799583256726113,,
SETE,Motor vehicle insurance,2.754,3.54,352,2,SAT,0.02753831218974076,,
SETF,Motor vehicle fees,0.505,0.497,353,2,SAT,0.005049690506833364,0.505,0.0
SETF01,State motor vehicle registration and license fees,0.296,0.327,354,3,SETF,0.0029598185941043086,,
SETF03,Parking and other fees,0.189,0.166,355,3,SETF,0.00188988416988417,,
SETF09,Unsampled motor vehicle fees,0.02,0.004,356,3,SETF,0.00019998774284488572,,
SETG,Public transportation,1.485,1.03,357,2,SAT,0.014849089906232765,1.4849999999999999,-2.220446049250313e-16
SETG01,Airline fares,0.881,0.541,358,3,SETG,0.008809460072317218,,
SETG02,Other intercity transportation,0.244,0.093,359,3,SETG,0.002439850462707606,,
SETG03,Intracity transportation,0.355,0.387,360,3,SETG,0.0035497824354967216,,
SETG09,Unsampled public transportation,0.005,0.008,361,3,SETG,4.999693571122144e-05,,
SAM,Medical care,8.423,7.596,362,1,SA0,0.08423,8.423,0.0
SEMF,Medicinal drugs,1.354,1.24,364,2,SAM,0.013540000000000002,1.354,0.0
SEMF01,Prescription drugs,0.973,0.9,365,3,SEMF,0.00973,,
SEMF02,Nonprescription drugs,0.381,0.34,366,3,SEMF,0.0038100000000000005,,
SEMG,Medical equipment and supplies,0.135,0.08,367,2,SAM,0.00135,,
SEMC,Professional services,3.426,2.884,369,2,SAM,0.03426,3.426,0.0
SEMC01,Physicians' services,1.684,1.442,370,3,SEMC,0.016839999999999997,,
SEMC02,Dental services,0.904,0.813,371,3,SEMC,0.00904,,
SEMC03,Eyeglasses and eye care,0.327,0.296,372,3,SEMC,0.0032699999999999995,,
SEMC04,Services by other medical professionals,0.511,0.334,373,3,SEMC,0.005109999999999999,,
SEMD,Hospital and related services,2.618,2.482,374,2,SAM,0.02618,2.618,0.0
SEMD01,Hospital services,2.167,2.129,375,3,SEMD,0.02167,,
SEMD02,Nursing homes and adult day services,0.221,0.164,376,3,SEMD,0.00221,,
SEMD03,Care of invalids and elderly at home,0.23,0.19,377,3,SEMD,0.0023,,
SEME,Health insurance,0.89,0.91,378,2,SAM,0.0089,,
SAR,Recreation,5.137,4.428,379,1,SA0,0.05137,5.136,-0.0009999999999994458
SERA,Video and audio,1.053,1.026,380,2,SAR,0.010532050233644858,1.052,-0.0009999999999998899
SERA01,Televisions,0.107,0.121,381,3,SERA,0.0010712256416349807,,
SERA02,"Cable, satellite, and live streaming television service",0.606,0.545,382,3,SERA,0.006066941484399985,,
SERA03,Other video equipment,0.017,0.016,383,3,SERA,0.00017019472811023059,,
SERA04,"Purchase, subscription, and rental of video",0.188,0.186,384,3,SERA,0.0018821534638072557,,
SERA05,Audio equipment,0.046,0.056,385,3,SERA,0.00046052691135709456,,
SERA06,Recorded music and music subscriptions,0.082,0.096,386,3,SERA,0.0008209392767669947,,
SERA09,Unsampled video and audio,0.006,0.007,387,3,SERA,6.006872756831668e-05,,
SERB,"Pets, pet products and services",1.158,0.904,388,2,SAR,0.011582254672897196,1.158,0.0
SERB01,Pets and pet products,0.612,0.602,389,3,SERB,0.006121191588785047,,
SERB02,Pet services including veterinary,0.546,0.302,390,3,SERB,0.00546106308411215,,
SERC,Sporting goods,0.526,0.547,391,2,SAR,0.005261024143302181,0.527,0.0010000000000000009
SERC01,Sports vehicles including bicycles,0.284,0.375,392,3,SERC,0.002835162915935141,,
SERC02,Sports equipment,0.231,0.164,393,3,SERC,0.0023060656112007666,,
SERC09,Unsampled sporting goods,0.012,0.007,394,3,SERC,0.00011979561616627359,,
SERD,Photography,0.064,0.057,395,2,SAR,0.0006401246105919002,0.063,-0.0010000000000000009
SERD01,Photographic equipment and supplies,0.026,0.027,396,3,SERD,0.00026417841072046676,,
SERD02,Photographers and photo processing,0.037,0.03,397,3,SERD,0.0003759461998714334,,
SERD09,Unsampled photography,0.0,0.0,398,3,SERD,0.0,,
SERE,Other recreational goods,0.38,0.427,399,2,SAR,0.0038007398753894077,0.38,0.0
SERE01,Toys,0.293,0.346,400,3,SERE,0.0029305704828660427,,
SERE02,"Sewing machines, fabric and supplies",0.029,0.016,401,3,SERE,0.0002900564641744548,,
SERE03,Music instruments and accessories,0.043,0.046,402,3,SERE,0.00043008372274143294,,
SERE09,Unsampled recreation commodities,0.015,0.02,403,3,SERE,0.0001500292056074766,,
SERF,Other recreation services,1.841,1.411,404,2,SAR,0.018413584501557632,1.842,0.001000000000000112
SERF01,"Club membership for shopping clubs, fraternal, or other organizations, or participant sports fees",0.766,0.497,405,3,SERF,0.007657332099996279,,
SERF02,Admissions,0.704,0.555,406,3,SERF,0.007037548039683264,,
SERF03,Fees for lessons or instructions,0.158,0.111,407,3,SERF,0.0015794497020880055,,
SERF09,Unsampled recreation services,0.214,0.248,408,3,SERF,0.0021392546597900834,,
SERG,Recreational reading materials,0.114,0.056,409,2,SAR,0.0011402219626168225,0.11399999999999999,-1.3877787807814457e-17
SERG01,Newspapers and magazines,0.054,0.016,410,3,SERG,0.0005401051401869159,,
SERG02,Recreational books,0.06,0.04,411,3,SERG,0.0006001168224299066,,
SERG09,Unsampled recreational reading materials,0.0,0.0,412,3,SERG,0.0,,
SAE,Education and communication,5.846,5.942,413,1,SA0,0.05846,5.846,0.0
SEEA,Educational books and supplies,0.038,0.051,415,2,SAE,0.00038,,
SEEB,"Tuition, other school fees, and childcare",2.564,2.018,416,2,SAE,0.025639999999999996,2.565,0.0009999999999998899
SEEB01,College tuition and fees,1.351,0.922,417,3,SEEB,0.013504732943469783,,
SEEB02,Elementary and high school tuition and fees,0.408,0.316,418,3,SEEB,0.004078409356725145,,
SEEB03,Day care and preschool,0.699,0.67,419,3,SEEB,0.006987274853801168,,
SEEB04,Technical and business school tuition and fees,0.046,0.043,420,3,SEEB,0.0004598206627680311,,
SEEB09,"Unsampled tuition, other school fees, and childcare",0.061,0.066,421,3,SEEB,0.0006097621832358674,,
SEEC,Postage and delivery services,0.064,0.071,423,2,SAE,0.0006399999999999999,0.064,0.0
SEEC01,Postage,0.059,0.061,424,3,SEEC,0.0005899999999999999,,
SEEC02,Delivery services,0.005,0.01,425,3,SEEC,4.9999999999999996e-05,,
SEED,Telephone services,1.466,1.836,427,2,SAE,0.014659999999999998,1.4660000000000002,2.220446049250313e-16
SEED03,Wireless telephone services,1.34,1.742,428,3,SEED,0.013399999999999997,,
SEED04,Residential telephone services,0.126,0.094,429,3,SEED,0.0012599999999999996,,
SEEE,"Information technology, hardware and services",1.714,1.966,430,2,SAE,0.01714,1.714,0.0
SEEE01,"Computers, peripherals, and smart home assistants",0.293,0.279,431,3,SEEE,0.00293,,
SEEE02,Computer software and accessories,0.027,0.022,432,3,SEEE,0.00027,,
SEEE03,Internet services and electronic information providers,0.923,1.1,433,3,SEEE,0.00923,,
SEEE04,"Telephone hardware, calculators, and other consumer information items",0.461,0.554,434,3,SEEE,0.00461,,
SEEE09,Unsampled information and information processing,0.01,0.01,435,3,SEEE,9.999999999999999e-05,,
SAG,Other goods and services,2.902,2.873,436,1,SA0,0.02902,2.9010000000000002,-0.0009999999999998899
SEGA,Tobacco and smoking products,0.445,0.767,437,2,SAG,0.0044515339538090315,0.446,0.0010000000000000009
SEGA01,Cigarettes,0.327,0.584,438,3,SEGA,0.0032637928316043797,,
SEGA02,Tobacco products other than cigarettes,0.114,0.177,439,3,SEGA,0.001137836033036389,,
SEGA09,Unsampled tobacco and smoking products,0.005,0.006,440,3,SEGA,4.990508916826268e-05,,
SEGB,Personal care products,0.674,0.669,442,2,SAG,0.00674232333678042,0.674,0.0
SEGB01,"Hair, dental, shaving, and miscellaneous personal care products",0.324,0.336,443,3,SEGB,0.003241116856256463,,
SEGB02,"Cosmetics, perfume, bath, nail preparations and implements",0.34,0.322,444,3,SEGB,0.003401172009651844,,
SEGB09,Unsampled personal care products,0.01,0.012,445,3,SEGB,0.00010003447087211305,,
SEGC,Personal care services,0.676,0.642,446,2,SAG,0.006762330230954843,0.676,0.0
SEGC01,Haircuts and other personal care services,0.676,0.642,447,3,SEGC,0.006762330230954843,,
SEGD,Miscellaneous personal services,0.922,0.678,448,2,SAG,0.009223178214408824,0.921,-0.0010000000000000009
SEGD01,Legal services,0.27,0.181,449,3,SEGD,0.0027038633201849974,,
SEGD02,Funeral expenses,0.166,0.116,450,3,SEGD,0.0016623752264841095,,
SEGD03,Laundry and dry cleaning services,0.129,0.15,451,3,SEGD,0.001291845808532832,,
SEGD04,Apparel services other than laundry and dry cleaning,0.029,0.028,452,3,SEGD,0.0002904149492050553,,
SEGD05,Financial services,0.236,0.137,453,3,SEGD,0.002363376828013553,,
SEGD09,Unsampled items,0.091,0.067,454,3,SEGD,0.0009113020819882767,,
SEGE,Miscellaneous personal goods,0.184,0.117,455,2,SAG,0.0018406342640468803,,
