Division,Item,Published weight per 1000,Basket share,Within-division share
01 식료품 및 비주류음료,쌀,4.2,0.004200000000000001,0.029577464788732397
01 식료품 및 비주류음료,현미,0.4,0.0004,0.0028169014084507044
01 식료품 및 비주류음료,찹쌀,0.5,0.0005,0.0035211267605633804
01 식료품 및 비주류음료,보리쌀,0.2,0.0002,0.0014084507042253522
01 식료품 및 비주류음료,콩,0.5,0.0005,0.0035211267605633804
01 식료품 및 비주류음료,땅콩,0.1,0.0001,0.0007042253521126761
01 식료품 및 비주류음료,혼식곡,0.4,0.0004,0.0028169014084507044
01 식료품 및 비주류음료,밀가루,0.1,0.0001,0.0007042253521126761
01 식료품 및 비주류음료,국수,0.7,0.0007,0.004929577464788732
01 식료품 및 비주류음료,라면,2.4,0.0024,0.016901408450704224
01 식료품 및 비주류음료,당면,0.2,0.0002,0.0014084507042253522
01 식료품 및 비주류음료,두부,1.2,0.0012,0.008450704225352112
01 식료품 및 비주류음료,시리얼,0.4,0.0004,0.0028169014084507044
01 식료품 및 비주류음료,부침가루,0.6,0.0006,0.004225352112676056
01 식료품 및 비주류음료,케이크,1.6,0.0016,0.011267605633802818
01 식료품 및 비주류음료,빵,6.8,0.0068,0.04788732394366197
01 식료품 및 비주류음료,떡,1.9,0.0019,0.013380281690140845
01 식료품 및 비주류음료,파스타면,0.1,0.0001,0.0007042253521126761
01 식료품 및 비주류음료,국산쇠고기,8.6,0.0086,0.060563380281690136
01 식료품 및 비주류음료,수입쇠고기,3.1,0.0031,0.02183098591549296
01 식료품 및 비주류음료,돼지고기,9.8,0.009800000000000001,0.06901408450704226
01 식료품 및 비주류음료,닭고기,1.5,0.0015,0.01056338028169014
01 식료품 및 비주류음료,소시지,2.0,0.002,0.014084507042253521
01 식료품 및 비주류음료,햄및베이컨,2.7,0.0027,0.019014084507042256
01 식료품 및 비주류음료,기타육류가공품,0.9,0.0009,0.006338028169014085
01 식료품 및 비주류음료,갈치,1.1,0.0011,0.007746478873239438
01 식료품 및 비주류음료,명태,0.7,0.0007,0.004929577464788732
01 식료품 및 비주류음료,조기,0.9,0.0009,0.006338028169014085
01 식료품 및 비주류음료,고등어,2.0,0.002,0.014084507042253521
01 식료품 및 비주류음료,오징어,1.0,0.001,0.007042253521126761
01 식료품 및 비주류음료,게,0.9,0.0009,0.006338028169014085
01 식료품 및 비주류음료,굴,0.4,0.0004,0.0028169014084507044
01 식료품 및 비주류음료,조개,0.6,0.0006,0.004225352112676056
01 식료품 및 비주류음료,전복,0.5,0.0005,0.0035211267605633804
01 식료품 및 비주류음료,새우,0.7,0.0007,0.004929577464788732
01 식료품 및 비주류음료,마른멸치,0.5,0.0005,0.0035211267605633804
01 식료품 및 비주류음료,마른오징어,0.2,0.0002,0.0014084507042253522
01 식료품 및 비주류음료,낙지,0.5,0.0005,0.0035211267605633804
01 식료품 및 비주류음료,오징어채,0.2,0.0002,0.0014084507042253522
01 식료품 및 비주류음료,북어채,0.4,0.0004,0.0028169014084507044
01 식료품 및 비주류음료,어묵,0.8,0.0008,0.005633802816901409
01 식료품 및 비주류음료,맛살,0.2,0.0002,0.0014084507042253522
01 식료품 및 비주류음료,수산물통조림,0.7,0.0007,0.004929577464788732
01 식료품 및 비주류음료,젓갈,0.7,0.0007,0.004929577464788732
01 식료품 및 비주류음료,우유,3.4,0.0034,0.023943661971830985
01 식료품 및 비주류음료,분유,0.5,0.0005,0.0035211267605633804
01 식료품 및 비주류음료,치즈,0.7,0.0007,0.004929577464788732
01 식료품 및 비주류음료,발효유,2.0,0.002,0.014084507042253521
01 식료품 및 비주류음료,달걀,3.0,0.003,0.02112676056338028
01 식료품 및 비주류음료,참기름,0.6,0.0006,0.004225352112676056
01 식료품 및 비주류음료,식용유,0.8,0.0008,0.005633802816901409
01 식료품 및 비주류음료,사과,2.3,0.0023,0.01619718309859155
01 식료품 및 비주류음료,배,0.7,0.0007,0.004929577464788732
01 식료품 및 비주류음료,복숭아,1.0,0.001,0.007042253521126761
01 식료품 및 비주류음료,포도,1.4,0.0014,0.009859154929577464
01 식료품 및 비주류음료,밤,0.2,0.0002,0.0014084507042253522
01 식료품 및 비주류음료,감,0.5,0.0005,0.0035211267605633804
01 식료품 및 비주류음료,귤,1.8,0.0018,0.01267605633802817
01 식료품 및 비주류음료,오렌지,0.4,0.0004,0.0028169014084507044
01 식료품 및 비주류음료,참외,1.0,0.001,0.007042253521126761
01 식료품 및 비주류음료,수박,1.0,0.001,0.007042253521126761
01 식료품 및 비주류음료,딸기,1.5,0.0015,0.01056338028169014
01 식료품 및 비주류음료,바나나,0.8,0.0008,0.005633802816901409
01 식료품 및 비주류음료,키위,0.4,0.0004,0.0028169014084507044
01 식료품 및 비주류음료,블루베리,0.4,0.0004,0.0028169014084507044
01 식료품 및 비주류음료,망고,0.4,0.0004,0.0028169014084507044
01 식료품 및 비주류음료,체리,0.3,0.0003,0.002112676056338028
01 식료품 및 비주류음료,아보카도,0.1,0.0001,0.0007042253521126761
01 식료품 및 비주류음료,파인애플,0.2,0.0002,0.0014084507042253522
01 식료품 및 비주류음료,아몬드,0.2,0.0002,0.0014084507042253522
01 식료품 및 비주류음료,과일가공품,1.0,0.001,0.007042253521126761
01 식료품 및 비주류음료,배추,1.3,0.0013,0.009154929577464789
01 식료품 및 비주류음료,상추,0.6,0.0006,0.004225352112676056
01 식료품 및 비주류음료,시금치,0.3,0.0003,0.002112676056338028
01 식료품 및 비주류음료,양배추,0.2,0.0002,0.0014084507042253522
01 식료품 및 비주류음료,미나리,0.2,0.0002,0.0014084507042253522
01 식료품 및 비주류음료,깻잎,0.2,0.0002,0.0014084507042253522
01 식료품 및 비주류음료,부추,0.2,0.0002,0.0014084507042253522
01 식료품 및 비주류음료,무,0.6,0.0006,0.004225352112676056
01 식료품 및 비주류음료,열무,0.2,0.0002,0.0014084507042253522
01 식료품 및 비주류음료,당근,0.3,0.0003,0.002112676056338028
01 식료품 및 비주류음료,감자,0.6,0.0006,0.004225352112676056
01 식료품 및 비주류음료,고구마,1.0,0.001,0.007042253521126761
01 식료품 및 비주류음료,도라지,0.1,0.0001,0.0007042253521126761
01 식료품 및 비주류음료,콩나물,0.5,0.0005,0.0035211267605633804
01 식료품 및 비주류음료,버섯,0.9,0.0009,0.006338028169014085
01 식료품 및 비주류음료,오이,0.6,0.0006,0.004225352112676056
01 식료품 및 비주류음료,풋고추,0.6,0.0006,0.004225352112676056
01 식료품 및 비주류음료,호박,0.5,0.0005,0.0035211267605633804
01 식료품 및 비주류음료,가지,0.2,0.0002,0.0014084507042253522
01 식료품 및 비주류음료,토마토,1.3,0.0013,0.009154929577464789
01 식료품 및 비주류음료,파,0.9,0.0009,0.006338028169014085
01 식료품 및 비주류음료,양파,0.7,0.0007,0.004929577464788732
01 식료품 및 비주류음료,마늘,1.3,0.0013,0.009154929577464789
01 식료품 및 비주류음료,브로콜리,0.2,0.0002,0.0014084507042253522
01 식료품 및 비주류음료,고사리,0.1,0.0001,0.0007042253521126761
01 식료품 및 비주류음료,파프리카,0.6,0.0006,0.004225352112676056
01 식료품 및 비주류음료,단무지,0.2,0.0002,0.0014084507042253522
01 식료품 및 비주류음료,김,0.5,0.0005,0.0035211267605633804
01 식료품 및 비주류음료,맛김,0.5,0.0005,0.0035211267605633804
01 식료품 및 비주류음료,미역,0.3,0.0003,0.002112676056338028
01 식료품 및 비주류음료,초콜릿,0.5,0.0005,0.0035211267605633804
01 식료품 및 비주류음료,사탕,0.8,0.0008,0.005633802816901409
01 식료품 및 비주류음료,껌,0.1,0.0001,0.0007042253521126761
01 식료품 및 비주류음료,아이스크림,2.6,0.0026,0.018309859154929577
01 식료품 및 비주류음료,비스킷,1.9,0.0019,0.013380281690140845
01 식료품 및 비주류음료,스낵과자,2.9,0.0029,0.020422535211267606
01 식료품 및 비주류음료,파이,0.6,0.0006,0.004225352112676056
01 식료품 및 비주류음료,설탕,0.3,0.0003,0.002112676056338028
01 식료품 및 비주류음료,잼,0.1,0.0001,0.0007042253521126761
01 식료품 및 비주류음료,꿀,0.4,0.0004,0.0028169014084507044
01 식료품 및 비주류음료,물엿,0.2,0.0002,0.0014084507042253522
01 식료품 및 비주류음료,고춧가루,1.6,0.0016,0.011267605633802818
01 식료품 및 비주류음료,참깨,0.6,0.0006,0.004225352112676056
01 식료품 및 비주류음료,생강,0.1,0.0001,0.0007042253521126761
01 식료품 및 비주류음료,소금,0.2,0.0002,0.0014084507042253522
01 식료품 및 비주류음료,간장,0.4,0.0004,0.0028169014084507044
01 식료품 및 비주류음료,된장,0.4,0.0004,0.0028169014084507044
01 식료품 및 비주류음료,양념소스,0.5,0.0005,0.0035211267605633804
01 식료품 및 비주류음료,고추장,0.3,0.0003,0.002112676056338028
01 식료품 및 비주류음료,카레,0.2,0.0002,0.0014084507042253522
01 식료품 및 비주류음료,식초,0.1,0.0001,0.0007042253521126761
01 식료품 및 비주류음료,드레싱,0.2,0.0002,0.0014084507042253522
01 식료품 및 비주류음료,혼합조미료,0.3,0.0003,0.002112676056338028
01 식료품 및 비주류음료,스프,0.3,0.0003,0.002112676056338028
01 식료품 및 비주류음료,이유식,0.3,0.0003,0.002112676056338028
01 식료품 및 비주류음료,김치,1.3,0.0013,0.009154929577464789
01 식료품 및 비주류음료,밑반찬,3.1,0.0031,0.02183098591549296
01 식료품 및 비주류음료,냉동식품,1.9,0.0019,0.013380281690140845
01 식료품 및 비주류음료,즉석식품,3.1,0.0031,0.02183098591549296
01 식료품 및 비주류음료,편의점도시락,0.4,0.0004,0.0028169014084507044
01 식료품 및 비주류음료,삼각김밥,0.4,0.0004,0.0028169014084507044
01 식료품 및 비주류음료,커피,2.6,0.0026,0.018309859154929577
01 식료품 및 비주류음료,차,0.9,0.0009,0.006338028169014085
01 식료품 및 비주류음료,주스,1.4,0.0014,0.009859154929577464
01 식료품 및 비주류음료,두유,0.8,0.0008,0.005633802816901409
01 식료품 및 비주류음료,생수,1.3,0.0013,0.009154929577464789
01 식료품 및 비주류음료,기능성음료,0.5,0.0005,0.0035211267605633804
01 식료품 및 비주류음료,탄산음료,1.6,0.0016,0.011267605633802818
01 식료품 및 비주류음료,기타음료,0.6,0.0006,0.004225352112676056
02 주류 및 담배,소주,1.7,0.0017,0.10759493670886075
02 주류 및 담배,과실주,0.8,0.0008,0.05063291139240506
02 주류 및 담배,맥주,3.0,0.003,0.18987341772151897
02 주류 및 담배,막걸리,0.5,0.0005,0.03164556962025316
02 주류 및 담배,양주,0.4,0.0004,0.02531645569620253
02 주류 및 담배,약주,0.1,0.0001,0.006329113924050633
02 주류 및 담배,담배,9.3,0.009300000000000001,0.5886075949367089
03 의류 및 신발,남자외의,4.4,0.0044,0.08870967741935484
03 의류 및 신발,남자상의,1.5,0.0015,0.030241935483870965
03 의류 및 신발,남자하의,1.3,0.0013,0.02620967741935484
03 의류 및 신발,남자내의,0.7,0.0007,0.01411290322580645
03 의류 및 신발,여자외의,6.2,0.0062,0.125
03 의류 및 신발,원피스,1.8,0.0018,0.036290322580645164
03 의류 및 신발,여자상의,1.5,0.0015,0.030241935483870965
03 의류 및 신발,여자하의,2.4,0.0024,0.04838709677419355
03 의류 및 신발,여자내의,1.8,0.0018,0.036290322580645164
03 의류 및 신발,점퍼,3.3,0.0033,0.06653225806451613
03 의류 및 신발,티셔츠,4.6,0.0046,0.09274193548387095
03 의류 및 신발,스웨터,0.6,0.0006,0.012096774193548387
03 의류 및 신발,청바지,1.6,0.0016,0.03225806451612903
03 의류 및 신발,운동복,2.3,0.0023,0.04637096774193548
03 의류 및 신발,등산복,0.5,0.0005,0.010080645161290322
03 의류 및 신발,유아동복,4.6,0.0046,0.09274193548387095
03 의류 및 신발,양말,0.9,0.0009,0.018145161290322582
03 의류 및 신발,모자,0.6,0.0006,0.012096774193548387
03 의류 및 신발,장갑,0.2,0.0002,0.004032258064516129
03 의류 및 신발,의복수선료,0.2,0.0002,0.004032258064516129
03 의류 및 신발,세탁료,1.1,0.0011,0.02217741935483871
03 의류 및 신발,아동화,0.9,0.0009,0.018145161290322582
03 의류 및 신발,구두,2.0,0.002,0.04032258064516129
03 의류 및 신발,운동화,4.4,0.0044,0.08870967741935484
03 의류 및 신발,실내화,0.2,0.0002,0.004032258064516129
"04 주택, 수도, 전기 및 연료",전세,54.2,0.054200000000000005,0.31585081585081587
"04 주택, 수도, 전기 및 연료",월세,44.9,0.044899999999999995,0.26165501165501165
"04 주택, 수도, 전기 및 연료",주택수선재료,3.4,0.0034,0.019813519813519812
"04 주택, 수도, 전기 및 연료",설비수리비,5.9,0.005900000000000001,0.034382284382284384
"04 주택, 수도, 전기 및 연료",상수도료,4.5,0.0045,0.026223776223776224
"04 주택, 수도, 전기 및 연료",하수도료,3.1,0.0031,0.018065268065268068
"04 주택, 수도, 전기 및 연료",공동주택관리비,21.8,0.0218,0.12703962703962704
"04 주택, 수도, 전기 및 연료",쓰레기봉투료,0.7,0.0007,0.004079254079254079
"04 주택, 수도, 전기 및 연료",정화조청소료,0.5,0.0005,0.002913752913752914
"04 주택, 수도, 전기 및 연료",전기료,16.1,0.0161,0.09382284382284384
"04 주택, 수도, 전기 및 연료",도시가스,11.5,0.0115,0.06701631701631702
"04 주택, 수도, 전기 및 연료",취사용LPG,0.9,0.0009,0.005244755244755245
"04 주택, 수도, 전기 및 연료",등유,2.4,0.0024,0.013986013986013986
"04 주택, 수도, 전기 및 연료",지역난방비,1.6,0.0016,0.009324009324009324
"04 주택, 수도, 전기 및 연료",부탄가스,0.1,0.0001,0.0005827505827505828
05 가정용품 및 가사 서비스,장롱,1.3,0.0013,0.02850877192982456
05 가정용품 및 가사 서비스,침대,2.7,0.0027,0.05921052631578948
05 가정용품 및 가사 서비스,거실장,0.4,0.0004,0.008771929824561403
05 가정용품 및 가사 서비스,소파,1.3,0.0013,0.02850877192982456
05 가정용품 및 가사 서비스,책상,0.4,0.0004,0.008771929824561403
05 가정용품 및 가사 서비스,의자,0.4,0.0004,0.008771929824561403
05 가정용품 및 가사 서비스,식탁,0.9,0.0009,0.019736842105263157
05 가정용품 및 가사 서비스,싱크대,1.3,0.0013,0.02850877192982456
05 가정용품 및 가사 서비스,침구,2.6,0.0026,0.05701754385964912
05 가정용품 및 가사 서비스,커튼,0.4,0.0004,0.008771929824561403
05 가정용품 및 가사 서비스,전기밥솥,0.5,0.0005,0.010964912280701754
05 가정용품 및 가사 서비스,가스레인지,0.4,0.0004,0.008771929824561403
05 가정용품 및 가사 서비스,전자레인지,0.1,0.0001,0.0021929824561403508
05 가정용품 및 가사 서비스,전기레인지,0.2,0.0002,0.0043859649122807015
05 가정용품 및 가사 서비스,냉장고,2.4,0.0024,0.05263157894736842
05 가정용품 및 가사 서비스,김치냉장고,1.1,0.0011,0.024122807017543862
05 가정용품 및 가사 서비스,에어컨,1.5,0.0015,0.03289473684210526
05 가정용품 및 가사 서비스,선풍기,0.4,0.0004,0.008771929824561403
05 가정용품 및 가사 서비스,공기청정기,0.6,0.0006,0.013157894736842105
05 가정용품 및 가사 서비스,세탁기,1.0,0.001,0.021929824561403508
05 가정용품 및 가사 서비스,의류건조기,1.1,0.0011,0.024122807017543862
05 가정용품 및 가사 서비스,식기세척기,0.2,0.0002,0.0043859649122807015
05 가정용품 및 가사 서비스,청소기,1.1,0.0011,0.024122807017543862
05 가정용품 및 가사 서비스,소형주방가전,0.8,0.0008,0.017543859649122806
05 가정용품 및 가사 서비스,보온매트,0.4,0.0004,0.008771929824561403
05 가정용품 및 가사 서비스,가전제품수리비,2.4,0.0024,0.05263157894736842
05 가정용품 및 가사 서비스,가전제품렌탈비,2.5,0.0025,0.05482456140350877
05 가정용품 및 가사 서비스,식기,0.8,0.0008,0.017543859649122806
05 가정용품 및 가사 서비스,컵,0.5,0.0005,0.010964912280701754
05 가정용품 및 가사 서비스,솥,0.2,0.0002,0.0043859649122807015
05 가정용품 및 가사 서비스,프라이팬,0.6,0.0006,0.013157894736842105
05 가정용품 및 가사 서비스,냄비,0.5,0.0005,0.010964912280701754
05 가정용품 및 가사 서비스,수저,0.3,0.0003,0.006578947368421052
05 가정용품 및 가사 서비스,밀폐용기,0.7,0.0007,0.015350877192982455
05 가정용품 및 가사 서비스,부엌용용구,0.4,0.0004,0.008771929824561403
05 가정용품 및 가사 서비스,보일러,1.5,0.0015,0.03289473684210526
05 가정용품 및 가사 서비스,건전지,0.3,0.0003,0.006578947368421052
05 가정용품 및 가사 서비스,소형가사용품,1.3,0.0013,0.02850877192982456
05 가정용품 및 가사 서비스,세탁세제,1.7,0.0017,0.03728070175438596
05 가정용품 및 가사 서비스,섬유유연제,0.1,0.0001,0.0021929824561403508
05 가정용품 및 가사 서비스,전구,0.2,0.0002,0.0043859649122807015
05 가정용품 및 가사 서비스,부엌용세제,0.6,0.0006,0.013157894736842105
05 가정용품 및 가사 서비스,청소용세제,0.2,0.0002,0.0043859649122807015
05 가정용품 및 가사 서비스,살충제,0.3,0.0003,0.006578947368421052
05 가정용품 및 가사 서비스,가정용비닐용품,0.6,0.0006,0.013157894736842105
05 가정용품 및 가사 서비스,키친타월,1.0,0.001,0.021929824561403508
05 가정용품 및 가사 서비스,방향제,0.3,0.0003,0.006578947368421052
05 가정용품 및 가사 서비스,습기제거제,0.1,0.0001,0.0021929824561403508
05 가정용품 및 가사 서비스,가사도우미료,2.4,0.0024,0.05263157894736842
05 가정용품 및 가사 서비스,간병도우미료,2.6,0.0026,0.05701754385964912
06 보건,감기약,0.4,0.0004,0.004761904761904762
06 보건,진통제,0.4,0.0004,0.004761904761904762
06 보건,소화제,0.3,0.0003,0.0035714285714285713
06 보건,위장약,0.2,0.0002,0.002380952380952381
06 보건,진해거담제,0.2,0.0002,0.002380952380952381
06 보건,소염진통제,0.6,0.0006,0.007142857142857143
06 보건,피부질환제,0.3,0.0003,0.0035714285714285713
06 보건,치과구강용약,0.3,0.0003,0.0035714285714285713
06 보건,조제약,5.8,0.0058,0.06904761904761905
06 보건,한방약,2.7,0.0027,0.03214285714285715
06 보건,인삼,0.3,0.0003,0.0035714285714285713
06 보건,홍삼,1.1,0.0011,0.013095238095238096
06 보건,비타민제,1.2,0.0012,0.014285714285714285
06 보건,건강기능식품,6.5,0.0065,0.07738095238095238
06 보건,유산균,1.2,0.0012,0.014285714285714285
06 보건,병원약품,3.5,0.0035,0.041666666666666664
06 보건,종이기저귀,1.4,0.0014,0.016666666666666666
06 보건,생리대,1.0,0.001,0.011904761904761904
06 보건,마스크,1.6,0.0016,0.01904761904761905
06 보건,반창고,0.1,0.0001,0.0011904761904761906
06 보건,안경,1.0,0.001,0.011904761904761904
06 보건,콘택트렌즈,1.4,0.0014,0.016666666666666666
06 보건,의료측정기,0.2,0.0002,0.002380952380952381
06 보건,보청기,0.6,0.0006,0.007142857142857143
06 보건,건강기기렌탈비,1.5,0.0015,0.017857142857142856
06 보건,치료재료,1.5,0.0015,0.017857142857142856
06 보건,외래진료비,20.5,0.0205,0.24404761904761904
06 보건,건강검진비,1.2,0.0012,0.014285714285714285
06 보건,한방진료비,1.0,0.001,0.011904761904761904
06 보건,약국조제료,1.8,0.0018,0.02142857142857143
06 보건,치과진료비,6.1,0.0060999999999999995,0.07261904761904761
06 보건,치과보철료,6.8,0.0068,0.08095238095238096
06 보건,입원진료비,10.2,0.010199999999999999,0.12142857142857141
06 보건,병원검사료,1.1,0.0011,0.013095238095238096
07 교통,소형승용차,1.0,0.001,0.009041591320072333
07 교통,중형승용차,1.0,0.001,0.009041591320072333
07 교통,대형승용차,3.2,0.0032,0.028933092224231467
07 교통,경승용차,0.6,0.0006,0.0054249547920434
07 교통,다목적승용차,7.7,0.0077,0.06962025316455697
07 교통,수입승용차,9.3,0.009300000000000001,0.0840867992766727
07 교통,전기동력차,5.1,0.0050999999999999995,0.0461121157323689
07 교통,자전거,0.5,0.0005,0.0045207956600361665
07 교통,휘발유,24.1,0.0241,0.21790235081374323
07 교통,경유,16.3,0.016300000000000002,0.14737793851717904
07 교통,자동차용LPG,2.8,0.0028,0.02531645569620253
07 교통,자동차용품,0.9,0.0009,0.0081374321880651
07 교통,블랙박스,0.2,0.0002,0.0018083182640144667
07 교통,자동차타이어,0.9,0.0009,0.0081374321880651
07 교통,자동차수리비,6.3,0.0063,0.056962025316455694
07 교통,엔진오일교체료,1.0,0.001,0.009041591320072333
07 교통,세차료,0.5,0.0005,0.0045207956600361665
07 교통,자동차학원비,0.5,0.0005,0.0045207956600361665
07 교통,주차료,1.2,0.0012,0.0108499095840868
07 교통,도로통행료,1.7,0.0017,0.015370705244122967
07 교통,승용차임차료,3.2,0.0032,0.028933092224231467
07 교통,대리운전이용료,0.4,0.0004,0.0036166365280289334
07 교통,자동차검사료,0.3,0.0003,0.0027124773960217
07 교통,열차료,1.7,0.0017,0.015370705244122967
07 교통,도시철도료,2.2,0.0022,0.019891500904159136
07 교통,시내버스료,6.8,0.0068,0.06148282097649187
07 교통,시외버스료,1.0,0.001,0.009041591320072333
07 교통,택시료,3.2,0.0032,0.028933092224231467
07 교통,국내항공료,1.0,0.001,0.009041591320072333
07 교통,국제항공료,2.9,0.0029,0.026220614828209764
07 교통,여객선료,0.2,0.0002,0.0018083182640144667
07 교통,이삿짐운송료,1.0,0.001,0.009041591320072333
07 교통,택배이용료,1.9,0.0019,0.017179023508137433
08 통신,우편료,0.1,0.0001,0.002145922746781116
08 통신,휴대전화기,10.4,0.0104,0.22317596566523606
08 통신,유선전화료,0.4,0.0004,0.008583690987124463
08 통신,휴대전화료,29.8,0.0298,0.6394849785407726
08 통신,인터넷이용료,5.5,0.0055,0.11802575107296137
08 통신,휴대전화기수리비,0.4,0.0004,0.008583690987124463
09 오락 및 문화,TV,1.9,0.0019,0.030206677265500793
09 오락 및 문화,영상음향기기,0.9,0.0009,0.014308426073131956
09 오락 및 문화,컴퓨터,3.0,0.003,0.04769475357710652
09 오락 및 문화,컴퓨터수리비,0.1,0.0001,0.001589825119236884
09 오락 및 문화,휴대용멀티미디어기기,1.2,0.0012,0.019077901430842606
09 오락 및 문화,컴퓨터소모품,0.7,0.0007,0.011128775834658187
09 오락 및 문화,저장장치,0.1,0.0001,0.001589825119236884
09 오락 및 문화,악기,0.3,0.0003,0.0047694753577106515
09 오락 및 문화,헬스기구,1.1,0.0011,0.017488076311605726
09 오락 및 문화,장난감,2.9,0.0029,0.046104928457869634
09 오락 및 문화,레저용품,1.6,0.0016,0.025437201907790145
09 오락 및 문화,운동용품,2.1,0.0021000000000000003,0.033386327503974564
09 오락 및 문화,화초,0.7,0.0007,0.011128775834658187
09 오락 및 문화,원예용품,0.4,0.0004,0.006359300476947536
09 오락 및 문화,반려동물용품,3.3,0.0033,0.05246422893481717
09 오락 및 문화,반려동물관리비,2.6,0.0026,0.041335453100158986
09 오락 및 문화,수영장이용료,0.2,0.0002,0.003179650238473768
09 오락 및 문화,볼링장이용료,0.2,0.0002,0.003179650238473768
09 오락 및 문화,헬스클럽이용료,1.5,0.0015,0.02384737678855326
09 오락 및 문화,골프연습장이용료,2.3,0.0023,0.03656597774244833
09 오락 및 문화,골프장이용료,3.0,0.003,0.04769475357710652
09 오락 및 문화,당구장이용료,0.5,0.0005,0.00794912559618442
09 오락 및 문화,노래방이용료,0.5,0.0005,0.00794912559618442
09 오락 및 문화,PC방이용료,0.3,0.0003,0.0047694753577106515
09 오락 및 문화,놀이시설이용료,2.3,0.0023,0.03656597774244833
09 오락 및 문화,운동경기관람료,0.2,0.0002,0.003179650238473768
09 오락 및 문화,영화관람료,1.0,0.001,0.01589825119236884
09 오락 및 문화,공연예술관람료,0.7,0.0007,0.011128775834658187
09 오락 및 문화,관람시설이용료,0.6,0.0006,0.009538950715421303
09 오락 및 문화,독서실비,0.8,0.0008,0.012718600953895072
09 오락 및 문화,문화강습료,0.9,0.0009,0.014308426073131956
09 오락 및 문화,온라인콘텐츠이용료,8.0,0.008,0.1271860095389507
09 오락 및 문화,방송수신료,2.4,0.0024,0.03815580286168521
09 오락 및 문화,사진서비스료,1.7,0.0017,0.02702702702702703
09 오락 및 문화,유아용학습교재,0.3,0.0003,0.0047694753577106515
09 오락 및 문화,초등학교학습서,0.6,0.0006,0.009538950715421303
09 오락 및 문화,중학교학습서,0.6,0.0006,0.009538950715421303
09 오락 및 문화,고등학교학습서,0.6,0.0006,0.009538950715421303
09 오락 및 문화,대학교재,0.2,0.0002,0.003179650238473768
09 오락 및 문화,서적,1.5,0.0015,0.02384737678855326
09 오락 및 문화,신문,0.4,0.0004,0.006359300476947536
09 오락 및 문화,종이문구,0.5,0.0005,0.00794912559618442
09 오락 및 문화,기타문구,0.1,0.0001,0.001589825119236884
09 오락 및 문화,필기구,0.4,0.0004,0.006359300476947536
09 오락 및 문화,회화용구,0.2,0.0002,0.003179650238473768
09 오락 및 문화,국내단체여행비,2.0,0.002,0.03179650238473768
09 오락 및 문화,해외단체여행비,5.5,0.0055,0.08744038155802862
10 교육,유치원납입금,1.8,0.0018,0.02435723951285521
10 교육,전문대학납입금,1.1,0.0011,0.014884979702300407
10 교육,국공립대학교납입금,1.4,0.0014,0.018944519621109605
10 교육,사립대학교납입금,8.6,0.0086,0.11637347767253044
10 교육,국공립대학원납입금,0.4,0.0004,0.005412719891745602
10 교육,사립대학원납입금,1.6,0.0016,0.021650879566982407
10 교육,초등학생학원비,7.6,0.0076,0.10284167794316643
10 교육,중학생학원비,13.8,0.013800000000000002,0.18673883626522328
10 교육,고등학생학원비,13.8,0.013800000000000002,0.18673883626522328
10 교육,음악학원비,3.0,0.003,0.04059539918809201
10 교육,미술학원비,2.6,0.0026,0.035182679296346414
10 교육,운동학원비,5.7,0.0057,0.07713125845737483
10 교육,전산학원비,0.5,0.0005,0.006765899864682002
10 교육,가정학습지,3.5,0.0035,0.04736129905277402
10 교육,이러닝이용료,0.7,0.0007,0.009472259810554802
10 교육,학교보충교육비,1.4,0.0014,0.018944519621109605
10 교육,기타학원비,0.2,0.0002,0.002706359945872801
10 교육,취업학원비,2.0,0.002,0.027063599458728008
10 교육,외국어학원비,0.5,0.0005,0.006765899864682002
10 교육,운동강습료,3.7,0.0037,0.05006765899864682
11 음식 및 숙박,김치찌개백반,4.8,0.0048,0.0331720801658604
11 음식 및 숙박,된장찌개백반,4.3,0.0043,0.029716655148583276
11 음식 및 숙박,비빔밥,2.4,0.0024,0.0165860400829302
11 음식 및 숙박,설렁탕,2.0,0.002,0.013821700069108501
11 음식 및 숙박,갈비탕,2.2,0.0022,0.015203870076019354
11 음식 및 숙박,삼계탕,2.2,0.0022,0.015203870076019354
11 음식 및 숙박,해물찜,4.1,0.0040999999999999995,0.028334485141672427
11 음식 및 숙박,해장국,5.0,0.005,0.03455425017277125
11 음식 및 숙박,불고기,1.1,0.0011,0.007601935038009677
11 음식 및 숙박,쇠고기(외식),8.3,0.0083,0.057360055286800285
11 음식 및 숙박,돼지갈비(외식),6.1,0.0060999999999999995,0.042156185210780926
11 음식 및 숙박,삼겹살(외식),7.2,0.0072,0.04975812024879061
11 음식 및 숙박,오리고기(외식),1.5,0.0015,0.010366275051831375
11 음식 및 숙박,냉면,2.4,0.0024,0.0165860400829302
11 음식 및 숙박,칼국수,2.7,0.0027,0.018659295093296478
11 음식 및 숙박,죽(외식),1.7,0.0017,0.011748445058742226
11 음식 및 숙박,생선초밥,2.7,0.0027,0.018659295093296478
11 음식 및 숙박,생선회(외식),10.3,0.0103,0.07118175535590879
11 음식 및 숙박,자장면,2.2,0.0022,0.015203870076019354
11 음식 및 숙박,짬뽕,2.4,0.0024,0.0165860400829302
11 음식 및 숙박,탕수육,2.1,0.0021000000000000003,0.014512785072563927
11 음식 및 숙박,볶음밥,0.9,0.0009,0.006219765031098826
11 음식 및 숙박,돈가스,2.2,0.0022,0.015203870076019354
11 음식 및 숙박,스테이크,1.5,0.0015,0.010366275051831375
11 음식 및 숙박,스파게티,1.5,0.0015,0.010366275051831375
11 음식 및 숙박,라면(외식),0.7,0.0007,0.0048375950241879755
11 음식 및 숙박,김밥,3.4,0.0034,0.023496890117484452
11 음식 및 숙박,떡볶이,3.1,0.0031,0.02142363510711818
11 음식 및 숙박,치킨,8.6,0.0086,0.05943331029716655
11 음식 및 숙박,햄버거,4.3,0.0043,0.029716655148583276
11 음식 및 숙박,피자,4.1,0.0040999999999999995,0.028334485141672427
11 음식 및 숙박,쌀국수,0.6,0.0006,0.00414651002073255
11 음식 및 숙박,커피(외식),8.8,0.0088,0.060815480304077414
11 음식 및 숙박,기타음료(외식),0.5,0.0005,0.0034554250172771253
11 음식 및 숙박,소주(외식),2.5,0.0025,0.017277125086385625
11 음식 및 숙박,맥주(외식),4.8,0.0048,0.0331720801658604
11 음식 및 숙박,막걸리(외식),0.3,0.0003,0.002073255010366275
11 음식 및 숙박,구내식당식사비,11.9,0.0119,0.08223911541119558
11 음식 및 숙박,도시락,0.6,0.0006,0.00414651002073255
11 음식 및 숙박,호텔숙박료,2.1,0.0021000000000000003,0.014512785072563927
11 음식 및 숙박,여관숙박료,1.5,0.0015,0.010366275051831375
11 음식 및 숙박,콘도이용료,0.8,0.0008,0.005528680027643401
11 음식 및 숙박,학교기숙사비,0.9,0.0009,0.006219765031098826
11 음식 및 숙박,휴양시설이용료,1.4,0.0014,0.009675190048375951
12 기타 상품 및 서비스,목욕료,0.6,0.0006,0.011385199240986717
12 기타 상품 및 서비스,찜질방이용료,0.6,0.0006,0.011385199240986717
12 기타 상품 및 서비스,이발료,0.3,0.0003,0.0056925996204933585
12 기타 상품 및 서비스,미용료,7.3,0.0073,0.13851992409867173
12 기타 상품 및 서비스,뷰티미용료,2.2,0.0022,0.04174573055028463
12 기타 상품 및 서비스,면도기,0.4,0.0004,0.007590132827324478
12 기타 상품 및 서비스,헤어드라이어,0.7,0.0007,0.013282732447817835
12 기타 상품 및 서비스,칫솔,0.4,0.0004,0.007590132827324478
12 기타 상품 및 서비스,치약,0.5,0.0005,0.009487666034155597
12 기타 상품 및 서비스,비누,0.3,0.0003,0.0056925996204933585
12 기타 상품 및 서비스,샴푸,1.0,0.001,0.018975332068311195
12 기타 상품 및 서비스,바디워시,0.5,0.0005,0.009487666034155597
12 기타 상품 및 서비스,화장지,1.3,0.0013,0.024667931688804552
12 기타 상품 및 서비스,기초화장품,4.5,0.0045,0.08538899430740038
12 기타 상품 및 서비스,기능성화장품,3.7,0.0037,0.07020872865275142
12 기타 상품 및 서비스,색조화장품,0.7,0.0007,0.013282732447817835
12 기타 상품 및 서비스,모발염색약,0.7,0.0007,0.013282732447817835
12 기타 상품 및 서비스,구강세정제,0.2,0.0002,0.003795066413662239
12 기타 상품 및 서비스,손목시계,0.6,0.0006,0.011385199240986717
12 기타 상품 및 서비스,장신구,1.0,0.001,0.018975332068311195
12 기타 상품 및 서비스,가방,2.7,0.0027,0.051233396584440226
12 기타 상품 및 서비스,핸드백,1.4,0.0014,0.02656546489563567
12 기타 상품 및 서비스,우산,0.2,0.0002,0.003795066413662239
12 기타 상품 및 서비스,유모차,0.2,0.0002,0.003795066413662239
12 기타 상품 및 서비스,선글라스,0.4,0.0004,0.007590132827324478
12 기타 상품 및 서비스,지갑,0.5,0.0005,0.009487666034155597
12 기타 상품 및 서비스,산후조리원이용료,0.7,0.0007,0.013282732447817835
12 기타 상품 및 서비스,보육시설이용료,0.7,0.0007,0.013282732447817835
12 기타 상품 및 서비스,요양시설이용료,0.9,0.0009,0.017077798861480076
12 기타 상품 및 서비스,보험서비스료,8.6,0.0086,0.16318785578747627
12 기타 상품 및 서비스,자동차보험료,3.7,0.0037,0.07020872865275142
12 기타 상품 및 서비스,금융수수료,0.2,0.0002,0.003795066413662239
12 기타 상품 및 서비스,부동산중개수수료,0.8,0.0008,0.015180265654648957
12 기타 상품 및 서비스,행정수수료,1.1,0.0011,0.020872865275142316
12 기타 상품 및 서비스,대입전형료,0.1,0.0001,0.0018975332068311196
12 기타 상품 및 서비스,시험응시료,0.4,0.0004,0.007590132827324478
12 기타 상품 및 서비스,장례비,2.6,0.0026,0.049335863377609104
