,tokyo_headline_index,tokyo_headline_yoy,tokyo_ex_fresh_food_index,tokyo_ex_fresh_food_yoy,tokyo_ex_fresh_food_energy_index,tokyo_ex_fresh_food_energy_yoy
2000-02,104.6091485170775,,105.4724993641573,,106.2294944788866,
2000-03,104.6091485170775,,105.3711809209641,,106.2521898172491,
2000-04,104.5085627973496,,105.2698624777709,,106.0308219110451,
2000-05,104.3073913578936,,105.1685440345776,,105.9652009502411,
2000-06,104.0056341987098,,104.8645887049979,,105.5352312544181,
2000-07,104.0056341987098,,104.7632702618047,,105.5864676597242,
2000-08,103.9050484789818,,104.6619518186114,,105.6537378911988,
2000-09,103.9050484789818,,104.5606333754182,,105.3075655217,
2000-10,103.7038770395258,,104.2566780458385,,105.1228968644759,
2000-11,103.6032913197979,,104.2566780458385,,104.993638389664,
2000-12,103.7038770395258,,104.1553596026453,,104.9598700358167,
2001-01,103.8044627592538,,104.3579964890317,,104.9065702526934,
2001-02,103.7038770395258,-0.8653846153846789,104.054041159452,-1.344860710854967,104.6822744448054,-1.4564881831276244
2001-03,103.301534160614,-1.2500000000000289,103.8514042730655,-1.442307692307765,104.4713684405054,-1.6760326350041987
2001-04,103.200948440886,-1.251203079884633,103.8514042730655,-1.347449470644957,104.5050911543217,-1.4389502309087088
2001-05,103.200948440886,-1.0607521697203914,103.7500858298723,-1.3487475915221592,104.4445502091551,-1.4350472867031727
2001-06,102.8991912817022,-1.063829787234083,103.7500858298723,-1.0628019323671634,104.3288294488979,-1.1431270782094272
2001-07,102.8991912817022,-1.063829787234083,103.6487673866791,-1.0638297872340718,104.4046409398328,-1.1192975256072657
2001-08,102.8991912817022,-0.9680542110358181,103.4461305002926,-1.1616650532429662,104.3305298900094,-1.2524005563835594
2001-09,102.5974341225183,-1.2584704743465958,103.3448120570994,-1.1627906976744096,104.0913528002504,-1.1549148586090685
2001-10,102.5974341225183,-1.0669253152278957,103.2434936139061,-0.9718172983479656,103.9754888320054,-1.0914920219043611
2001-11,102.2956769633344,-1.262135922330132,103.2434936139061,-0.9718172983479656,103.8701603439394,-1.0700439216660196
2001-12,102.0945055238785,-1.55189136760423,103.1421751707129,-0.9727626459144489,103.8128981214719,-1.0927718507591555
2002-01,101.9939198041505,-1.7441860465116643,103.0408567275197,-1.2621359223300543,103.6840642371644,-1.1653283608302978
2002-02,101.8933340844226,-1.7458777885547394,103.0408567275197,-0.9737098344692829,103.7618013041054,-0.8793018164553912
2002-03,101.8933340844226,-1.3631937682570205,103.1421751707129,-0.6829268292682489,103.7317692874363,-0.7079443527058804
2002-04,101.7927483646946,-1.3645224171539572,102.73690139794,-1.0731707317072403,103.5826158255424,-0.8827085059588957
2002-05,101.8933340844226,-1.26705653021435,102.6355829547467,-1.0742187500000222,103.5292829250586,-0.8763188526961341
2002-06,101.8933340844226,-0.9775171065493637,102.73690139794,-0.9765624999999556,103.5252566937301,-0.7702307784076212
2002-07,101.8933340844226,-0.9775171065493637,102.5342645115535,-1.0752688172043112,103.5467836585973,-0.8216658507832708
2002-08,101.8933340844226,-0.9775171065493637,102.5342645115535,-0.8814887365327984,103.5451326642053,-0.7527971214486451
2002-09,101.6921626449667,-0.8823529411764341,102.5342645115535,-0.7843137254902155,103.384601860549,-0.6789718076367524
2002-10,101.5915769252387,-0.9803921568627527,102.4329460683603,-0.7850834151127861,103.3387574249434,-0.6123860673459047
2002-11,101.8933340844226,-0.39331366764990827,102.4329460683603,-0.7850834151127861,103.3636569969135,-0.4876312362941837
2002-12,101.7927483646946,-0.2955665024630738,102.331627625167,-0.785854616895898,103.3027167601353,-0.4914431352640247
2003-01,101.7927483646946,-0.19723865877708802,102.4329460683603,-0.5899705014749235,103.2020402016997,-0.4648969337873732
2003-02,101.6921626449667,-0.19743336623888608,102.331627625167,-0.6882989183874644,103.1515782946881,-0.5880998611703658
2003-03,101.5915769252387,-0.296150049358368,102.2303091819738,-0.8840864440078589,103.0889665261074,-0.6196778149495485
2003-04,101.6921626449667,-0.09881422924895578,102.2303091819738,-0.4930966469428366,103.0578710694282,-0.5065953895178721
2003-05,101.5915769252387,-0.296150049358368,102.1289907387806,-0.49358341559715413,103.0152188199657,-0.496539810350094
2003-06,101.5915769252387,-0.296150049358368,102.1289907387806,-0.5917159763313529,103.0139369961781,-0.49390816683960725
2003-07,101.3904054857828,-0.49358341559725405,102.1289907387806,-0.39525691699601184,103.0164985587703,-0.5121212664368269
2003-08,101.3904054857828,-0.49358341559725405,102.2303091819738,-0.29644268774703386,103.1070325926572,-0.42310059418132484
2003-09,101.2898197660548,-0.3956478733927349,102.1289907387806,-0.39525691699601184,102.9836486934634,-0.3878267748483766
2003-10,101.2898197660548,-0.2970297029703084,102.2303091819738,-0.197823936696373,103.1148687459281,-0.21665509107549052
2003-11,101.1892340463268,-0.6910167818362178,102.2303091819738,-0.197823936696373,103.0555100693993,-0.29811921952742626
2003-12,101.3904054857828,-0.39525691699602294,102.2303091819738,-0.0990099009900769,103.1101999279989,-0.18636182878268848
2004-01,101.2898197660548,-0.49407114624505644,102.1289907387806,-0.2967359050444984,102.9208352171428,-0.27248006338568276
2004-02,101.4909912055107,-0.1978239366964285,102.1289907387806,-0.19801980198013158,102.9501187733376,-0.19530435179085925
2004-03,101.4909912055107,-0.0990099009901435,102.1289907387806,-0.09910802775020544,102.9789365189147,-0.10673305873605266
2004-04,101.3904054857828,-0.29673590504454284,102.1289907387806,-0.09910802775020544,102.9344540675449,-0.1197550469484776
2004-05,101.2898197660548,-0.2970297029703084,102.0276722955874,-0.09920634920632665,102.9019783408361,-0.1099259705767408
2004-06,101.4909912055107,-0.0990099009901435,102.0276722955874,-0.09920634920632665,102.904962575014,-0.10578609491271873
2004-07,101.2898197660548,-0.09920634920638216,102.0276722955874,-0.09920634920632665,102.9174100032862,-0.09618707378952207
2004-08,101.1892340463268,-0.19841269841276432,102.0276722955874,-0.19821605550043309,102.9049227023604,-0.19601950052745565
2004-09,101.0886483265989,-0.19860973187685316,102.0276722955874,-0.09920634920632665,102.8834879404174,-0.09725888946130468
2004-10,101.5915769252387,0.2979145978153186,101.9263538523941,-0.29732408325073845,102.8969865612948,-0.2113004528669582
2004-11,101.7927483646946,0.5964214711730031,101.8250354092009,-0.396432111000955,102.7408038274335,-0.3053754639163686
2004-12,101.3904054857828,0.0,101.8250354092009,-0.396432111000955,102.7090496603185,-0.38905003380900194
2005-01,100.9880626068709,-0.2979145978153186,101.6223985228144,-0.4960317460317776,102.7348301704347,-0.18072632845979042
2005-02,101.087754672623,-0.39731263642027725,101.6223985228144,-0.4960317460317776,102.7485926915765,-0.19575118918007117
2005-03,101.087754672623,-0.39731263642027725,101.5221791948826,-0.5941618922388758,102.660605288899,-0.30912266214481177
2005-04,100.8883705411188,-0.4951503470753793,101.5221791948826,-0.5941618922388758,102.6050212969743,-0.3200413054645801
2005-05,100.7886784753667,-0.49475978123524333,101.5221791948826,-0.4954470579710213,102.5766424549811,-0.31616096318130005
2005-06,100.5892943438625,-0.8884501480750484,101.4219598669509,-0.5936746521881475,102.4776380180899,-0.41526136955016835
2005-07,100.5892943438625,-0.691604964655157,101.4219598669509,-0.5936746521881475,102.412609403487,-0.49049096725527486
2005-08,100.3899102123583,-0.7899297207868528,101.4219598669509,-0.5936746521881475,102.4151756645867,-0.47592187517619955
2005-09,100.4896022781104,-0.592594775382782,101.4219598669509,-0.5936746521881475,102.462337996634,-0.4093464871907204
2005-10,100.4896022781104,-1.084710642831388,101.3217405390191,-0.5931864434693512,102.2744732253481,-0.6049869454397117
2005-11,100.5892943438625,-1.1822590903238672,101.3217405390191,-0.49427419117431537,102.2179804513842,-0.5088760809458415
2005-12,100.4896022781104,-0.888450148075115,101.2215212110873,-0.5926972631909888,102.0927818283738,-0.6000131770110162
2006-01,100.7886784753667,-0.19743336623890828,101.2215212110873,-0.39447731755425375,102.1203761912234,-0.598097040888601
2006-02,100.7886784753667,-0.2958579881657153,101.4219598669509,-0.19723865877707691,102.1223202257945,-0.6095192638422842
2006-03,100.6889864096146,-0.39447731755427595,101.4219598669509,-0.09871668311937087,102.2444289126346,-0.40539053426894567
2006-04,100.7886784753667,-0.09881422924902239,101.4219598669509,-0.09871668311937087,102.2807632306216,-0.31602553389096233
2006-05,100.7886784753667,0.0,101.4219598669509,-0.09871668311937087,102.2488903025208,-0.31951928296359844
2006-06,100.8883705411188,0.29732408325076065,101.4219598669509,0.0,102.26661511153,-0.2059209312793242
2006-07,100.7886784753667,0.1982160555004997,101.4219598669509,0.0,102.2187017737333,-0.1893396046474427
2006-08,101.1874467383751,0.7944389275075014,101.4219598669509,0.0,102.1338480403321,-0.2746932985556394
2006-09,100.9880626068709,0.4960317460317887,101.4219598669509,0.0,102.1451263916381,-0.3095884899740664
2006-10,100.8883705411188,0.3968253968254176,101.4219598669509,0.09891196834819205,102.1791073934973,-0.09324499930757346
2006-11,100.7886784753667,0.1982160555004997,101.5221791948827,0.1978239366963841,102.2045804225196,-0.01310926786600719
2006-12,100.7886784753667,0.29761904761906877,101.4219598669509,0.1980198019802426,102.1949320020164,0.10005621534960873
2007-01,100.8883705411188,0.09891196834819205,101.4219598669509,0.1980198019802426,102.2340105434577,0.11127490562854447
2007-02,100.7886784753667,0.0,101.3217405390191,-0.09881422924903349,102.220903878735,0.09653487378913361
2007-03,100.7886784753667,0.0990099009900991,101.3217405390191,-0.09881422924903349,102.12491746499,-0.11688798002551515
2007-04,100.7886784753667,0.0,101.3217405390191,-0.09881422924903349,102.1655841703395,-0.11261067735913732
2007-05,100.7886784753667,0.0,101.4219598669509,0.0,102.1424433017657,-0.10410577605308724
2007-06,100.6889864096146,-0.19762845849804478,101.3217405390191,-0.09881422924903349,102.0615962762476,-0.20047484221396017
2007-07,100.6889864096146,-0.09891196834816984,101.3217405390191,-0.09881422924903349,102.0215143804987,-0.19290735434215334
2007-08,100.8883705411188,-0.2955665024630738,101.4219598669509,0.0,102.0623271261842,-0.07002665181052858
2007-09,100.8883705411188,-0.09871668311944859,101.3217405390192,-0.09881422924894467,102.0423242833895,-0.10064318473153033
2007-10,100.9880626068709,0.09881422924902239,101.4219598669509,0.0,102.0836397663986,-0.09343165108209872
2007-11,101.087754672623,0.29673590504453173,101.6223985228145,0.098716683119493,102.1859053981879,-0.018272199009572443
2007-12,101.1874467383751,0.3956478733927016,101.7226178507462,0.29644268774702276,102.2947162611899,0.09764110334897769
2008-01,101.1874467383751,0.29644268774704496,101.822837178678,0.39525691699606735,102.4493154341468,0.2106000630754723
2008-02,101.1874467383751,0.3956478733927016,101.7226178507463,0.3956478733927904,102.2054788014446,-0.015089944135793232
2008-03,101.2871388041272,0.4945598417408936,101.9230565066098,0.5934718100890857,102.4204574828948,0.28939070428732894
2008-04,101.3868308698793,0.5934718100890635,102.0232758345416,0.6923837784372999,102.5657928099515,0.39172549431591985
2008-05,101.6859070671355,0.8902077151335064,102.3239338183369,0.8893280632411793,102.760786409835,0.6053733277580742
2008-06,102.184367395896,1.4851485148514865,102.6245918021322,1.2858555885262968,103.0111642549499,0.9303871518255846
2008-07,102.2840594616481,1.5841584158415856,102.9252497859275,1.5825914935708063,103.0654702732046,1.023270335717985
2008-08,102.184367395896,1.2845849802371356,102.9252497859275,1.482213438735247,103.1191572539052,1.0354752409421186
2008-09,102.2840594616481,1.383399209486158,103.0254691138593,1.6815034619189095,103.2895984587265,1.222310628551626
2008-10,102.0846753301439,1.08588351431389,102.9252497859275,1.482213438735247,103.2243462018106,1.117423357966385
2008-11,102.184367395896,1.084812623274134,102.6245918021322,0.9861932938856066,103.1067095650257,0.9011068241257858
2008-12,101.9849832643918,0.7881773399014191,102.5243724742004,0.7881773399015302,103.1190250583295,0.8058175703179904
2009-01,101.6859070671356,0.49261083743845635,102.4241531462687,0.5905511811024278,102.881259227403,0.42161706149599354
2009-02,101.5862150013835,0.3940886699507651,102.3239338183369,0.591133004926081,102.7088065903669,0.4924665436968567
2009-03,101.3868308698793,0.09842519685041573,102.2237144904051,0.2949852507374562,102.6042291751112,0.17942869689591134
2009-04,101.1874467383751,-0.196656833824993,102.0232758345416,0.0,102.34133271156,-0.21884498938882224
2009-05,100.9880626068709,-0.6862745098038747,101.6223985228145,-0.6856023506366382,102.3538668510059,-0.39598719807982796
2009-06,100.6889864096146,-1.4634146341463428,101.421959866951,-1.1718749999999667,102.1991423624313,-0.7882853265388512
2009-07,100.4896022781104,-1.7543859649122973,101.2215212110874,-1.655306718597871,102.1304361507858,-0.9072234570319471
2009-08,100.4896022781104,-1.6585365853658662,101.0210825552239,-1.8500486854917009,101.9844372001891,-1.1003969426574445
2009-09,100.2902181466063,-1.9493177387913452,100.9208632272921,-2.0428015564202706,101.8526857161453,-1.3911495097498894
2009-10,99.6920657520937,-2.3437499999999556,100.7204245714286,-2.1421616358324957,101.6684220049352,-1.5073228885688184
2009-11,99.99114194935,-2.1463414634145805,100.7204245714286,-1.8554687499999778,101.6670586154196,-1.3962728087042242
2009-12,99.8914498835979,-2.0527859237535973,100.6202052434968,-1.85728250244378,101.4772658008785,-1.5921012214015207
2010-01,99.8914498835979,-1.7647058823529571,100.7204245714286,-1.6634050880626305,101.4457774232804,-1.3952801656030411
2010-02,99.8914498835979,-1.6683022571148176,100.7204245714286,-1.5670910871694255,101.3421555873016,-1.3306074215387431
2010-03,99.99507171957673,-1.3727218203405278,100.6168027354497,-1.571955942870995,101.2385337513228,-1.3310322924970364
2010-04,99.99507171957673,-1.178382355947094,100.4095590634921,-1.5817143272938816,101.0312900793651,-1.2800718902959085
2010-05,99.8914498835979,-1.08588351431389,100.2023153915344,-1.3974115469841952,100.8240464074074,-1.4946386401067158
2010-06,99.78782804761904,-0.894991988825411,100.2023153915344,-1.2025447713853832,100.7204245714286,-1.4468984345863634
2010-07,99.16609703174605,-1.3170569057497916,99.78782804761904,-1.4163916391639053,100.4095590634921,-1.6849796712441245
2010-08,99.47696253968255,-1.00770598695904,99.8914498835979,-1.1182147756221839,100.5131808994709,-1.4426282490829667
2010-09,99.47696253968255,-0.8109022215256556,99.78782804761904,-1.122696678803925,100.4095590634921,-1.4168763862300815
2010-10,99.68420621164022,-0.007883817427378759,99.99507171957673,-0.7201646090535085,100.6168027354497,-1.034361750430679
2010-11,99.78782804761904,-0.20333191297479125,99.99507171957673,-0.7201646090535085,100.6168027354497,-1.0330345878725167
2010-12,99.37334070370372,-0.5186721991701226,99.99507171957673,-0.6212803108553322,100.5131808994709,-0.9500501356622615
2011-01,99.37334070370372,-0.5186721991701226,99.99507171957673,-0.7201646090535085,100.5131808994709,-0.9193054136874212
2011-02,99.37334070370372,-0.5186721991701226,99.8914498835979,-0.8230452674897193,100.4095590634921,-0.9202453987729897
2011-03,99.26971886772488,-0.7253886010362698,99.78782804761904,-0.82389289392375,100.3059372275132,-0.9211873080860578
2011-04,99.26971886772488,-0.7253886010362698,99.8914498835979,-0.5159958720330371,100.3059372275132,-0.7179487179487798
2011-05,99.26971886772488,-0.6224066390041583,99.8914498835979,-0.31023784901756946,100.3059372275132,-0.5138746145940565
2011-06,99.16609703174605,-0.6230529595015355,99.78782804761904,-0.4136504653567852,100.0986935555556,-0.6172839506172645
2011-07,99.26971886772488,0.10449320794148065,99.68420621164022,-0.10384215991692258,99.99507171957673,-0.41279669762643856
2011-08,99.16609703174605,-0.31249999999999334,99.68420621164022,-0.20746887966806016,99.8914498835979,-0.6185567010309034
2011-09,99.16609703174605,-0.31249999999999334,99.78782804761904,0.0,100.0986935555556,-0.3095975232198067
2011-10,99.16609703174605,-0.5197505197505059,99.58058437566137,-0.4145077720207335,99.78782804761904,-0.82389289392375
2011-11,98.95885335978836,-0.8307372793354029,99.58058437566137,-0.4145077720207335,99.68420621164022,-0.9268795056642243
2011-12,99.06247519576719,-0.31282586027113757,99.58058437566137,-0.4145077720207335,99.68420621164022,-0.8247422680412342
2012-01,99.06247519576719,-0.31282586027113757,99.58058437566137,-0.4145077720207335,99.58058437566137,-0.9278350515463885
2012-02,99.16609703174605,-0.2085505735140769,99.58058437566137,-0.3112033195020958,99.58058437566137,-0.8255933952528771
2012-03,99.16609703174605,-0.10438413361167909,99.58058437566137,-0.20768431983384517,99.47696253968255,-0.8264462809916995
2012-04,98.95885335978836,-0.31315240083508167,99.37334070370372,-0.5186721991701226,99.37334070370372,-0.9297520661156633
2012-05,98.7516096878307,-0.521920668058462,99.06247519576719,-0.8298755186722184,99.16609703174605,-1.136363636363591
2012-06,98.64798785185187,-0.5224660397074254,99.16609703174605,-0.6230529595015355,99.16609703174605,-0.9316770186335699
2012-07,98.44074417989418,-0.8350730688935326,99.16609703174605,-0.5197505197505059,99.16609703174605,-0.8290155440414448
2012-08,98.54436601587301,-0.6269592476489283,99.16609703174605,-0.5197505197505059,99.06247519576719,-0.8298755186722184
2012-09,98.44074417989418,-0.7314524555903978,99.26971886772488,-0.519210799584624,98.95885335978836,-1.138716356107694
2012-10,98.44074417989418,-0.7314524555903978,99.16609703174605,-0.41623309053068214,98.85523152380954,-0.9345794392523255
2012-11,98.44074417989418,-0.5235602094240899,99.06247519576719,-0.5202913631633721,98.7516096878307,-0.9355509355509328
2012-12,98.44074417989418,-0.6276150627614996,99.06247519576719,-0.5202913631633721,98.64798785185187,-1.039501039501034
2013-01,98.64798785185187,-0.4184100418409886,99.06247519576719,-0.5202913631633721,98.64798785185187,-0.9365244536940542
2013-02,98.33712234391535,-0.8359456635318785,98.95885335978836,-0.6243496357960399,98.54436601587301,-1.0405827263267442
2013-03,98.23350050793651,-0.9404388714733702,98.95885335978836,-0.6243496357960399,98.64798785185187,-0.8333333333333304
2013-04,98.33712234391535,-0.6282722513088923,99.06247519576719,-0.31282586027113757,98.64798785185187,-0.7299270072992692
2013-05,98.44074417989418,-0.31479538300105414,99.16609703174605,0.10460251046027214,98.7516096878307,-0.4179728317659448
2013-06,98.64798785185187,0.0,99.26971886772488,0.10449320794148065,98.7516096878307,-0.4179728317659448
2013-07,98.85523152380954,0.42105263157896644,99.47696253968255,0.31347962382444194,98.7516096878307,-0.4179728317659448
2013-08,98.95885335978836,0.4206098843323014,99.47696253968255,0.31347962382444194,98.7516096878307,-0.3138075313807387
2013-09,98.95885335978836,0.5263157894736858,99.47696253968255,0.20876826722338038,98.7516096878307,-0.20942408376962707
2013-10,98.95885335978836,0.5263157894736858,99.58058437566137,0.4179728317659226,98.7516096878307,-0.10482180293501786
2013-11,99.37334070370372,0.9473684210526523,99.68420621164022,0.6276150627615218,98.95885335978836,0.20986358866736943
2013-12,99.37334070370372,0.9473684210526523,99.68420621164022,0.6276150627615218,99.06247519576719,0.42016806722686706
2014-01,99.37334070370372,0.7352941176470562,99.78782804761904,0.7322175732217495,99.06247519576719,0.42016806722686706
2014-02,99.37334070370372,1.0537407797681864,99.8914498835979,0.9424083769633551,99.06247519576719,0.525762355415349
2014-03,99.58058437566137,1.371308016877637,99.99507171957673,1.0471204188481797,99.16609703174605,0.5252100840336116
2014-04,98.70052037037037,0.3695430756902818,99.20564074074075,0.1445204601345118,98.39744814814816,-0.2539734556775364
2014-05,99.0035925925926,0.5717636710159901,99.4076888888889,0.243623440242402,98.49847222222222,-0.25633755885973164
2014-06,99.0035925925926,0.3604784532197147,99.50871296296296,0.24075226359463464,98.49847222222222,-0.25633755885973164
2014-07,99.10461666666666,0.25227308561515116,99.60973703703704,0.13347260909934988,98.5994962962963,-0.15403636661240894
2014-08,99.20564074074075,0.24938383234407446,99.60973703703704,0.13347260909934988,98.5994962962963,-0.15403636661240894
2014-09,99.30666481481481,0.3514707812568352,99.60973703703704,0.13347260909934988,98.5994962962963,-0.15403636661240894
2014-10,99.0035925925926,0.04520993451850863,99.60973703703704,0.029275447175214353,98.70052037037037,-0.051735174365086234
2014-11,98.90256851851852,-0.47374092674299373,99.50871296296296,-0.17604920111884415,98.5994962962963,-0.3631378611325897
2014-12,99.0035925925926,-0.3720797836651024,99.4076888888889,-0.2773933136050122,98.5994962962963,-0.46736052027365194
2015-01,99.10461666666666,-0.2704186405872222,99.50871296296296,-0.2797085477428074,98.70052037037037,-0.3653803568722913
2015-02,99.0035925925926,-0.3720797836651024,99.50871296296296,-0.3831528334816814,98.5994962962963,-0.46736052027365194
2015-03,99.10461666666666,-0.4779723999200014,99.50871296296296,-0.4863827269184773,98.5994962962963,-0.5713653682148712
2015-04,99.4076888888889,0.7164790174002178,99.60973703703704,0.40733197556006573,98.80154444444445,0.4106776180698102
2015-05,99.50871296296296,0.5102040816326481,99.60973703703704,0.20325203252031798,98.90256851851852,0.41025641025642656
2015-06,99.4076888888889,0.40816326530612734,99.60973703703704,0.10152284263960087,99.0035925925926,0.512820512820511
2015-07,99.30666481481481,0.20387359836901986,99.50871296296296,-0.10141987829614951,99.10461666666666,0.5122950819671956
2015-08,99.30666481481481,0.10183299389001643,99.4076888888889,-0.20283975659227682,99.20564074074075,0.6147540983606703
2015-09,99.30666481481481,0.0,99.4076888888889,-0.20283975659227682,99.4076888888889,0.819672131147553
2015-10,99.10461666666666,0.10204081632652073,99.4076888888889,-0.20283975659227682,99.30666481481481,0.61412487205732
2015-11,99.0035925925926,0.10214504596526286,99.50871296296296,0.0,99.4076888888889,0.819672131147553
2015-12,99.0035925925926,0.0,99.60973703703704,0.20325203252031798,99.50871296296296,0.9221311475409832
2016-01,98.90256851851852,-0.20387359836899765,99.4076888888889,-0.10152284263957867,99.4076888888889,0.7164790174002178
2016-02,99.20564074074075,0.20408163265306367,99.4076888888889,-0.10152284263957867,99.50871296296296,0.9221311475409832
2016-03,99.30666481481481,0.20387359836901986,99.4076888888889,-0.10152284263957867,99.60973703703704,1.0245901639344357
2016-04,99.10461666666666,-0.3048780487805103,99.30666481481481,-0.30425963488843744,99.60973703703704,0.8179959100204526
2016-05,99.0035925925926,-0.50761421319796,99.20564074074075,-0.40567951318457585,99.50871296296296,0.6128702757916216
2016-06,99.10461666666666,-0.3048780487805103,99.20564074074075,-0.40567951318457585,99.60973703703704,0.6122448979591688
2016-07,98.90256851851852,-0.4069175991861518,99.10461666666666,-0.4060913705583813,99.50871296296296,0.4077471967380175
2016-08,98.80154444444445,-0.508646998982698,99.0035925925926,-0.40650406504065817,99.50871296296296,0.3054989816700493
2016-09,98.80154444444445,-0.508646998982698,99.0035925925926,-0.40650406504065817,99.50871296296296,0.10162601626015899
2016-10,99.30666481481481,0.20387359836901986,99.0035925925926,-0.40650406504065817,99.50871296296296,0.20345879959309254
2016-11,99.50871296296296,0.5102040816326481,99.0035925925926,-0.50761421319796,99.50871296296296,0.10162601626015899
2016-12,99.0035925925926,0.0,99.0035925925926,-0.6085192697768749,99.4076888888889,-0.10152284263957867
2017-01,98.90256851851852,0.0,99.10461666666666,-0.3048780487805103,99.4076888888889,0.0
2017-02,98.80154444444445,-0.40733197556008793,99.0035925925926,-0.40650406504065817,99.4076888888889,-0.10152284263957867
2017-03,98.90256851851852,-0.4069175991861518,99.0035925925926,-0.40650406504065817,99.30666481481481,-0.30425963488843744
2017-04,99.10461666666666,0.0,99.20564074074075,-0.10172939979652407,99.4076888888889,-0.20283975659227682
2017-05,99.20564074074075,0.20408163265306367,99.30666481481481,0.10183299389001643,99.50871296296296,0.0
2017-06,99.10461666666666,0.0,99.20564074074075,0.0,99.50871296296296,-0.10141987829614951
2017-07,99.10461666666666,0.20429009193052572,99.30666481481481,0.20387359836901986,99.4076888888889,-0.10152284263957867
2017-08,99.20564074074075,0.4089979550102374,99.4076888888889,0.40816326530612734,99.50871296296296,0.0
2017-09,99.30666481481481,0.5112474437627634,99.50871296296296,0.5102040816326481,99.50871296296296,0.0
2017-10,99.10461666666666,-0.20345879959308144,99.60973703703704,0.6122448979591688,99.60973703703704,0.10152284263960087
2017-11,99.71076111111111,0.20304568527920175,99.71076111111111,0.7142857142857117,99.71076111111111,0.20304568527920175
2017-12,100.0138333333333,1.020408163265274,99.71076111111111,0.7142857142857117,99.81178518518519,0.40650406504063596
2018-01,100.1148574074074,1.2257405515832431,99.71076111111111,0.6116207951070374,99.71076111111111,0.304878048780477
2018-02,100.1148574074074,1.329243353783216,99.81178518518519,0.8163265306122325,99.91280925925926,0.508130081300795
2018-03,99.91280925925926,1.0214504596527174,99.81178518518519,0.8163265306122325,99.81178518518519,0.5086469989827203
2018-04,99.60973703703704,0.5096839959225274,99.81178518518519,0.6109979633401208,99.81178518518519,0.40650406504063596
2018-05,99.60973703703704,0.40733197556006573,99.81178518518519,0.5086469989827203,99.81178518518519,0.3045685279187804
2018-06,99.81178518518519,0.7135575942915473,100.0138333333333,0.8146639511201093,99.91280925925926,0.4060913705583813
2018-07,100.0138333333333,0.9174311926605228,100.0138333333333,0.7121057985757462,99.91280925925926,0.508130081300795
2018-08,100.4179296296296,1.2219959266801972,100.3169055555556,0.9146341463414975,100.1148574074074,0.6091370558375608
2018-09,100.5189537037037,1.2207527975584886,100.5189537037037,1.0152284263959421,100.2158814814815,0.7106598984771839
2018-10,100.6199777777778,1.5290519877676267,100.6199777777778,1.0141987829614951,100.3169055555556,0.7099391480730688
2018-11,100.5189537037037,0.8105369807497542,100.7210018518519,1.013171225937226,100.3169055555556,0.6079027355623712
2018-12,100.4179296296296,0.40404040404040664,100.6199777777778,0.9118541033434902,100.3169055555556,0.5060728744939791
2019-01,100.6199777777778,0.5045408678103325,100.7210018518519,1.013171225937226,100.4179296296296,0.7092198581559961
2019-02,100.7210018518519,0.6054490413724078,100.92305,1.1133603238866474,100.5189537037037,0.6066734074823055
2019-03,100.7210018518519,0.808897876643111,100.92305,1.1133603238866474,100.5189537037037,0.7085020242914908
2019-04,100.92305,1.3184584178498993,101.1250981481481,1.315789473684159,100.7210018518519,0.9109311740891135
2019-05,100.7210018518519,1.1156186612576446,100.92305,1.1133603238866474,100.6199777777778,0.8097165991903132
2019-06,100.92305,1.1133603238866474,100.92305,0.9090909090909483,100.7210018518519,0.808897876643111
2019-07,100.8220259259259,0.8080808080808133,100.92305,0.9090909090909483,100.7210018518519,0.808897876643111
2019-08,100.92305,0.5030181086519425,101.1250981481481,0.80563947633423,100.8220259259259,0.7063572149343944
2019-09,100.92305,0.4020100502512669,101.0240740740741,0.5025125628140836,100.8220259259259,0.60483870967738
2019-10,100.1,-0.5167738944707345,100.2,-0.41739005220745584,100.0,-0.3159044368449937
2019-11,100.3,-0.217823301612452,100.3,-0.4179881495530946,100.1,-0.21622034128184753
2019-12,100.4,-0.017855008259703986,100.4,-0.2186223676809207,100.3,-0.016852150155532986
2020-01,100.3,-0.31800620994419937,100.4,-0.31870399018075757,100.3,-0.1174388180124386
2020-02,100.2,-0.5172723089254205,100.4,-0.5182661443545289,100.3,-0.217823301612452
2020-03,100.3,-0.4179881495530946,100.4,-0.5182661443545289,100.3,-0.217823301612452
2020-04,100.2,-0.716436928927533,100.1,-1.0136931057869836,99.9,-0.8151247870424094
2020-05,100.3,-0.4179881495530946,100.1,-0.8155223212140461,100.1,-0.5167738944707345
2020-06,100.1,-0.8155223212140461,100.1,-0.8155223212140461,100.1,-0.6165564682977576
2020-07,100.2,-0.6169544008001737,100.1,-0.8155223212140461,100.1,-0.6165564682977576
2020-08,100.1,-0.8155223212140461,99.8,-1.310355364211202,99.7,-1.1128777820337055
2020-09,99.8,-1.1127784980735411,99.8,-1.2116657195754832,99.8,-1.0136931057870058
2020-10,99.7,-0.39960039960038607,99.7,-0.4990019960079861,99.8,-0.20000000000000018
2020-11,99.5,-0.7976071784645988,99.6,-0.6979062811565351,99.9,-0.19980019980019303
2020-12,99.3,-1.0956175298804882,99.5,-0.8964143426294924,99.9,-0.3988035892322994
2021-01,99.8,-0.49850448654037427,100.0,-0.3984063745020028,100.4,0.09970089730808596
2021-02,99.9,-0.29940119760478723,100.0,-0.3984063745020028,100.4,0.09970089730808596
2021-03,99.9,-0.3988035892322994,100.1,-0.29880478087650486,100.4,0.09970089730808596
2021-04,99.1,-1.0978043912175717,99.2,-0.8991008991008909,99.3,-0.6006006006006093
2021-05,99.4,-0.8973080757726737,99.5,-0.5994005994005902,99.5,-0.5994005994005902
2021-06,99.6,-0.4995004995005048,99.5,-0.5994005994005902,99.5,-0.5994005994005902
2021-07,99.7,-0.4990019960079861,99.7,-0.39960039960038607,99.7,-0.39960039960038607
2021-08,99.7,-0.39960039960038607,99.7,-0.10020040080159776,99.6,-0.10030090270812808
2021-09,100.2,0.4008016032064132,99.9,0.10020040080160886,99.7,-0.10020040080159776
2021-10,99.8,0.10030090270811698,99.8,0.10030090270811698,99.4,-0.4008016032064021
2021-11,100.0,0.5025125628140614,99.9,0.3012048192771122,99.5,-0.4004004004004025
2021-12,100.1,0.8056394763343411,100.0,0.5025125628140614,99.6,-0.30030030030031574
2022-01,100.3,0.5010020040080221,100.2,0.20000000000000018,99.7,-0.6972111553784854
2022-02,100.9,1.0010010010010006,100.6,0.6000000000000005,99.8,-0.5976095617529986
2022-03,101.2,1.3013013013013053,100.9,0.7992007992008165,100.0,-0.3984063745020028
2022-04,101.4,2.320887991927356,101.1,1.9153225806451513,100.1,0.8056394763343411
2022-05,101.7,2.31388329979878,101.3,1.8090452261306567,100.3,0.8040201005025116
2022-06,101.9,2.309236947791171,101.6,2.1105527638190846,100.5,1.005025125628145
2022-07,102.3,2.607823470411219,101.9,2.206619859578729,100.8,1.1033099297893534
2022-08,102.6,2.9087261785355922,102.3,2.607823470411219,101.0,1.4056224899598346
2022-09,103.1,2.894211576846306,102.8,2.902902902902893,101.3,1.6048144433299827
2022-10,103.4,3.607214428857719,103.1,3.3066132264528925,101.6,2.2132796780683917
2022-11,103.7,3.699999999999992,103.5,3.603603603603589,101.9,2.412060301507535
2022-12,104.0,3.8961038961039085,103.9,3.9000000000000146,102.3,2.7108433734939874
2023-01,104.7,4.386839481555338,104.4,4.191616766467066,102.7,3.0090270812437314
2023-02,104.3,3.369672943508406,103.9,3.2803180914513064,103.0,3.206412825651306
2023-03,104.5,3.2608695652173836,104.2,3.2705649157581673,103.4,3.400000000000003
2023-04,105.0,3.5502958579881616,104.6,3.4619188921859445,103.9,3.796203796203801
2023-05,104.9,3.1465093411995992,104.5,3.1589338598223105,104.1,3.7886340977068667
2023-06,105.2,3.238469087340534,104.7,3.0511811023622215,104.4,3.88059701492538
2023-07,105.5,3.128054740957964,105.0,3.04219823356231,104.8,3.9682539682539764
2023-08,105.6,2.923976608187129,105.2,2.834799608993155,105.0,3.960396039603964
2023-09,106.0,2.812803103782735,105.5,2.6264591439688845,105.3,3.948667324777877
2023-10,106.7,3.1914893617021267,105.9,2.715809893307486,105.4,3.740157480314976
2023-11,106.4,2.6036644165863043,105.9,2.3188405797101463,105.6,3.6310107948969383
2023-12,106.4,2.3076923076923217,106.1,2.117420596727615,105.9,3.5190615835777317
2024-01,106.5,1.7191977077363862,106.3,1.8199233716474916,106.1,3.3106134371956975
2024-02,106.9,2.4928092042186156,106.6,2.5986525505293345,106.3,3.2038834951456208
2024-03,107.2,2.583732057416266,106.8,2.49520153550864,106.4,2.9013539651837617
2024-04,106.9,1.8095238095238164,106.2,1.5296367112810794,105.8,1.8286814244465655
2024-05,107.2,2.192564346997128,106.5,1.9138755980861344,105.9,1.729106628242083
2024-06,107.6,2.281368821292773,106.9,2.1012416427889313,106.2,1.724137931034475
2024-07,107.9,2.274881516587679,107.2,2.0952380952381056,106.4,1.526717557251911
2024-08,108.4,2.6515151515151603,107.7,2.3764258555132978,106.7,1.619047619047631
2024-09,108.4,2.264150943396226,107.6,1.9905213270142053,107.0,1.614434947768273
2024-10,108.7,1.8744142455482615,107.8,1.7941454202077267,107.3,1.802656546489545
2024-11,109.0,2.443609022556381,108.2,2.171860245514634,107.6,1.8939393939394034
2024-12,109.7,3.101503759398483,108.6,2.3562676720075393,107.8,1.7941454202077267
2025-01,110.1,3.3802816901408406,108.9,2.4459078080903085,108.1,1.8850141376060225
2025-02,109.9,2.8063610851262855,109.0,2.251407129455907,108.3,1.881467544684856
2025-03,110.2,2.7985074626865725,109.4,2.4344569288389684,108.7,2.1616541353383534
2025-04,110.6,3.4611786716557402,109.8,3.3898305084745672,109.0,3.0245746691871522
2025-05,110.9,3.4514925373134275,110.2,3.4741784037558787,109.4,3.3050047214353118
2025-06,111.0,3.1598513011152463,110.2,3.0869971936389184,109.5,3.1073446327683607
2025-07,111.0,2.873030583873959,110.3,2.891791044776104,109.7,3.101503759398483
2025-08,111.1,2.4907749077490715,110.3,2.41411327762302,109.9,2.9990627928772273
2025-09,111.2,2.58302583025829,110.4,2.602230483271395,109.7,2.5233644859813165
2025-10,111.7,2.7598896044158217,110.8,2.782931354359919,110.3,2.795899347623476
2025-11,111.9,2.660550458715605,111.2,2.772643253234741,110.6,2.788104089219323
2025-12,111.9,2.0054694621695512,111.1,2.302025782688766,110.7,2.6901669758812696
2026-01,111.7,1.4532243415077195,111.1,2.020202020202011,110.7,2.405180388529149
2026-02,111.6,1.5468607825295688,111.0,1.83486238532109,111.0,2.4930747922437657
2026-03,111.8,1.4519056261342866,111.3,1.7367458866544672,111.2,2.2999080036798514
2026-04,112.3,1.5370705244122984,111.4,1.4571948998178597,111.1,1.9266055045871422
2026-05,112.5,1.4427412082957503,111.7,1.361161524500898,111.2,1.645338208409508
2026-06,112.9,1.7117117117117164,112.0,1.6333938294010864,111.6,1.9178082191780854
2026-07,113.3,2.072072072072073,112.3,1.8132366273798661,111.9,2.0054694621695512
2026-07,113.43185331411425,2.098877870489879,112.46988383910993,1.9672564271168813,112.07727876009066,1.981145368599324
2026-08,113.57197884539441,2.133074501253973,112.6350768006186,2.0245260875168425,112.27127092426952,2.3439115079940898
2026-09,113.69817832073005,1.788879427690282,112.7719383898785,1.7797277886990148,112.41466881647949,1.917197476409327
2026-10,113.82305206817519,1.718545190505072,112.89192989200748,1.5215196870570935,112.54525049986978,1.7588160034988976
2026-11,113.94796033754002,1.8301700961036893,113.00948393656529,1.7187074136501224,112.66854165118941,1.7782670742451767
2026-12,114.07462001300087,2.1258907905110647,113.12744239371855,1.8248806424109532,112.78998628820027,1.887973160072498
2027-01,114.20250275911336,2.331991719635629,113.24632628325209,2.023717372299183,112.91033412895025,1.721021737793027
2027-02,114.33139179822867,2.2642144885766324,113.36577769271918,1.8560446475464287,113.03036183831543,1.6460088474059553
2027-03,114.46111408861331,1.9244114769486398,113.48587937479716,1.872423137160828,113.15046547732477,1.8456034899412943
2027-04,114.59149310376948,1.8591049811284233,113.60660236437822,1.7068955813591913,113.27085155387078,1.862276577221933
2027-05,114.72237144089301,1.614146537549166,113.72784679157587,1.542720349621307,113.39155447072345,1.6053355472432473
2027-06,114.85364708383918,1.3712683882075805,113.84950721078438,1.3797927077332073,113.51257439882363,1.4410852536404173
2027-07,114.98526691222001,1.3694685863979261,113.97151869352778,1.3351439542393262,113.63390126898665,1.3888832117596728
2027-08,115.117205763706,1.3605705685687752,114.09384635678838,1.295129010967,113.75552804679313,1.3220275412440863
2027-09,115.2494526672345,1.364379244607128,114.21647124306776,1.2809328932479325,113.87744813279042,1.3012352673466232
2027-10,115.38200380110077,1.3696274213345072,114.3393829349054,1.282158117309673,113.99965711362414,1.2922860869691188
2027-11,115.51485879828635,1.3751000510275224,114.46257639543632,1.2858146132997739,114.1221522966318,1.2901654926382289
2027-12,115.64801858476878,1.3792713678016932,114.58604969243109,1.2893487803216974,114.2449323482464,1.2899603129026493
2028-01,115.7814842871556,1.3826155205834523,114.70980235591436,1.2922945235343208,114.3679966399627,1.2909912296847015
2028-02,115.91525682441556,1.3853282123793997,114.83383445347621,1.2949734837406135,114.49134491016953,1.2925580773986756
2028-03,116.04933683595758,1.3875653404130661,114.95814619425958,1.2973127825005593,114.61497706329968,1.2943045172610468
2028-04,116.18372472777068,1.3894850140047765,115.08273778304944,1.2993394643884493,114.7388930765922,1.2960452778296938
2028-05,116.31842074246681,1.391227605852019,115.20760937395828,1.3011435845561303,114.86309295004355,1.297749630639422
2028-06,116.45342502118059,1.392883881322149,115.3327610648801,1.3028197402291664,114.98757668602518,1.2994175271006991
2028-07,116.5887376488147,1.3945010344836417,115.45819290893564,1.3044260815770592,115.11234428269896,1.301058044476222
2028-08,116.72435868302232,1.3961013982698889,115.58390492949924,1.305993811490258,115.23739573382723,1.3026775159661108
2028-09,116.86028817075518,1.3976947102488424,115.70989713259426,1.307539861171425,115.36273103025644,1.3042818589805938
2028-10,116.99652615670644,1.3992843792077325,115.83616951530858,1.3090735160389277,115.48835016155243,1.305875022452474
2028-11,117.13307268706772,1.4008707672898746,115.96272207095576,1.310599256770928,115.61425311725169,1.3074594113345883
2028-12,117.2699278108479,1.4024531037600818,116.08955479201705,1.3121187994713512,115.74043988769664,1.3090362160586455
2029-01,117.40709158006933,1.4040304483245114,116.2166676716878,1.3136325621920575,115.86691046452736,1.3106059987072483
2029-02,117.54456404954328,1.405602049086374,116.34406070460608,1.3151404882693507,115.99366484094308,1.312168995789409
2029-03,117.68234527655815,1.407167404074805,116.47173388714339,1.316642398117751,116.12070301182484,1.3137252976053837
2029-04,117.82043532061208,1.4087262193360983,116.59968721748552,1.3181381184168561,116.24802497378421,1.3152749313910528
2029-05,117.95883424322265,1.4102783465292923,116.72792069562584,1.3196275228077203,116.37563072517521,1.3168179058085316
2029-06,118.09754210780598,1.411823728092454,116.85643432333066,1.3211105364879128,116.50352026609059,1.3183542290005068
