code,name,depth,parent,published,weight
0,All groups CPI,0,,100.0,1.0
1,Food and non-alcoholic beverages,1,0,17.4,0.174
2,Bread and cereal products,2,1,1.56,0.015591039632395175
3,Bread,3,2,0.62,0.006196438828259621
4,Cakes and biscuits,3,2,0.65,0.0064962665134979895
5,Breakfast cereals,3,2,0.1,0.0009994256174612292
6,Other cereal products,3,2,0.19,0.0018989086731763356
7,Meat and seafoods,2,1,2.13,0.021287765651924178
8,Beef and veal,3,7,0.42,0.004197587593337162
9,Pork,3,7,0.27,0.0026984491671453188
10,Lamb and goat,3,7,0.24,0.0023986214819069498
11,Poultry,3,7,0.42,0.004197587593337162
12,Other meats,3,7,0.4,0.003997702469844916
13,Fish and other seafood,3,7,0.38,0.0037978173463526703
14,Dairy and related products,2,1,1.08,0.010793796668581275
15,Milk,3,14,0.42,0.0041975875933371615
16,Cheese,3,14,0.34,0.0033980470993681794
17,Ice cream and other dairy products,3,14,0.32,0.003198161975875933
18,Fruit and vegetables,2,1,2.0,0.019988512349224583
19,Fruit,3,18,0.9,0.008994830557151062
20,Vegetables,3,18,1.1,0.010993681792073521
21,Food products n.e.c.,2,1,2.3,0.02298678920160827
22,Eggs,3,21,0.14,0.001399195864445721
23,"Jams, honey and spreads",3,21,0.12,0.0011993107409534749
24,Food additives and condiments,3,21,0.31,0.0030982194141298105
25,Oils and fats,3,21,0.26,0.002598506605399196
26,Snacks and confectionery,3,21,0.94,0.009394600804135553
27,Other food products n.e.c.,3,21,0.53,0.005296955772544515
28,Non-alcoholic beverages,2,1,1.21,0.012093049971280872
29,"Coffee, tea and cocoa",3,28,0.26,0.002620160827110856
30,"Waters, soft drinks and juices",3,28,0.94,0.009472889144170016
31,Meals out and take away foods,2,1,7.13,0.07125904652498563
32,Restaurant meals,3,31,3.95,0.03942202153693183
33,Take away and fast foods,3,31,3.19,0.031837024988053804
34,Alcohol and tobacco,1,0,6.51,0.06509999999999999
35,Alcoholic beverages,2,34,4.65,0.046499999999999986
36,Spirits,3,35,0.92,0.009219827586206895
37,Wine,3,35,1.65,0.01653556034482758
38,Beer,3,35,2.07,0.020744612068965513
39,Tobacco,2,34,1.86,0.018599999999999995
40,Tobacco,3,39,1.86,0.018599999999999995
41,Clothing and footwear,1,0,3.17,0.0317
42,Garments,2,41,1.96,0.019538364779874213
43,Garments for men,3,42,0.53,0.005283333333333333
44,Garments for women,3,42,1.1,0.010965408805031447
45,Garments for infants and children,3,42,0.33,0.003289622641509434
46,Footwear,2,41,0.45,0.004485849056603773
47,Footwear for men,3,46,0.11,0.0011214622641509432
48,Footwear for women,3,46,0.26,0.0026507289879931385
49,Footwear for infants and children,3,46,0.07,0.0007136578044596913
50,Accessories and clothing services,2,41,0.77,0.007675786163522012
51,Accessories,3,50,0.7,0.006977987421383647
52,"Cleaning, repair and hire of clothing and footwear",3,50,0.07,0.0006977987421383648
53,Housing,1,0,21.39,0.2139
54,Rents,2,53,6.6,0.066
55,Rents,3,54,6.6,0.066
56,New dwelling purchase by owner-occupiers,2,53,7.54,0.0754
57,New dwelling purchase by owner-occupiers,3,56,7.54,0.07539999999999998
58,Other housing,2,53,3.5,0.035
59,Maintenance and repair of the dwelling,3,58,2.03,0.020300000000000002
60,Property rates and charges,3,58,1.47,0.014700000000000001
61,Utilities,2,53,3.75,0.0375
62,Water and sewerage,3,61,0.87,0.008723262032085562
63,Electricity,3,61,1.92,0.019251336898395723
64,Gas and other household fuels,3,61,0.95,0.009525401069518716
65,"Furnishings, household equipment and services",1,0,7.9,0.079
66,Furniture and furnishings,2,65,1.45,0.014518377693282637
67,Furniture,3,66,1.19,0.011915082382762992
68,Carpets and other floor coverings,3,66,0.26,0.0026032953105196454
69,Household textiles,2,65,0.43,0.004305449936628644
70,Household textiles,3,69,0.43,0.004305449936628644
71,"Household appliances, utensils and tools",2,65,1.28,0.012816223067173638
72,Major household appliances,3,71,0.33,0.003330199694619922
73,Small electric household appliances,3,71,0.25,0.002522878556530244
74,"Glassware, tableware and household utensils",3,71,0.34,0.003431114836881132
75,Tools and equipment for house and garden,3,71,0.35,0.003532029979142341
76,Non-durable household products,2,65,2.2,0.02202788339670469
77,Cleaning and maintenance products,3,76,0.22,0.0022027883396704686
78,Personal care products,3,76,0.8,0.008010139416983524
79,Other non-durable household products,3,76,1.18,0.011814955640050697
80,Domestic and household services,2,65,2.53,0.025332065906210392
81,Child care,3,80,0.77,0.007709759188846641
82,Hairdressing and personal grooming services,3,80,1.05,0.010513307984790873
83,Other household services,3,80,0.71,0.007108998732572876
84,Health,1,0,6.71,0.06709999999999999
85,"Medical products, appliances and equipment",2,84,1.09,0.0109
86,Pharmaceutical products,3,85,0.95,0.009500000000000001
87,Therapeutic appliances and equipment,3,85,0.14,0.0014000000000000004
88,"Medical, dental and hospital services",2,84,5.62,0.0562
89,Medical and hospital services,3,88,5.02,0.0502
90,Dental services,3,88,0.6,0.006000000000000001
91,Transport,1,0,11.49,0.1149
92,Private motoring,2,91,11.14,0.11149703832752614
93,Motor vehicles,3,92,3.5,0.03503048780487805
94,Spare parts and accessories for motor vehicles,3,92,0.87,0.008707578397212543
95,Automotive fuel,3,92,3.42,0.03422979094076655
96,Maintenance and repair of motor vehicles,3,92,2.05,0.020517857142857143
97,Other services in respect of motor vehicles,3,92,1.3,0.013011324041811849
98,Urban transport fares,2,91,0.34,0.0034029616724738677
99,Urban transport fares,3,98,0.34,0.0034029616724738677
100,Communication,1,0,2.12,0.0212
101,Communication,2,100,2.12,0.0212
102,Postal services,3,101,0.1,0.001
103,Telecommunication equipment and services,3,101,2.02,0.0202
104,Recreation and culture,1,0,13.09,0.1309
105,"Audio, visual and computing equipment and services",2,104,1.88,0.018785648854961833
106,"Audio, visual and computing equipment",3,105,0.99,0.009892442748091604
107,"Audio, visual and computing media and services",3,105,0.89,0.00889320610687023
108,"Newspapers, books and stationery",2,104,0.47,0.004696412213740458
109,Books,3,108,0.13,0.0013272469299701294
110,"Newspapers, magazines and stationery",3,108,0.33,0.0033691652837703283
111,Holiday travel and accommodation,2,104,6.67,0.06664908396946564
112,Domestic holiday travel and accommodation,3,111,3.17,0.031675801526717555
113,International holiday travel and accommodation,3,111,3.5,0.03497328244274809
114,"Other recreation, sport and culture",2,104,4.08,0.04076885496183206
115,"Equipment for sports, camping and open-air recreation",3,114,0.47,0.004707951310088714
116,"Games, toys and hobbies",3,114,0.58,0.005809812255003093
117,Pets and related products,3,114,0.51,0.005108628017330306
118,Veterinary and other services for pets,3,114,0.51,0.005108628017330306
119,Sports participation,3,114,1.06,0.010617932741902206
120,"Other recreational, sporting and cultural services",3,114,0.94,0.009415902620177429
121,Education,1,0,4.65,0.04650000000000001
122,Education,2,121,4.65,0.04650000000000001
123,Preschool and primary education,3,122,0.91,0.009100000000000002
124,Secondary education,3,122,2.01,0.020100000000000003
125,Tertiary education,3,122,1.73,0.017300000000000006
126,Insurance and financial services,1,0,5.57,0.0557
127,Insurance,2,126,1.36,0.0136
128,Insurance,3,127,1.36,0.013600000000000001
129,Financial services,2,126,4.21,0.04209999999999999
130,Deposit and loan facilities (direct charges),3,129,0.4,0.003990521327014217
131,Other financial services,3,129,3.82,0.03810947867298577
