date,0901,0902,0906,0921,0924
2010-01,84.9,86.4,87.9,76.7,94.7
2010-02,84.9,86.3,87.7,76.6,94.7
2010-03,84.8,86.1,87.7,76.6,94.8
2010-04,84.8,85.8,87.3,76.9,94.1
2010-05,84.8,85.8,87.1,77.0,94.1
2010-06,84.8,85.8,87.1,77.0,94.1
2010-07,84.5,85.6,86.8,76.4,94.0
2010-08,84.4,85.5,86.8,76.4,94.1
2010-09,84.5,85.4,86.7,76.4,94.2
2010-10,84.7,85.6,86.9,76.6,94.3
2010-11,84.7,85.6,86.9,76.6,94.3
2010-12,84.5,85.6,86.8,76.3,94.4
2011-01,84.5,85.6,86.8,76.1,94.4
2011-02,84.4,85.6,86.6,76.1,94.4
2011-03,84.4,85.5,86.6,76.1,94.4
2011-04,84.4,85.6,86.5,76.1,94.3
2011-05,84.4,85.7,86.6,76.1,94.4
2011-06,84.5,85.6,86.5,76.2,94.4
2011-07,84.6,85.7,86.4,76.4,94.5
2011-08,84.6,85.7,86.4,76.3,94.4
2011-09,84.5,85.6,86.4,76.0,94.6
2011-10,84.5,85.5,86.3,76.2,94.4
2011-11,84.3,85.5,86.2,75.9,94.2
2011-12,84.4,85.5,86.2,76.0,94.4
2012-01,84.6,85.6,86.3,76.3,94.4
2012-02,84.7,85.7,86.4,76.7,94.3
2012-03,84.9,85.8,86.3,77.0,94.4
2012-04,84.8,85.8,86.3,76.8,94.4
2012-05,84.6,85.6,86.1,76.4,94.4
2012-06,84.4,85.4,86.1,75.9,94.4
2012-07,84.2,85.4,86.1,75.7,94.4
2012-08,84.2,85.4,86.1,75.6,94.4
2012-09,84.2,85.5,86.0,75.7,94.4
2012-10,84.2,85.5,85.9,75.7,94.2
2012-11,84.1,85.4,85.8,75.7,94.2
2012-12,84.2,85.4,85.7,75.8,94.2
2013-01,84.3,85.4,85.7,76.0,94.2
2013-02,84.2,85.4,85.7,75.7,94.2
2013-03,84.2,85.4,85.7,75.8,94.2
2013-04,84.2,85.5,85.8,75.7,94.4
2013-05,84.3,85.6,85.9,75.9,94.4
2013-06,84.5,85.7,85.9,76.2,94.4
2013-07,84.8,85.9,86.0,76.7,94.4
2013-08,84.9,86.1,86.0,76.9,94.5
2013-09,85.1,86.1,86.0,77.2,94.5
2013-10,85.1,86.2,86.1,77.2,94.6
2013-11,85.4,86.3,86.3,77.6,94.7
2013-12,85.5,86.4,86.3,77.8,94.7
2014-01,85.5,86.5,86.3,77.7,94.7
2014-02,85.5,86.5,86.4,77.7,94.8
2014-03,85.6,86.6,86.5,77.9,94.8
2014-04,87.2,88.2,88.1,79.7,96.0
2014-05,87.4,88.5,88.2,80.2,96.1
2014-06,87.6,88.6,88.2,80.4,96.1
2014-07,87.7,88.8,88.4,80.6,96.2
2014-08,87.8,88.7,88.4,80.7,96.2
2014-09,87.9,88.7,88.4,80.8,96.2
2014-10,87.6,88.7,88.4,80.2,96.3
2014-11,87.4,88.6,88.4,80.0,96.3
2014-12,87.5,88.6,88.5,80.1,96.4
2015-01,87.6,88.5,88.6,80.1,96.4
2015-02,87.4,88.4,88.6,79.8,96.5
2015-03,87.6,88.5,88.7,80.1,96.5
2015-04,87.8,88.6,88.9,80.5,96.5
2015-05,87.9,88.6,88.9,80.8,96.5
2015-06,87.9,88.6,89.0,80.7,96.6
2015-07,87.9,88.6,89.1,80.6,96.6
2015-08,87.9,88.6,89.2,80.5,96.6
2015-09,87.9,88.5,89.3,80.4,96.7
2015-10,87.8,88.5,89.3,80.2,96.7
2015-11,87.6,88.6,89.4,79.9,96.8
2015-12,87.6,88.6,89.5,79.9,96.8
2016-01,87.4,88.4,89.4,79.7,96.7
2016-02,87.5,88.3,89.5,79.8,96.8
2016-03,87.6,88.3,89.5,79.9,96.8
2016-04,87.6,88.3,89.6,79.8,96.9
2016-05,87.6,88.2,89.6,79.8,96.9
2016-06,87.6,88.3,89.6,79.8,97.0
2016-07,87.6,88.2,89.6,79.7,96.9
2016-08,87.5,88.2,89.6,79.5,96.9
2016-09,87.5,88.2,89.6,79.5,97.0
2016-10,87.9,88.2,89.6,80.2,97.0
2016-11,88.0,88.2,89.6,80.5,96.9
2016-12,87.8,88.4,89.6,80.2,96.9
2017-01,87.8,88.5,89.6,80.1,96.9
2017-02,87.7,88.4,89.5,80.1,96.8
2017-03,87.8,88.5,89.5,80.2,96.9
2017-04,88.0,88.6,89.5,80.5,96.8
2017-05,88.0,88.6,89.6,80.5,96.9
2017-06,88.0,88.7,89.7,80.6,96.8
2017-07,88.0,88.7,89.6,80.5,96.9
2017-08,88.0,88.8,89.7,80.6,96.8
2017-09,88.2,88.9,89.7,80.7,96.9
2017-10,88.0,88.9,89.8,80.4,97.0
2017-11,88.5,89.1,89.9,81.2,97.0
2017-12,88.8,89.1,89.9,81.8,97.0
2018-01,88.9,89.2,89.9,82.2,97.0
2018-02,89.0,89.3,90.0,82.2,97.1
2018-03,88.8,89.3,89.9,81.8,97.1
2018-04,88.5,89.2,89.9,81.3,97.1
2018-05,88.6,89.3,89.9,81.5,97.1
2018-06,88.6,89.4,89.9,81.6,97.1
2018-07,88.8,89.4,89.9,81.9,97.1
2018-08,89.1,89.6,90.1,82.3,97.3
2018-09,89.2,89.7,90.1,82.4,97.2
2018-10,89.3,89.9,90.1,82.5,97.3
2018-11,89.2,89.9,90.1,82.3,97.3
2018-12,89.0,89.8,90.1,82.0,97.3
2019-01,89.0,89.8,90.2,82.1,97.5
2019-02,89.1,89.9,90.3,82.2,97.5
2019-03,89.2,90.0,90.3,82.3,97.4
2019-04,89.3,90.0,90.4,82.4,97.6
2019-05,89.3,90.0,90.3,82.5,97.4
2019-06,89.3,89.9,90.4,82.5,97.5
2019-07,89.2,89.9,90.4,82.4,97.4
2019-08,89.3,90.1,90.6,82.5,97.5
2019-09,89.4,90.0,90.6,82.5,97.4
2019-10,89.5,90.2,90.7,82.9,97.3
2019-11,89.7,90.4,90.8,83.1,97.4
2019-12,89.8,90.5,90.9,83.3,97.4
2020-01,89.7,90.6,91.0,83.3,97.5
2020-02,89.7,90.5,91.0,83.2,97.5
2020-03,89.7,90.4,91.0,83.2,97.5
2020-04,89.5,89.9,90.6,83.1,97.1
2020-05,89.4,89.8,90.7,83.0,97.1
2020-06,89.4,89.9,90.7,83.0,97.1
2020-07,89.4,89.8,90.6,83.1,97.0
2020-08,89.4,89.7,90.4,83.5,96.5
2020-09,89.2,89.7,90.5,82.9,96.6
2020-10,89.0,89.6,90.4,82.6,96.5
2020-11,88.8,89.5,90.4,82.2,96.5
2020-12,88.8,89.6,90.5,82.1,96.6
2021-01,89.1,89.9,91.0,82.3,97.5
2021-02,89.2,90.0,91.0,82.4,97.4
2021-03,89.4,90.1,91.0,82.7,97.4
2021-04,88.5,89.1,89.8,82.8,95.3
2021-05,88.7,89.4,89.9,83.2,95.4
2021-06,89.0,89.4,89.9,83.6,95.5
2021-07,89.1,89.7,90.1,83.7,95.6
2021-08,89.0,89.7,90.0,83.9,95.2
2021-09,89.4,89.8,90.1,84.4,95.2
2021-10,89.1,89.7,89.8,84.3,94.7
2021-11,89.4,90.0,89.9,84.7,94.8
2021-12,89.4,90.0,89.9,84.8,94.8
2022-01,89.5,90.2,90.0,85.3,94.8
2022-02,90.1,90.5,90.2,86.2,94.9
2022-03,90.5,90.8,90.3,86.8,94.9
2022-04,90.7,91.0,90.5,87.1,95.0
2022-05,90.9,91.2,90.6,87.4,95.1
2022-06,91.1,91.4,90.8,87.6,95.2
2022-07,91.4,91.8,91.2,88.2,95.3
2022-08,91.7,92.1,91.4,88.6,95.3
2022-09,92.1,92.6,91.7,89.2,95.5
2022-10,92.5,92.9,92.0,89.8,95.5
2022-11,92.7,93.2,92.4,90.3,95.5
2022-12,93.0,93.6,92.6,90.8,95.5
2023-01,93.4,93.9,92.9,91.4,95.9
2023-02,93.1,93.4,93.3,90.6,96.1
2023-03,93.4,93.7,93.7,91.0,96.3
2023-04,93.8,94.1,94.2,91.5,96.6
2023-05,93.8,94.1,94.5,91.4,96.8
2023-06,94.1,94.4,94.7,91.9,96.7
2023-07,94.4,94.6,95.1,92.1,97.2
2023-08,94.6,95.0,95.3,92.3,97.3
2023-09,95.0,95.2,95.6,92.9,97.4
2023-10,95.6,95.5,95.7,93.9,97.5
2023-11,95.3,95.6,95.8,93.3,97.6
2023-12,95.4,95.7,96.0,93.3,97.7
2024-01,95.4,95.9,96.2,93.3,98.0
2024-02,95.7,96.0,96.3,93.7,98.2
2024-03,96.0,96.1,96.4,94.1,98.3
2024-04,96.1,96.1,96.5,94.3,98.3
2024-05,96.5,96.5,96.6,94.9,98.3
2024-06,96.8,96.8,96.7,95.3,98.4
2024-07,97.0,97.2,96.9,95.8,98.5
2024-08,97.5,97.6,97.3,96.4,98.7
2024-09,97.4,97.5,97.5,96.2,98.8
2024-10,97.7,97.7,97.8,96.6,99.0
2024-11,98.1,98.1,98.1,97.2,99.1
2024-12,98.8,98.6,98.3,98.3,99.3
2025-01,99.1,99.0,98.7,99.2,99.3
2025-02,99.2,99.0,98.9,99.0,99.4
2025-03,99.4,99.2,99.2,99.2,99.5
2025-04,99.6,99.6,99.5,99.7,99.5
2025-05,99.9,100.0,99.7,100.1,99.7
2025-06,100.0,100.1,100.0,100.0,100.0
2025-07,100.1,100.2,100.2,100.2,100.1
2025-08,100.2,100.3,100.4,100.2,100.2
2025-09,100.3,100.4,100.4,100.3,100.3
2025-10,100.6,100.6,100.8,100.5,100.6
2025-11,100.8,100.9,101.0,100.9,100.7
2025-12,100.8,100.9,101.1,100.8,100.7
2026-01,100.6,100.9,101.2,100.7,100.8
2026-02,100.4,100.5,101.3,100.0,100.9
2026-03,100.9,100.9,101.6,100.7,101.0
2026-04,101.0,101.0,101.3,101.2,100.7
2026-05,101.4,101.4,101.5,101.8,100.9
2026-06,101.7,101.6,101.8,102.2,101.1
2026-07,102.1,101.9,102.1,102.9,101.3
2026-08,102.1,102.0,102.3,102.8,101.4
