iteration,log_likelihood,change_in_log_likelihood,beta1,beta2,beta4,eps1,eps2,eps3,eps4,eps5,eps6,eps7,g_star,lambda1,lambda2,lambda3,phi1,phi2,psi,rho1
0,-33775.34742287742,,1.3106447786731354,-0.34224632202495125,0.803819797765478,0.0001,0.1376511626266462,0.28622769281277416,5.505294159154915,0.07786607362831245,0.0030533450006181655,0.06165972732576133,0.008736627163781208,9.070305887099796,-5.206519850840879,-6.9739342621135405,0.9030673225554019,-0.3071164402699379,0.0024250303033717395,0.6958399561988983
1,-44.066262915218566,33731.2811599622,1.3199899807882776,-0.3237576305978271,0.8106660012343401,0.0028653547805595797,0.1401417156857677,0.2940470955754463,5.509170052167089,0.08067498920792378,0.003589636050551754,0.07238226891286047,0.008854252228241016,9.028407604382512,-5.152828871835253,-7.1015408954998485,0.9080289890235186,-0.29988571273073306,0.0025203378277941914,0.6974671954134912
2,-38.63973826735559,5.426524647862976,1.319937026989475,-0.3232663145991943,0.8112110412667171,0.0030378062166515076,0.14030501969257123,0.29456838542011177,5.509273930692451,0.08079350899445976,0.0036428054532354403,0.07340174424281241,0.008870873658108286,9.025322665293746,-5.1489179666848255,-7.111642947874581,0.9091626813954765,-0.2987097263804614,0.0025283537515541042,0.7001408825703213
3,-17.716548716012927,20.923189551342663,1.3132796575181294,-0.3272118973779799,0.8148780901062702,0.003991829138686008,0.1410941664387755,0.2972031598512657,5.508104208570756,0.08077740364735853,0.00402368733610365,0.0806713085232487,0.008982604155262516,9.006533313097965,-5.125603178853925,-7.1782536218564585,0.9202660268322995,-0.28866787696617496,0.002582251895503219,0.7291788972922931
4,-7.2102346831049005,10.506314032908026,1.3097924766437459,-0.3281383749478688,0.8189018760412986,0.004755859939549284,0.14127974994919704,0.2980752515613344,5.5020460589989035,0.07918464257413067,0.004446720472215824,0.08874231900543689,0.009058506724095954,8.9886496631109,-5.106070098262647,-7.246590789188179,0.9345493993754463,-0.2777855322230369,0.002624227382712874,0.774037878410727
5,0.7365269431931081,7.9467616262980085,1.3057603556627153,-0.32813742824457115,0.8263740270596671,0.005583998333590117,0.13962077513663582,0.2943314852514136,5.474006503114335,0.07303199287653515,0.005070092183480537,0.10055972524470635,0.009036075991104198,8.969579968699641,-5.088554430507406,-7.336865452404342,0.9516015454884945,-0.2716436020909097,0.0026320049436158823,0.8485582928448588
6,4.555896386668011,3.819369443474903,1.2883362304726658,-0.34218388077636985,0.8395591535560593,0.006158218990907298,0.13473476650355334,0.28598724795387465,5.4011081478156875,0.06194067352161965,0.00571770681485414,0.11346084735689257,0.009087715250255996,8.97406672397534,-5.0848756286819965,-7.406156409915142,0.9560034635873175,-0.2967498074044499,0.0025029844368360627,0.8687542120742394
7,5.572434228835382,1.016537842167371,1.3040178397182514,-0.324562709215599,0.8453198392722747,0.006374791773000621,0.13243615232087017,0.2832216727387188,5.3670261927916,0.05735496161035353,0.005988643960518467,0.1190226220107278,0.009104932628526968,8.978973296622359,-5.088617547693265,-7.437183313233615,0.9612162958200285,-0.30752451271414205,0.00242157537586376,0.8771071508438011
8,6.037728735285262,0.46529450644988035,1.2982326680118035,-0.3302378563474181,0.8510787921675445,0.006510874843871112,0.1299633710107027,0.28056303249092246,5.331819146334434,0.05297854919682335,0.00621627468282581,0.12379559858830474,0.009117008705458207,8.988091704584422,-5.096136028091486,-7.461595461499795,0.9668431309186789,-0.31935016124259114,0.002346335471948044,0.8793872612782541
9,6.486776721439298,0.44904798615403596,1.2978073174800442,-0.33401463456223346,0.8564392542774416,0.006508897396298054,0.12728147965657519,0.28127827351394336,5.297319679267304,0.05066494059716286,0.006359608877690834,0.12720164606110584,0.00910647129928315,9.007783858233818,-5.12076709178391,-7.483677061645526,0.9842669631945287,-0.3276594613625332,0.002257955853301288,0.8811591050689758
10,8.011836985245488,1.5250602638061892,1.3042097874873595,-0.34637219485458826,0.8782944420769743,0.006253576960498696,0.11579473299377151,0.28768435068734155,5.161330789094134,0.04543997535087529,0.006783561569650852,0.13856119173621878,0.009046416131544496,9.109255044828707,-5.261581983181818,-7.572668752572211,1.0726103965136111,-0.3646875861584244,0.0018858369038514526,0.8829533201248054
11,9.312750942797997,1.3009139575525097,1.3129786363836515,-0.35484218396059897,0.9028783651729031,0.005843664588984129,0.10287928346376772,0.2891583938104563,5.046826867255823,0.045028184375548855,0.0070654440977481825,0.14810490351286318,0.009009078952117817,9.23726101820297,-5.475749712541655,-7.6810933342851975,1.1626734343689293,-0.43879278146913325,0.0015521471786099717,0.8797563807971515
12,10.504459819138987,1.1917088763409893,1.3206952538457648,-0.35598358552071674,0.9393339737008227,0.005480163731005366,0.08416517291246531,0.2862432764592191,4.98431994634148,0.04529478919503556,0.007072337259364362,0.15623571956655438,0.008984861379825319,9.436486578268378,-5.899735144156319,-7.857997514390988,1.2853908635846023,-0.565318181795523,0.0014449320047181069,0.8929388568553132
13,11.034136602319505,0.529676783180518,1.32343790007829,-0.3505334464956089,0.9670049145832094,0.005524574782819456,0.07205890912895666,0.2853392285838545,4.989304786156584,0.044399068791743615,0.006847530300301159,0.15896875027652815,0.008991516765110317,9.58040289316629,-6.242291390522338,-7.976890182454329,1.357261617688284,-0.645170787842768,0.0015673076803571536,0.8567833874084537
14,11.409356069596477,0.3752194672769722,1.3193403062634292,-0.34306717786290014,0.9719103694514608,0.005686934778100825,0.07104963659023578,0.2845797358306616,5.053513801254213,0.04448630554093079,0.0065551344712847116,0.1558298113758689,0.009026233072558513,9.609661247971106,-6.364613271719678,-8.003986133896367,1.3655505625711784,-0.640221901285934,0.0018026489523479245,0.8612639626176031
15,11.563064059279707,0.1537079896832303,1.3110146104431826,-0.3370884352157319,0.9797389755835285,0.005819436922185391,0.06980757101645799,0.284824162718449,5.0931109772621355,0.043177162049780476,0.00634749384334629,0.15472661737308002,0.009052723572500452,9.645740757010833,-6.499728309758591,-8.038095456428758,1.3593900119011182,-0.6401767004445742,0.001970606232100592,0.8673872909213869
16,11.63964983390574,0.07658577462603233,1.3063700635933075,-0.3346344344604302,0.9918305885616108,0.0058345531038630685,0.06745634719750548,0.2850421496695079,5.094449656154121,0.04240402001032528,0.006273984450987238,0.15652199815130347,0.009055723581586836,9.702031655816036,-6.653803934503959,-8.088356647251656,1.3656603140612427,-0.6424119669227909,0.002034526121074233,0.8684578325590387
17,11.736352768465226,0.09670293455948631,1.2993600408699335,-0.330122949386151,1.0134187208516983,0.005828394411033983,0.06440873253534683,0.28539993904363514,5.087378046337484,0.04163280901034732,0.006191643707885377,0.16008570389268764,0.009052101910556163,9.799750094556833,-6.9174813253761736,-8.174860478047536,1.3632296079053339,-0.6407588998480491,0.002120460554968183,0.8673567426561123
18,11.81879771553562,0.08244494707039429,1.2958117237936075,-0.32627824741340283,1.0337642681157486,0.005797410728583565,0.06250801232992442,0.2856753611121212,5.075280377157096,0.04205136112615998,0.0061458812749967395,0.16282378400292033,0.00904702658508898,9.89153894832699,-7.157636282019046,-8.254368962234654,1.3510309840062793,-0.6331705972476082,0.0021880733923160607,0.866149366890538
19,11.872107188253324,0.0533094727177037,1.2940417449432422,-0.33054984743467136,1.0559808523923389,0.005777752688515649,0.060774898516069334,0.28568531239989764,5.0550211214589345,0.04358697027874986,0.0061286107749838675,0.16341013270614899,0.009053727681571264,9.991645160294777,-7.395943593929167,-8.336254052400173,1.3370159599468694,-0.6216908722446677,0.0022429164433737723,0.8610169013273767
20,11.985708869111455,0.11360168085813172,1.2964606728313897,-0.32628669414859135,1.0881244621138504,0.005757808158268882,0.05927862727273227,0.286528544058372,5.026203085564383,0.045097252156054445,0.006111871660264221,0.16520933092452705,0.009055742379722079,10.132993661851845,-7.745295713239839,-8.454028002407636,1.3047552102952795,-0.5945062289278996,0.002323844879494625,0.8575996743472513
21,12.034030511749865,0.048321642638409656,1.3013891494337364,-0.32775944558811837,1.1014058522294898,0.005755964326245937,0.05904566509054646,0.2866212722616556,5.00751308525368,0.04617652454709779,0.006144490949193559,0.16425031799926704,0.009059766440253695,10.189455275916314,-7.865849456816115,-8.498210934824435,1.2876726215324805,-0.5812104371620483,0.0023241053948414147,0.856080833232891
22,12.066352070472064,0.03232155872219877,1.3065289569323728,-0.3310277782697394,1.1135544644015338,0.0057603867898280885,0.05843378942638741,0.28637064556362907,4.9892189083113045,0.04680332773159068,0.006187421596277338,0.16270050516354526,0.009061740799772384,10.239603416671772,-7.9608716755313305,-8.536788387984277,1.2764571751972007,-0.5732272580324127,0.0022959650363055615,0.855647206536489
23,12.093944087952137,0.027592017480072784,1.3093462013751904,-0.3336837384372458,1.128823614518203,0.005757392926102082,0.05685388219748605,0.28584909638564304,4.973673501056483,0.046483982709267575,0.006226601386492908,0.1620378822326099,0.009051595680614413,10.300399848488029,-8.072831243643089,-8.586137134773356,1.2741453411494779,-0.5712002354417426,0.0022338349091439646,0.8550215495631643
24,12.124297663641151,0.030353575689014534,1.3095736359289467,-0.3346355498517642,1.159774244942997,0.005775518321326287,0.05417466169345867,0.2863666046746983,4.975793662961259,0.04545499615911777,0.006281828030656029,0.16228932494919032,0.009061538681145264,10.411198931681549,-8.236068187301274,-8.682166016407137,1.2813381511067237,-0.5763411865293517,0.0020578969381103104,0.855611558111708
25,12.133239888065363,0.008942224424211886,1.3091601070541097,-0.3349483297359476,1.180531954621573,0.005755592847250325,0.05361353233230476,0.2858542732916715,4.987627317337207,0.044617944146412854,0.006317412363824852,0.16266803168792288,0.009029924629104652,10.4729437413836,-8.278927027111148,-8.734620605202263,1.2826215866860577,-0.5799742739806143,0.001974240322157684,0.8516707322628725
26,12.142868080894367,0.009628192829003623,1.3090741034453406,-0.33455182987744214,1.1915061676963903,0.005755579770587066,0.053165470902231504,0.28576713675855797,4.996652706823874,0.04455885414228101,0.0063165405914012065,0.16295065621243163,0.00903187023314414,10.50706140393019,-8.30454957173007,-8.764482842554735,1.288744557285834,-0.5820249390815063,0.0019581183679071674,0.8526292999831899
27,12.153873040661853,0.01100495976748661,1.3091997814291425,-0.3340803689639801,1.2073150810138442,0.005755183465261664,0.0533873288058501,0.2856781610999573,5.0107749379809725,0.044614642598060146,0.0063182171404658405,0.1631578590452344,0.00903478518123932,10.549228454772075,-8.299874936165278,-8.799131543893164,1.292792190813858,-0.5843808763481574,0.001961375348897151,0.8533973848977882
28,12.174512359252471,0.02063931859061796,1.3096362801386976,-0.33347553132899965,1.2473254732274768,0.005756711624215383,0.05452846874560994,0.2857190444054112,5.032033377807293,0.04469615931868538,0.006328052041214097,0.16344494549886857,0.00904186639683983,10.655404448242207,-8.286146004864882,-8.881184790187595,1.292556435407527,-0.5845168285644671,0.00199999397487833,0.8552620851239495
29,12.205940161304484,0.03142780205201312,1.311106048646733,-0.333414993923585,1.3150714540307706,0.005761482886030472,0.05653785283914762,0.2856252398070943,5.0437526180735,0.04470927408978005,0.006340106740576765,0.1631923537348767,0.009055417363189152,10.832926074920735,-8.232759389288129,-9.007224148625536,1.2914730441112483,-0.5853370871861197,0.0020712943269841407,0.8569544389513588
30,12.233444525460623,0.02750436415613855,1.308859562451716,-0.3338180099981806,1.4787923575089428,0.005734527057503657,0.06033138313049931,0.2861300720637242,5.014162935329207,0.04527483449250173,0.0063330609306638955,0.16325053607292622,0.009034385778523267,11.293699388971199,-8.300332743123056,-9.322329985015896,1.2645324038910726,-0.5651865572121295,0.00223764563406676,0.8634094602405827
31,12.263798820504885,0.030354295044261903,1.3129212463380378,-0.32883862661339947,1.5699835130145716,0.005740654430870594,0.06278981927668116,0.2858476039557598,4.992652475582653,0.04431628910761159,0.006324456582787097,0.16253495060426407,0.009035569415868125,11.529755908208742,-8.196323850896977,-9.469939657663414,1.262735811298406,-0.5681654543401536,0.00231638164565142,0.8675662972474977
32,12.286565854102564,0.022767033597679287,1.3122481052023693,-0.3308944949037682,1.5363914360578017,0.005749442329588689,0.06194946606779438,0.2858213427123861,4.977566889434343,0.044406629985410805,0.0063202971684401124,0.16201306130886806,0.009042560285367486,11.438799972919591,-8.193827735612407,-9.399440377363327,1.264056418361254,-0.569197630483856,0.002284231821876719,0.8658346273182292
33,12.303499679203185,0.01693382510062058,1.3119163281017632,-0.3322867265430664,1.5394971093151066,0.005765977067442783,0.06222896355739247,0.2856876030691346,4.945804626607851,0.04423566642760141,0.006303844941411678,0.16090643008773073,0.009057144473053917,11.441077605790726,-8.130769457378364,-9.380178949667272,1.2656561553302366,-0.5717084123392754,0.0022841453845744023,0.8657811696144136
34,12.30920256486276,0.00570288565957533,1.3115944564045463,-0.33190354393099286,1.5645625932554676,0.005770903287490393,0.06300528413424843,0.28551068420845716,4.934018848304366,0.04400959414581806,0.006291758778826976,0.16037405504648614,0.009060581025390292,11.502492122645132,-8.072802870861505,-9.40791349741048,1.2685456971003535,-0.5741832741921069,0.0022846854397187196,0.8672889990501287
35,12.317902803783086,0.008700238920326342,1.3085237485274706,-0.3293823793011618,1.6020567280126365,0.005751633293129201,0.06410822561703192,0.2858223998131606,4.918842416470243,0.044006353115059266,0.006280535533391197,0.15965161964127603,0.009028309490645899,11.596443995158028,-8.010887609728737,-9.416940314458047,1.2700972794336496,-0.5746785653629846,0.0021068275283921494,0.8714565572456103
36,12.321021689351227,0.0031188855681403282,1.3083724074003003,-0.3283380376024583,1.6238078974940706,0.00576365638454111,0.0647466119914844,0.285455136351143,4.933781574437195,0.0436232087212126,0.006284012836051712,0.15973084449307157,0.009044341943823248,11.645662757199123,-7.956937417434453,-9.425289548732016,1.2767547303864428,-0.5794968648591817,0.002057835415547048,0.8715716977136487
37,12.323686462791738,0.00266477344051097,1.3086917762937336,-0.32846794385303557,1.6334942976663116,0.005767262949071042,0.06498092449818992,0.2854531824428685,4.92974042797598,0.0438356054864911,0.006284375640693858,0.15977122071444386,0.009051353046659572,11.673559606759119,-7.97361662637991,-9.422725511172072,1.2732133245882373,-0.5759258615432212,0.0020574639225847376,0.8719710578829788
38,12.332735370398753,0.009048907607015266,1.3100128056935307,-0.3295615728140621,1.6653108110343418,0.005763858505354642,0.06586441018334639,0.28538746459643416,4.924446069762059,0.04426033702165391,0.0062878550565515865,0.15987471167125278,0.009050850884680798,11.755547849473292,-7.996616717358349,-9.351612395081721,1.2633797871430754,-0.5696485573725784,0.0020481550438650087,0.8739581115195826
39,12.33871909729188,0.005983726893127539,1.3122776393115108,-0.33140806687880126,1.6709050123003042,0.005768532678211248,0.06613397603422035,0.2852215240034992,4.9285159810001185,0.044391323684045976,0.006293511003925596,0.15984429678943468,0.00906041602759498,11.759381263775698,-7.993195986646117,-9.22144606400276,1.264611996811553,-0.567096599244213,0.002070735799964151,0.8775433432396595
40,12.34677817622194,0.008059078930060082,1.3134188518943035,-0.33241388250670717,1.7011968489380205,0.0057660647644581465,0.06712891779591847,0.28508780955309815,4.929725614058124,0.044429240531641566,0.0062944538632405764,0.1596130023266044,0.009057107049990647,11.823896920215022,-7.953847665786142,-9.100448955719202,1.264306919284159,-0.5686244712173472,0.002055129809528146,0.8792154421559615
41,12.35261050035945,0.005832324137509559,1.3132118285617222,-0.3320730502098415,1.7223095188236133,0.005763510511261093,0.06790113267656452,0.28513110560610994,4.93390785913785,0.044252604280864326,0.006293283537971434,0.1592398360420833,0.009049832717590219,11.858842980717942,-7.908287448552254,-8.9722449618137,1.2695447312822776,-0.5742416087712661,0.002073918216378833,0.880600397825119
42,12.356214453736694,0.0036039533772438404,1.3105207612783638,-0.3303337579602594,1.7472214835756115,0.005759518704822961,0.06871739339656656,0.2850606204723336,4.94211333991335,0.04400122129169487,0.006292047741872413,0.15908460906987743,0.009044965316279439,11.905923150108535,-7.896031255840717,-8.896968384623467,1.2752134277593319,-0.5798143955283315,0.0021399553719158044,0.8821044927053993
43,12.359772622026776,0.003558168290082264,1.3075073782527562,-0.3256511160307953,1.7746606319203446,0.0057555657814658155,0.06968607849339058,0.28512224246432905,4.937848534590941,0.04372713004234404,0.00628429009793661,0.15846123689389158,0.009036720690334111,11.952842921261567,-7.88901944761685,-8.786779347180687,1.2819109085797948,-0.586889730952207,0.0022306278218171697,0.8841750308065048
44,12.362890285002209,0.003117662975432367,1.3053329601577879,-0.32394866759447416,1.7794050322192712,0.00575883756573567,0.06979611892555916,0.28507872896975384,4.9363536205824206,0.04372644608296416,0.0062834012889711474,0.158472825148103,0.00904235005514046,11.963939605651905,-7.923568053051219,-8.801268225203419,1.2821632424120335,-0.5865956297015462,0.0022677667768817543,0.8839095822282819
45,12.36655005949379,0.003659774491580947,1.3011517472551763,-0.31985782069929575,1.7972382217559204,0.005765822644961912,0.07026197937485579,0.2849567520393642,4.926736341957591,0.04383921769429487,0.006280180179721845,0.15837875715884833,0.009053099691100724,12.007135755556039,-8.008967866318326,-8.819460597591641,1.2805502480221163,-0.584402749791903,0.0023324610050752827,0.8835464259128198
46,12.36955009442772,0.0030000349339296406,1.301036407056221,-0.3196856375071457,1.8110391314576144,0.005768195787395268,0.07074612748288653,0.2846275868993297,4.920852635094143,0.043794355575564256,0.006279528728859642,0.15817945943544737,0.009051516493712946,12.034335517289193,-8.05455203587345,-8.790650563504146,1.2817067756074332,-0.5851141657719809,0.002325967299318325,0.883289854455182
47,12.376869968869272,0.007319874441552798,1.3036396970779531,-0.3214644334619468,1.8814974434439384,0.0057728537224164276,0.07324104021555329,0.2840121404763432,4.913441219080929,0.043463784007264326,0.00628732719287919,0.1578510687654699,0.009058526736614036,12.178724537347067,-8.282435979799837,-8.70548937714849,1.2854434768147078,-0.5919444810553691,0.0022156826807952323,0.8852997555546208
48,12.378864464926991,0.001994496057719175,1.3043738633196698,-0.32305286028202757,1.887994793522871,0.005772809123213065,0.07363887743784353,0.2843049290606026,4.901461077427224,0.04328440053294188,0.0062840910448489894,0.15730542039389372,0.009052788352794086,12.181032336835429,-8.302169837054784,-8.64030895762071,1.2885815951609267,-0.5953111812486434,0.00219190019757276,0.8861776483470244
49,12.379600639288642,0.0007361743616502991,1.3060755079968984,-0.32463025467721685,1.8830383276113776,0.005770645281242297,0.07354183374219883,0.2844058094269493,4.906684910366238,0.04318632902720221,0.006285939401238699,0.1573757589611935,0.009050236205830666,12.167255169198057,-8.27454138860191,-8.634170535923715,1.289924453538147,-0.5963611997955968,0.0021746384719966345,0.88590876244707
50,12.379822265007602,0.0002216257189608939,1.306955657503044,-0.3254375505784565,1.8844931351522138,0.005770912508953883,0.07367129951349935,0.28456725553885137,4.908256558642165,0.04312124270604266,0.0062871140145825104,0.15738898124478543,0.009050600647471424,12.166537417641138,-8.271537175030737,-8.627990023781141,1.2907018059209012,-0.5969047500101868,0.0021759073128039706,0.8861637703457438
51,12.379964704806813,0.00014243979921069183,1.3075174360215904,-0.3260476749740789,1.8855604662472525,0.0057713599107242705,0.0738282291235769,0.2847013392662746,4.9084083028670396,0.04306668302895529,0.006288075116695804,0.15739825964860737,0.009051955011971632,12.162985006542682,-8.273905157611752,-8.631101479985501,1.2907552385991392,-0.5976214123961874,0.002184330300556069,0.8860311847106686
52,12.380137936769403,0.00017323196258978157,1.3078460946742372,-0.32636077190419016,1.886797681800424,0.005771272286275886,0.07399689669944572,0.284725059103954,4.907432355331679,0.043045957418471635,0.006288271268653273,0.15736311212136575,0.00905190162158209,12.159104076352115,-8.27457599391278,-8.630559274037902,1.291061390313119,-0.5978834381540516,0.0021934963114416547,0.886363306145682
53,12.380414231341259,0.0002762945718561838,1.3079893507923408,-0.32656303863278396,1.8893946148766039,0.005771195496974845,0.07434661564062316,0.2846566851218574,4.904704922959532,0.04303314652264171,0.006288062288809467,0.15726756993125984,0.0090519181177112,12.150457002313626,-8.2765633670687,-8.630790717355659,1.2914384272600399,-0.5983203105202528,0.0022088297867887746,0.886690951461712
54,12.380757713376898,0.0003434820356389423,1.3079524525957582,-0.3265121955641134,1.89119544671453,0.005772418611902158,0.07478118638905024,0.2845984636561565,4.90163589758712,0.04301441205401435,0.0062874586216165144,0.15710857376698706,0.009052873631605235,12.132342283155877,-8.272287373603533,-8.629552013945297,1.292035632539973,-0.5988274731231005,0.002211217220780268,0.8868380462906378
55,12.380836685497613,7.89721207148375e-05,1.3078937232073478,-0.32676668211893095,1.8923809535388245,0.005772391750815456,0.07493979285751028,0.28454168815957936,4.902331014749769,0.043011302104754505,0.006287961976950802,0.1571002883253422,0.00905317515563943,12.127690217917355,-8.270987712897316,-8.63149764264549,1.2921983734330205,-0.5989249153076676,0.0022054721625527685,0.8869065007183266
56,12.381096823531406,0.0002601380337932113,1.3076212999735157,-0.3264503186660592,1.892151625033066,0.005773781889110863,0.07528344401193938,0.2844852876446486,4.9001867005933235,0.04300176699052004,0.006287123821112001,0.15693549989112476,0.009054038400873944,12.105020462798791,-8.260137035139806,-8.63040322003098,1.2926936389605412,-0.5993131844911181,0.002192344803779674,0.8868198932688794
57,12.381217196457222,0.00012037292581545955,1.3074456340133975,-0.3262896872474597,1.892025362357968,0.005772686732010619,0.07539728112920108,0.28451007264996586,4.900858382970966,0.0429936243679356,0.006287116642083798,0.15687122984613644,0.009052478715619504,12.094542594343576,-8.254456917694217,-8.628860036234617,1.292709201443351,-0.5994554933352076,0.0021771108111884995,0.886864437115045
58,12.381293929272083,7.673281486120231e-05,1.3073100649302463,-0.3261682798221133,1.8921968609768904,0.005772201540281967,0.07542028130125,0.2845717601895455,4.902346060067745,0.042993159158765566,0.0062873298452433,0.15683434568678856,0.009051713764459266,12.088348198313989,-8.25139016047897,-8.626441259970548,1.2925641562686756,-0.5992700797859185,0.002166144027013939,0.8868079712593527
59,12.381378534020321,8.460474823834829e-05,1.3073040401213105,-0.3261330606840271,1.8937155869042885,0.005771797253747818,0.07544824358737198,0.28459014264286836,4.904532822791437,0.04301245333459841,0.006287958397095937,0.15680840727169656,0.00905149127443519,12.082886377356527,-8.25164340410544,-8.623685612702381,1.2921251537307064,-0.5989498380568887,0.0021611549647194872,0.886860477739211
60,12.381456738588817,7.82045684957211e-05,1.3070540043687193,-0.3260872400163005,1.896413954142268,0.005771855934605734,0.07549035595311387,0.284771419760743,4.9059083395939265,0.04304766141200688,0.00628771776812058,0.15660403320890715,0.00905058044582447,12.06032270624818,-8.247787506617236,-8.605929608313204,1.2913691957950642,-0.5981093465913007,0.002162208290475041,0.8869308747493496
61,12.381591433054732,0.00013469446591507506,1.3074603133640417,-0.32632574553311133,1.8990751084085644,0.005771361605316443,0.07555987636838934,0.28467870470244044,4.907351870689427,0.04307078291096555,0.0062886220196472775,0.1566461248362424,0.009051479468607206,12.060081910408071,-8.252484925194121,-8.606584108883052,1.2911286862021576,-0.5979536004877991,0.0021682080668516163,0.8870618902299748
62,12.381666009480604,7.457642587205271e-05,1.3077198261178171,-0.32652403346066056,1.9011504889905817,0.005771425103488833,0.07560822416642506,0.2846175032644902,4.906937412886663,0.043093066476809105,0.00628870229922843,0.15664508538775024,0.009052268786751838,12.056580460369604,-8.255595764782175,-8.603938059183363,1.290985514693425,-0.5978467106414765,0.0021780547165343974,0.8871733989017455
63,12.381777674208829,0.0001116647282248806,1.307947869026066,-0.3267276604172305,1.904141677839372,0.005771446324366407,0.07564322316240178,0.28456567659217963,4.905706450907912,0.043127934605441884,0.0062882538411967795,0.15664113291943402,0.009052818303543373,12.046778493009743,-8.258507912046726,-8.597334832746771,1.290768527705533,-0.5976721078677361,0.002185555981170519,0.887333142504738
64,12.38205535415133,0.0002776799425010523,1.3084270906600026,-0.3271733128160136,1.912578942600778,0.005771195794678163,0.07569510145747804,0.28455150219183206,4.902879192336268,0.043192244983758614,0.006286703746727074,0.1566820170849341,0.009053397271497428,12.016548614377223,-8.26513563774489,-8.579490866119432,1.2903948710459103,-0.5971953632613173,0.0021884514076095265,0.8877671980294634
65,12.382191312985444,0.0001359588341145468,1.3087449320803979,-0.3275531537229051,1.9184599583376123,0.0057717100420709875,0.07560629532210572,0.28452193362304845,4.9009343123855755,0.043229329756842697,0.006285645795192445,0.1567929812269348,0.009053919369626316,12.000925974735283,-8.273160266532845,-8.571104114858679,1.2899887431867096,-0.5975198803385944,0.002189177509629051,0.8877532808825386
66,12.382464114872453,0.0002728018870090665,1.3090551600476243,-0.3277398763645425,1.927702667150724,0.005771639129762669,0.07559403309198857,0.28465057344717176,4.897603879280712,0.043274662280896076,0.00628306717278822,0.15682341925881305,0.009053230361562564,11.957555077217819,-8.277009690462663,-8.549176660842068,1.2899509664929805,-0.5971834142708545,0.002174256016260982,0.888415117159444
67,12.382550333304769,8.621843231537696e-05,1.309030475021218,-0.3280180102530056,1.9314000614337354,0.005770776659244958,0.07562431793121938,0.28465521639120345,4.897220063389836,0.043282483858878534,0.006282451099825705,0.15688236420319732,0.009052638739736097,11.941870697827744,-8.278670589122912,-8.54567195434721,1.290187579629944,-0.5972482524014859,0.0021600243962105027,0.8887336011354511
68,12.382662895054148,0.00011256174937912533,1.3090027115710166,-0.327930900534254,1.9333482058499047,0.005770714214148508,0.07557094984424412,0.2847537056620241,4.8970947945305605,0.04326816523285963,0.006281740363523849,0.1569037602414546,0.009051756322503558,11.92935702968013,-8.278377937046566,-8.542366404388378,1.2904039070140596,-0.5974694759449427,0.0021451845639456225,0.8888122025973096
69,12.382771763158868,0.00010886810471966157,1.3090252414145473,-0.3279186783677157,1.9347471500607647,0.005770688826044152,0.07550540803099785,0.28483423059182766,4.897565473510339,0.043236284976750895,0.0062814258183624275,0.15693107931505668,0.009051274304597514,11.921519834772194,-8.278903162400056,-8.543458863511844,1.2909005037319936,-0.5978719174713566,0.002133538511614983,0.8887464954450758
70,12.3829623842093,0.0001906210504323269,1.3092689530366495,-0.3281172927350971,1.9389344653526073,0.0057709561426960276,0.07538960040247239,0.2849302112371862,4.898319481487137,0.04318995545646207,0.006281063888126491,0.15696440298682626,0.00905111697619431,11.90483076840098,-8.28288923952604,-8.544917701831036,1.2918910653961235,-0.5986523197288134,0.0021234907485161362,0.8887248238643438
71,12.383238539453293,0.00027615524399315916,1.3098673869013189,-0.32865464610072953,1.948573120404572,0.005771062453620298,0.07521068703799,0.2849965365363889,4.898623115685167,0.04314244339589734,0.006280546732635617,0.15699125485812948,0.009050972786826662,11.870248849335685,-8.29314953370332,-8.546422538930633,1.2935368194508898,-0.6000932862073209,0.002119556905243539,0.8889976466458187
72,12.383292713817509,5.417436421595312e-05,1.3099514455644943,-0.3288120016368057,1.951890473475256,0.005771731590470332,0.07520158811498096,0.28505746748517075,4.8979717151893345,0.043141493441587964,0.006280270167132146,0.15692627689158056,0.009051927584287724,11.855217392603215,-8.294565046996624,-8.543237215655013,1.2937902517926207,-0.5999703339663349,0.002125295221734908,0.8888558132212866
73,12.383405697172222,0.00011298335471288112,1.3103914633168618,-0.3291905605147148,1.9581023560480613,0.005771387016853635,0.0751748053376839,0.2849872515526396,4.897879642561605,0.043145000537131176,0.006280416334909372,0.1569357460203007,0.009052456321599166,11.836180858898675,-8.301511972189733,-8.5457816559042,1.2944590672589442,-0.6006072603034384,0.0021307065906028926,0.8891187144507201
74,12.383475158452478,6.946128025653309e-05,1.3104621279341577,-0.32929734950897377,1.9607099203539355,0.005771590426483313,0.07520729461716591,0.28496190314918973,4.897547769969286,0.04316006088447659,0.006280753364349519,0.15689984107499644,0.009052461798737926,11.82711516747039,-8.302992512804117,-8.54908889597216,1.2943216697926716,-0.6006813885085424,0.002136686565623218,0.8893194886628822
75,12.383575124647486,9.996619500718396e-05,1.3105908443370518,-0.3294053216585056,1.9660138082583736,0.005770920596671741,0.07535278161413317,0.2849043915301359,4.896558110944911,0.043205092610268996,0.006281271896959397,0.1568472546730716,0.009052956457644177,11.807039154025617,-8.303549291307473,-8.556347170428232,1.2937107563578516,-0.600213526180533,0.0021418200311108084,0.889477549862793
76,12.38364911044879,7.398580130413279e-05,1.3105513410395475,-0.3294840691228783,1.9698054676633578,0.0057717793821317545,0.07537420277338608,0.2850416129075702,4.895196429933433,0.04322568551880329,0.006281008981699528,0.15677585159758464,0.009051541431250434,11.789678059379193,-8.301226148350807,-8.568625928399062,1.2926788041982782,-0.5997849431159589,0.0021434269200461074,0.8898464044114235
77,12.383719966055427,7.085560663711021e-05,1.310717165801426,-0.32954583253209513,1.972749224632505,0.005770886844848381,0.07540018721126618,0.2850673641407839,4.894317016441915,0.043242518629844906,0.006280239687350577,0.15678908309424794,0.009051706909499514,11.776317149313044,-8.300039378461719,-8.571989908733805,1.2924135916082675,-0.5992790487689719,0.0021350383991261767,0.8898086187561689
78,12.383757330897975,3.736484254801553e-05,1.3108657651173619,-0.3297812305868269,1.9760510787858216,0.005769664897099236,0.07536873374874098,0.28510939363726595,4.893595056578664,0.04325178389078806,0.006278978590999766,0.1568539155400791,0.00905128829962817,11.761982869188365,-8.298930470867687,-8.577999156177116,1.2921909924431432,-0.5989853940579487,0.002118073366839561,0.8897482513654232
79,12.383764992501304,7.661603328656952e-06,1.3111194798851868,-0.3298014417692392,1.977021032435338,0.005770556064113438,0.07529668109616369,0.2851874778522362,4.892958176344319,0.04325356718988395,0.006278029447709201,0.15684820274026823,0.009051449666682181,11.756588116889564,-8.297528867574963,-8.580121443617054,1.2919444550358445,-0.5987328396742896,0.0021161615215223393,0.8896747144158669
80,12.383786574831477,2.158233017368616e-05,1.3110565796828715,-0.3298388357759728,1.9762757741634034,0.005770496551524904,0.07529563884124563,0.2851599224703776,4.8932544038877275,0.04325214823671579,0.006278263249002229,0.15685700707949957,0.009051405672904347,11.760630706801823,-8.298056819890023,-8.579810401299445,1.292042221365969,-0.5988631315647878,0.0021175842537243263,0.8897222379531293
81,12.38380917172646,2.2596894982740423e-05,1.3111182422835557,-0.3299627339486559,1.9760028342454494,0.00577068873995523,0.07525604507128504,0.2851462420489478,4.893325039236221,0.04325579049371832,0.006278041923828377,0.1568766080683049,0.009051485450685095,11.76298055374846,-8.298144618481503,-8.581482131152253,1.2920274955361088,-0.5988835873920979,0.0021179188403094174,0.8897688419685301
82,12.383847589131598,3.841740513799152e-05,1.3114127677853051,-0.33029348146978926,1.9764396230115564,0.005771266049409561,0.07513620579415914,0.28513923878163616,4.8931261589765125,0.04327043152845832,0.006277047509290722,0.15692299263516807,0.00905186192792942,11.763595328560509,-8.297702621651524,-8.587159282650829,1.2918500629953231,-0.5987448479080804,0.0021172033557219265,0.889836274071817
83,12.383879809565514,3.222043391559737e-05,1.3117564040095722,-0.3306023996862509,1.9774647397923752,0.0057716121709962325,0.07500259582273294,0.28515590642184624,4.892654339813742,0.043293030686755773,0.006275816831976853,0.15695428570252296,0.009052358435876996,11.760508824818478,-8.295967241329643,-8.594046408330057,1.291472936632577,-0.5983275096137948,0.00211681081466889,0.8898326552329084
84,12.38389676017964,1.6950614126542973e-05,1.3119205852926596,-0.3307133104411017,1.9779900173893747,0.005770115230998043,0.07488677166235455,0.2851279093138467,4.893015447455846,0.04330880919045615,0.006275353650884246,0.15701015880886116,0.009051676259094383,11.759958258015114,-8.29499415655771,-8.600853962446548,1.2912544395321712,-0.5982667511095306,0.002113087395337398,0.8899102395086305
85,12.383930035657572,3.32754779321931e-05,1.3120620269992664,-0.33076903940626556,1.9789619906667735,0.00576949349829704,0.07475974105210834,0.285149605750139,4.892988676570618,0.043331595639424784,0.006274873741333257,0.1570132707499793,0.009051833821911172,11.755445861988392,-8.292386368918557,-8.606962335034943,1.290838452203224,-0.5977363764434466,0.0021159391193040613,0.8897743453105427
86,12.383950807380861,2.0771723288959265e-05,1.3119698566827445,-0.33059823727278503,1.9798444454680773,0.005769234394141133,0.0746758618550706,0.28517128055774327,4.893451570181408,0.043348242912443935,0.006275191371278957,0.15702180629316823,0.009051880328956595,11.750758922673445,-8.290191641303634,-8.611688339525937,1.2906032732433435,-0.5972891414189857,0.0021166473701754473,0.8897115499186022
87,12.383963368723693,1.2561342831673983e-05,1.3117128363086918,-0.3303347086917568,1.9793625735813714,0.005769270753755983,0.07462514600718671,0.2851662253307952,4.894363184903136,0.043351668364561786,0.006276220200243272,0.15702910276343707,0.009051833205503984,11.752439085168259,-8.28911099444805,-8.613529678617684,1.290536688642696,-0.5972107327653365,0.0021200122360883833,0.8895905620073065
88,12.383968459802283,5.0910785898139466e-06,1.3115234930088362,-0.3301599707226852,1.9789724846545464,0.005769563520186636,0.07460344457235128,0.28516784115962485,4.894838889695675,0.04334927169164348,0.006276982818831305,0.15704860127837938,0.009051914452558955,11.754096389354826,-8.288663259236635,-8.614497062239796,1.290578565063107,-0.5971600500699065,0.002120931191137734,0.8896163225802562
89,12.383970225907804,1.7661055213835652e-06,1.3114899399528817,-0.33016383705938845,1.9788411850301109,0.005769728531645851,0.07459264252534038,0.2851704875698603,4.894786776563402,0.04334769994516635,0.006277099654265932,0.1570622742126203,0.009051875854792713,11.754766794378497,-8.288510971912439,-8.614926142599264,1.2905574880819504,-0.5971984791972808,0.0021205578677991168,0.8896166575318284
90,12.383970848978596,6.230707914056666e-07,1.3114889528649434,-0.33016687627308205,1.978701385163306,0.005769840518272745,0.07459466179363725,0.28516952318616695,4.8947179808912775,0.043346788649825385,0.006277147283537338,0.1570649197314159,0.009051917513327628,11.755381022508907,-8.288519986724621,-8.614710513724408,1.2905652466580388,-0.5972162319602822,0.002120871302941503,0.8896261211794917
91,12.38397274449077,1.8955121738883918e-06,1.3114750197915532,-0.3301496452516381,1.9782289336808847,0.005769924933910192,0.07459575681544967,0.28516280104812497,4.8944951456582055,0.04334667251058628,0.006277397932003806,0.15707196024905926,0.009051963607332568,11.757113293065437,-8.288168096812939,-8.61421922605349,1.2905686333834867,-0.5972289769177253,0.0021224840651163086,0.8896315135929014
92,12.383973821433697,1.0769429277246445e-06,1.3114575621704632,-0.33014832283090384,1.977774419382972,0.005769457454117157,0.07458731847977457,0.28515484706847455,4.894243075181139,0.043351958668491834,0.006277581472414211,0.1570783467188416,0.009051942215948197,11.758052003492336,-8.287030019902955,-8.614374049214673,1.2905243855771154,-0.5971458107965603,0.0021237331317184712,0.8896289321816809
93,12.383974895718943,1.0742852456502305e-06,1.3113724983213544,-0.33002888676604875,1.977071686093485,0.00576948574357134,0.074597202913924,0.2851495363661439,4.894214232329162,0.04335015729587682,0.00627810373637666,0.1570834405840866,0.00905191937526915,11.760073583696949,-8.286345003140726,-8.613400894451878,1.2905454104223348,-0.5971814238492066,0.002125015521422447,0.889602007306094
94,12.383975567060856,6.713419136161747e-07,1.3114007843272524,-0.3300590619166616,1.9773757431239576,0.005769365541814739,0.07459073082094009,0.285153372103227,4.8942748641251335,0.04335237656625631,0.00627788542821282,0.15707955244029417,0.009051886183893213,11.758758128500917,-8.286273473225263,-8.6139932221488,1.2905144796277022,-0.597137357279219,0.0021241307265310854,0.8895997272136484
95,12.383977052690437,1.485629580244563e-06,1.3114275235303494,-0.3300844086951278,1.9773434555822529,0.005769578657935659,0.07457833763391332,0.2851574577958149,4.894325259645109,0.04335647060414891,0.006277696380954819,0.1570748479570886,0.009051846249782888,11.757839219939894,-8.285258565196614,-8.614664937994444,1.290441883260986,-0.5970479262859391,0.0021236566595629735,0.8895973560283115
96,12.383978325001134,1.2723106976864074e-06,1.3114956141814795,-0.33015219737262097,1.976692535161136,0.005769039610269761,0.07451994359253893,0.28515639130380177,4.894707772104249,0.043365983392739185,0.006277205294567819,0.15708525999407477,0.009051766473575364,11.757220772792438,-8.281790882632858,-8.617640019767704,1.2902359534346732,-0.5968777054830234,0.002121394024701552,0.8896226795195837
97,12.383980600486112,2.2754849773320984e-06,1.311478978205265,-0.3301478651584619,1.975803098918544,0.005769521764048682,0.07455826596960824,0.28515364689983325,4.895088604542636,0.04336080093543136,0.006277094849346485,0.15706205064175952,0.009052008355830104,11.758476115169348,-8.280913751188006,-8.61552816578722,1.2903530357978914,-0.5969294120882844,0.002121521184356928,0.889568742549345
98,12.383982449773468,1.849287356137097e-06,1.3114357760992017,-0.33010179896042824,1.9752184580084498,0.0057697348628112525,0.07457626663843266,0.2851530240352558,4.895050926392538,0.043355208941790103,0.006277364236382556,0.15706686686032711,0.00905182602689577,11.760434597243112,-8.281018133581052,-8.614392951191201,1.2904505745345909,-0.5970264798706765,0.0021222193439783023,0.889562482791053
99,12.383983540004728,1.0902312599370134e-06,1.3113919093741229,-0.33005992425416586,1.9742894844015326,0.005769777563427509,0.07458768516391844,0.2851484595605713,4.895108385315348,0.04335016280397898,0.006277592177918684,0.15707256625493482,0.00905186062917289,11.762639434605596,-8.280339090514833,-8.613605548708271,1.290534267893391,-0.5971191324697982,0.002122818962899039,0.8895475411782937
100,12.383984420855448,8.808507203639238e-07,1.311358557791047,-0.33002698020117577,1.9736619438470067,0.005769778037260131,0.0745880307505306,0.28514476477393347,4.895221390708881,0.04334766440407334,0.006277695678591015,0.15707387378722526,0.009051823899432888,11.763246413888597,-8.27964505557986,-8.61374081702257,1.290588439699489,-0.5971575171654651,0.0021231196218222514,0.8895475451233
101,12.383985764543619,1.343688170507562e-06,1.3112699850622636,-0.329968525857427,1.972466342509322,0.005769762399079851,0.07457701597691636,0.28513917828556573,4.895449917113812,0.04334265412196339,0.0062779066156475535,0.1570787318558624,0.009051674183741188,11.763541684623222,-8.278187093640684,-8.61490242300942,1.2906596170879068,-0.5972513652106259,0.0021235842929379746,0.8895106362503746
102,12.38398741906655,1.654522931104907e-06,1.3112800356213552,-0.32996226467094264,1.9719220288153982,0.005769567787553477,0.07456686240313587,0.2851342970600379,4.8954376338525325,0.04334219425792203,0.006277864645786705,0.157076354281754,0.009051682276237451,11.762365632632852,-8.277492426468209,-8.616224953746618,1.290713805928341,-0.5972574024871864,0.0021243725630434003,0.8894907558793326
103,12.38398854814712,1.129080569484131e-06,1.311302053016849,-0.32998009234169706,1.971679028023264,0.005769570622179611,0.07455789398934143,0.28513578790934,4.895364514845165,0.0433423512156188,0.006277772153877766,0.1570741367177168,0.00905174047476326,11.760958517618308,-8.277239045306734,-8.61738370610287,1.2907330848365268,-0.5972612363828437,0.0021248685972531105,0.8894583568617184
104,12.383989340716225,7.925691054566641e-07,1.3113309477342465,-0.33002845712408446,1.9717193466193348,0.005769615299333047,0.07454751276686986,0.2851439868736599,4.895188065977195,0.04334481303356077,0.006277671386158541,0.15707620929064842,0.009051899323737785,11.759264824041853,-8.277535465388931,-8.618572274591758,1.2907206330094614,-0.5972254779256213,0.0021249983244532263,0.8894561005630758
105,12.383990301206277,9.60490051937768e-07,1.3113804562732059,-0.3300659615484369,1.9717433070781512,0.005769754153582721,0.07452963237112925,0.28515458765517376,4.89505210137442,0.043347627687263045,0.006277511441849707,0.1570785192615055,0.009052038584973218,11.757164707917013,-8.277502600953023,-8.620198533708596,1.2906617934424447,-0.5971883206728069,0.0021247694578849503,0.8894244865668965
106,12.383991052525754,7.513194777430954e-07,1.3113878347515207,-0.33007032036440137,1.9716205600220034,0.005769843972149616,0.07452829048208452,0.2851595144278101,4.8950689713666495,0.04334775754596551,0.0062774970253609425,0.1570802393742292,0.009052072442985816,11.756646108374664,-8.277593472953637,-8.62046092467189,1.2906416169260249,-0.5971758765412961,0.0021242813613459254,0.8894127214005425
107,12.383993131937448,2.079411693500788e-06,1.3113880485377796,-0.33007190493847816,1.9707819901383363,0.005770051584617064,0.0745367922221298,0.28517021351429617,4.895243855424539,0.043346135908032934,0.006277553076339244,0.15708604951154154,0.009052090117233912,11.755762377088022,-8.277917141949048,-8.620519977490524,1.2906102815275964,-0.5971527919951081,0.0021224202017164494,0.8893706071337439
108,12.383994658460779,1.5265233308525694e-06,1.311433737776138,-0.33012929767849125,1.9701424881556608,0.005769925711464629,0.07452949421147408,0.28517433296621647,4.89525230398133,0.04334912947772596,0.006277453103828996,0.15709189840104656,0.009051932783322635,11.752595539042666,-8.278583141607673,-8.621997528161268,1.290530049948289,-0.5970854836905086,0.002120749866416759,0.889330296122667
109,12.383995527713424,8.692526449749494e-07,1.3114748524328197,-0.33017122768126067,1.9698604645746352,0.00576991748666906,0.07452992944230859,0.2851608860148911,4.895274498783747,0.04335353847141348,0.006277442239874274,0.15709213381219217,0.009052122949478505,11.752194874880107,-8.278920547629982,-8.621460045592443,1.2904681437691936,-0.5970335371262766,0.00212074013944892,0.8892822237545428
110,12.383996681637257,1.153923832930559e-06,1.3114906925339849,-0.3301940116348505,1.9691057887636996,0.005769721412975242,0.07452406593506264,0.28514972303650626,4.895323412171972,0.043356727490927185,0.0062775005454317155,0.15709485803652934,0.009052023983856084,11.750968367424724,-8.279161663633698,-8.62177200157366,1.290436598564327,-0.5970030576628197,0.002120885712503686,0.889261233957032
111,12.383998022134055,1.3404967980079618e-06,1.3114754473346084,-0.33018690887240104,1.9686087429445143,0.0057695001214979405,0.07451963122484437,0.2851498388287758,4.895383258642297,0.04335788267517077,0.006277588665054646,0.15709360652484683,0.009051748105820474,11.750949030250851,-8.279397780178115,-8.621141454788551,1.2904251253672636,-0.5969754599384901,0.0021216079661497012,0.889262952487114
112,12.38399906980054,1.0476664851211126e-06,1.3114512914564744,-0.33016588936882707,1.9679558466825435,0.005769414770599141,0.07451184554572397,0.2851520031924221,4.895489013787684,0.04335969380792796,0.00627766999189144,0.1570909319130458,0.009051618070708506,11.751121411097355,-8.279457877887161,-8.620240096422656,1.2904083791989578,-0.5969449180353927,0.0021225212169727558,0.8892493147209631
113,12.383999904906329,8.351057889655067e-07,1.3113844807072637,-0.3301226175914539,1.966631626582382,0.005769435280267897,0.07449171833231671,0.2851546873048125,4.895709023272483,0.04336308622273264,0.006277723935971771,0.15708977598873908,0.009051597154090544,11.750485520581513,-8.279405646805015,-8.619450249107016,1.2903757359169084,-0.596912249043336,0.002123012605619394,0.8891942839614807
114,12.384000316800815,4.1189448651834937e-07,1.3113869871545762,-0.3300951804163583,1.9660844519438143,0.005769558138345772,0.07447763734021368,0.2851575329028989,4.895721349113558,0.04336686262002912,0.006277674814762916,0.1570893171795323,0.009051895511365258,11.74986913708748,-8.27955406781959,-8.61907769114661,1.2903747110335226,-0.5968669119922758,0.0021235383936016234,0.889167566173426
115,12.384000651719052,3.3491823714371094e-07,1.3113849024401012,-0.33010074505214415,1.9661776086359273,0.0057696117522279345,0.07447308172341163,0.2851598725615428,4.895689415177548,0.043366773056028485,0.006277607340713195,0.1570909832562737,0.009051928272134779,11.749257134465207,-8.279482001870965,-8.619718249742306,1.2903710767544718,-0.5968751241705545,0.0021231192299397106,0.8891599910580172
116,12.384000714622584,6.290353127269555e-08,1.3113925977929848,-0.3301099501001476,1.9669254947295067,0.005769642406598967,0.07447320492674907,0.2851619836784153,4.895567628676432,0.04336465245309672,0.006277490595853218,0.1570930040481643,0.009051901026829307,11.749059780652482,-8.279292408095502,-8.620702299437779,1.2903924426213753,-0.5969131401405658,0.002122578734244009,0.8891775549398654
117,12.384001055764706,3.411421225507638e-07,1.3113806139593849,-0.33008970554199074,1.9665502259270085,0.0057695474001560896,0.07446531146974009,0.2851591626095521,4.895633876400517,0.04336548104674967,0.006277488611698807,0.15709478760062986,0.009051740583187364,11.748893145103317,-8.279320657752052,-8.62034553311817,1.2903940921255923,-0.5969063282619435,0.002122865051395084,0.8891612184838489
118,12.384001314146817,2.583821103741002e-07,1.3113562688788631,-0.33006105415166764,1.965900170652652,0.005769506589196816,0.07444846273332495,0.28515610136627967,4.895725089115237,0.04336790805874671,0.006277445162367472,0.15709828967745587,0.009051689832942574,11.748418439079662,-8.27936859610019,-8.619810962100015,1.2904067009634317,-0.596883720773039,0.002123352140313859,0.8891305572256641
119,12.384001730703394,4.1655657767591947e-07,1.3113651975788199,-0.33007543521035354,1.9661199911327543,0.005769604205064144,0.07444241743872519,0.2851567750472546,4.895703536347785,0.043368270836741385,0.0062773461786961495,0.15710383219948432,0.009051842496969997,11.748235853838585,-8.279397344901966,-8.619836072553271,1.2904292870181457,-0.5968877395027911,0.0021232658631426178,0.8891441778774343
120,12.384002144600679,4.1389728444585216e-07,1.3113677969990425,-0.33008084771737173,1.9661874862504078,0.005769621389934939,0.07442530180278459,0.28515624967613307,4.895721529594314,0.043368533411580285,0.006277191701246282,0.15711463435086692,0.009051840339422908,11.747464452070133,-8.279380521762164,-8.620080796615236,1.2904534929019769,-0.5969088205314662,0.0021230528380709506,0.8891484876621466
121,12.384002391562216,2.4696153744230287e-07,1.3113960004616683,-0.33010530658554793,1.9661813910847519,0.005769578840114413,0.07440826065218001,0.2851646441943116,4.895744906066145,0.04336796157146575,0.006277146044173833,0.15712610735972657,0.009051897339877702,11.746686580988051,-8.279540223316118,-8.620029689206412,1.2904626021319112,-0.5969288605803243,0.002122965997270006,0.8891382826756803
122,12.384002455878452,6.431623589264746e-08,1.311401376007437,-0.3301127212242762,1.9662423091119632,0.005769584296670865,0.07441349572152196,0.2851637796673594,4.89575540379298,0.043367289876322296,0.00627722621317526,0.1571245399887113,0.009051815066916285,11.746820519245817,-8.279552112182708,-8.620084495840638,1.2904549703738148,-0.5969356552169655,0.002122679395931808,0.8891533812674076
123,12.384002494817658,3.8939205637689156e-08,1.3114051860081637,-0.3301164031038904,1.966187965638654,0.005769581479184061,0.07441347660933799,0.2851621212469792,4.895762221775514,0.04336752596885235,0.0062772788735964286,0.15712386612100143,0.009051790049035748,11.746780985729552,-8.27959574587442,-8.620015936745633,1.2904558850300796,-0.596930321573209,0.002122615546743552,0.8891491272763985
124,12.384002527999765,3.31821077281802e-08,1.31142144075649,-0.33013219956582723,1.9661761523145045,0.005769583649311837,0.07441434573459542,0.2851609845792293,4.895768036427713,0.043367709118513335,0.006277438949054462,0.15712235095220287,0.009051791699104791,11.746704434127444,-8.27974643169725,-8.619814317661596,1.2904593444668606,-0.5969263575966675,0.0021223187264057704,0.8891427561521587
125,12.384002536911572,8.911806403943956e-09,1.3114248038014191,-0.3301334209317513,1.9661434563344484,0.005769596608983909,0.0744119827387597,0.2851614612178852,4.895769066856191,0.04336791356319039,0.006277451242442115,0.1571227748124951,0.00905181169931389,11.746474378345821,-8.27977367932584,-8.619887418991507,1.2904607510583392,-0.596924464002261,0.0021221833559980623,0.8891417618207553
126,12.384002557989266,2.107769425663264e-08,1.3114235247693875,-0.33013395937192774,1.9661646183205868,0.0057695850057882655,0.07440932401785429,0.28516280503229496,4.895767150126565,0.043367735401405774,0.006277416065666522,0.15712427510935936,0.009051809418827668,11.746292781044197,-8.279763049701332,-8.620004660784888,1.2904614343230183,-0.5969289054084544,0.002122141916999037,0.8891431213644284
127,12.384002561969032,3.979765850203876e-09,1.3114211422303323,-0.3301339370949861,1.9661285011052292,0.005769569086310674,0.07440779684417058,0.28516321785747056,4.895774034600525,0.04336774685237593,0.006277413974937457,0.15712472660765264,0.009051789623609637,11.746198847507127,-8.279771787508958,-8.620004680117415,1.2904606820712834,-0.5969301155300044,0.0021221383275440487,0.8891416834479696
128,12.384002567878717,5.909685185656599e-09,1.3114216020237421,-0.33013366461088567,1.9661177699666923,0.00576956981225769,0.07440586606139245,0.28516394253817384,4.895773556834867,0.04336786337088612,0.006277405653093497,0.1571252348736526,0.009051805791653583,11.74605239979045,-8.279786633472959,-8.62003464038626,1.2904619818621623,-0.5969300325525622,0.002122114486042467,0.8891402529888833
129,12.384002568985492,1.1067751159998807e-09,1.311422489868583,-0.3301335701568509,1.9661034906896175,0.005769571732305612,0.07440248981880228,0.2851650644213277,4.895772591398995,0.04336804645268806,0.006277392292724781,0.15712614956524604,0.009051829751028459,11.745785218777618,-8.279811181276754,-8.620103433360534,1.2904643308760815,-0.596930252719646,0.002122050404736072,0.8891383151673883
