196001,1,1,1,2,2
196002,1,1,2,2,2
196003,1,1,2,2,2
196004,1,2,2,2,2
196005,1,1,1,2,2
196006,1,2,2,2,2
196007,2,2,2,2,2
196008,2,2,2,2,2
196009,2,2,2,1,2
196010,1,1,2,1,1
196011,1,1,2,2,2
196012,1,1,1,2,1
196101,0,1,1,2,1
196102,0,1,1,2,1
196103,0,1,1,1,1
196104,1,1,1,1,1
196105,1,2,2,1,1
196106,1,1,2,1,1
196107,2,2,2,1,1
196108,1,2,2,1,1
196109,1,1,2,1,1
196110,1,1,1,1,1
196111,1,1,1,1,1
196112,1,1,1,1,1
196201,2,2,2,1,1
196202,2,2,2,1,1
196203,2,2,2,1,2
196204,1,1,2,1,1
196205,1,1,1,1,1
196206,1,1,1,1,1
196207,1,1,1,1,1
196208,1,1,1,1,1
196209,1,1,1,1,1
196210,1,1,1,1,1
196211,1,1,1,1,1
196212,1,1,2,1,1
196301,2,2,2,1,1
196302,1,1,1,1,1
196303,1,1,1,1,1
196304,1,1,1,1,1
196305,2,2,2,1,1
196306,1,1,1,1,1
196307,1,2,2,1,1
196308,1,1,1,1,1
196309,1,2,2,1,1
196310,2,2,2,1,2
196311,2,2,2,1,2
196312,2,2,2,1,2
196401,1,2,2,1,2
196402,2,2,2,1,2
196403,1,1,1,2,2
196404,1,1,2,2,2
196405,1,1,1,2,2
196406,1,1,1,1,1
196407,1,1,1,1,2
196408,1,1,1,1,2
196409,1,1,1,1,1
196410,1,2,2,1,1
196411,1,1,2,1,1
196412,1,1,1,1,1
196501,1,1,2,1,1
196502,1,1,1,1,1
196503,1,2,2,1,1
196504,1,2,2,1,1
196505,1,1,2,2,1
196506,1,2,2,2,1
196507,1,1,1,2,1
196508,1,1,2,2,1
196509,1,1,2,1,1
196510,1,2,2,1,1
196511,2,2,2,1,1
196512,2,2,2,2,1
196601,2,2,2,2,1
196602,2,2,2,2,1
196603,2,3,3,2,2
196604,3,3,4,2,2
196605,3,4,4,2,2
196606,4,4,4,2,2
196607,3,3,4,2,2
196608,3,3,4,3,2
196609,3,4,4,3,3
196610,3,4,4,3,3
196611,3,3,4,3,3
196612,3,3,3,3,3
196701,2,3,3,3,3
196702,3,3,3,3,3
196703,2,2,2,2,3
196704,3,3,3,2,3
196705,2,3,3,2,3
196706,3,3,3,2,3
196707,3,3,4,3,3
196708,3,4,4,2,3
196709,4,4,4,2,3
196710,4,4,4,2,3
196711,4,4,4,3,3
196712,4,4,4,3,3
196801,5,5,5,3,4
196802,5,5,5,3,4
196803,4,5,5,4,4
196804,5,5,5,4,4
196805,5,5,5,4,4
196806,4,5,5,4,4
196807,4,4,4,4,4
196808,4,4,5,4,5
196809,5,5,5,4,5
196810,5,5,5,4,5
196811,4,5,5,4,5
196812,5,5,5,4,5
196901,4,4,5,4,5
196902,4,4,4,4,5
196903,5,5,5,4,5
196904,5,5,6,4,5
196905,4,5,5,4,5
196906,4,5,5,5,5
196907,4,5,5,5,5
196908,5,5,5,5,5
196909,4,5,5,5,5
196910,5,5,5,5,5
196911,4,5,5,5,5
196912,4,4,5,5,5
197001,4,4,4,5,5
197002,4,5,5,5,5
197003,4,4,5,5,5
197004,4,5,5,5,5
197005,4,5,5,5,5
197006,4,5,5,5,5
197007,4,5,5,4,5
197008,4,5,5,4,5
197009,5,5,5,4,5
197010,5,6,6,5,5
197011,6,6,6,5,5
197012,5,6,6,5,5
197101,5,5,5,4,5
197102,5,5,5,4,5
197103,4,4,5,4,5
197104,4,5,5,4,5
197105,5,5,5,4,5
197106,5,5,5,5,5
197107,4,4,4,5,5
197108,3,4,4,5,5
197109,2,3,3,4,5
197110,2,2,2,4,4
197111,2,2,3,4,4
197112,3,3,3,4,4
197201,4,4,4,4,4
197202,3,3,4,4,4
197203,3,3,3,4,4
197204,3,3,3,4,3
197205,3,3,3,3,3
197206,2,3,3,3,3
197207,3,3,4,3,3
197208,3,4,4,3,3
197209,3,4,4,3,3
197210,3,3,3,3,3
197211,3,3,3,3,3
197212,3,3,3,3,3
197301,2,2,3,3,3
197302,3,3,3,3,3
197303,4,4,5,4,3
197304,5,5,5,5,3
197305,5,5,5,5,3
197306,5,5,5,5,4
197307,4,4,5,5,4
197308,5,5,6,6,4
197309,6,6,7,6,4
197310,6,7,7,7,5
197311,6,7,7,7,5
197312,7,7,8,8,5
197401,6,7,7,8,6
197402,8,8,8,9,6
197403,9,9,9,10,6
197404,10,10,11,10,6
197405,12,12,12,10,7
197406,11,12,13,10,8
197407,11,12,12,11,8
197408,12,12,12,11,9
197409,10,11,11,11,9
197410,10,10,11,12,10
197411,8,9,9,11,10
197412,9,9,9,11,10
197501,8,8,8,11,10
197502,8,8,9,10,10
197503,7,7,7,10,10
197504,6,6,7,9,10
197505,5,6,6,8,9
197506,6,6,7,8,8
197507,6,7,7,8,8
197508,5,5,7,8,8
197509,6,6,7,7,7
197510,6,6,7,7,7
197511,7,7,7,7,7
197512,6,6,7,7,7
197601,6,6,7,6,7
197602,6,7,7,6,6
197603,6,6,7,6,6
197604,5,5,6,6,6
197605,6,6,7,6,6
197606,5,5,6,5,6
197607,6,7,7,5,6
197608,7,8,8,5,6
197609,6,6,7,5,6
197610,5,6,6,5,6
197611,5,5,6,5,6
197612,6,7,7,5,6
197701,7,7,7,5,6
197702,7,8,8,6,6
197703,6,7,7,6,6
197704,6,7,7,7,6
197705,6,7,7,7,6
197706,7,7,8,7,7
197707,6,7,7,7,7
197708,6,6,7,7,7
197709,7,7,8,7,6
197710,6,6,7,7,6
197711,6,6,6,7,7
197712,6,6,7,7,6
197801,6,6,7,7,6
197802,6,6,7,6,6
197803,6,6,6,6,6
197804,5,6,6,7,7
197805,7,7,7,7,7
197806,7,7,7,7,7
197807,7,7,8,7,7
197808,6,7,7,7,7
197809,6,7,7,7,7
197810,6,7,8,8,7
197811,7,7,7,8,7
197812,7,7,7,8,7
197901,8,8,8,8,7
197902,8,8,8,8,7
197903,7,8,8,8,7
197904,7,7,8,8,7
197905,8,8,9,9,7
197906,8,8,8,9,7
197907,8,8,9,9,7
197908,9,9,9,9,7
197909,8,8,9,10,8
197910,9,9,10,10,8
197911,9,9,9,10,8
197912,9,9,9,10,8
198001,10,10,10,10,8
198002,9,9,10,11,9
198003,9,10,10,12,9
198004,7,8,8,11,9
198005,9,9,10,11,9
198006,9,9,10,11,9
198007,9,10,10,11,9
198008,9,10,10,11,9
198009,10,10,11,11,10
198010,9,10,10,11,10
198011,8,8,9,11,10
198012,9,9,10,11,10
198101,9,10,10,10,10
198102,9,9,10,10,9
198103,9,9,9,10,9
198104,8,9,9,10,9
198105,8,9,9,9,9
198106,6,7,7,9,9
198107,7,7,8,9,9
198108,8,9,9,9,9
198109,8,9,9,8,8
198110,8,8,9,8,8
198111,7,8,8,8,8
198112,6,7,8,7,8
198201,7,7,8,7,7
198202,6,6,7,6,7
198203,6,6,6,6,7
198204,6,6,6,5,7
198205,5,6,6,5,7
198206,6,6,7,6,7
198207,7,7,8,6,7
198208,6,6,6,5,6
198209,5,5,6,5,6
198210,5,5,6,5,6
198211,5,5,6,5,6
198212,5,5,5,5,6
198301,5,6,6,5,6
198302,4,5,5,5,6
198303,4,5,5,4,6
198304,4,4,5,5,5
198305,4,4,4,5,5
198306,4,4,5,4,5
198307,5,5,6,4,5
198308,5,5,5,4,5
198309,5,5,6,4,5
198310,5,5,6,4,5
198311,5,5,5,4,5
198312,4,4,5,4,4
198401,4,5,5,4,4
198402,4,4,4,4,4
198403,3,4,4,4,4
198404,4,5,5,4,5
198405,3,4,4,4,5
198406,3,4,4,4,4
198407,4,5,5,4,4
198408,3,4,4,4,4
198409,3,4,4,3,4
198410,4,4,4,3,4
198411,3,4,4,3,4
198412,3,4,4,4,4
198501,3,3,3,4,4
198502,3,4,4,3,4
198503,4,4,5,4,4
198504,3,4,4,3,4
198505,3,4,4,3,4
198506,4,4,5,4,4
198507,3,3,3,3,4
198508,3,4,4,3,4
198509,4,4,4,3,4
198510,4,4,4,3,4
198511,4,4,5,4,4
198512,4,4,4,4,4
198601,4,5,5,4,4
198602,3,4,5,3,4
198603,3,3,4,2,4
198604,3,3,5,2,4
198605,3,3,4,2,4
198606,4,4,4,2,3
198607,2,3,3,2,3
198608,2,2,3,2,3
198609,3,3,3,2,3
198610,3,3,3,2,3
198611,2,2,3,2,3
198612,2,2,3,2,3
198701,2,2,3,2,3
198702,2,3,3,2,3
198703,3,3,4,2,3
198704,3,3,4,3,3
198705,3,3,4,3,3
198706,3,4,4,3,3
198707,3,4,4,3,3
198708,4,4,5,4,3
198709,4,4,4,4,3
198710,4,4,5,4,4
198711,4,4,5,4,4
198712,3,4,4,4,4
198801,5,5,5,4,4
198802,4,4,5,4,4
198803,3,4,4,4,4
198804,4,4,5,4,4
198805,4,4,5,4,4
198806,4,5,5,4,4
198807,4,4,5,4,4
198808,5,5,5,4,4
198809,5,5,6,4,4
198810,3,4,4,4,4
198811,4,4,4,4,5
198812,4,4,5,4,5
198901,4,5,5,4,5
198902,4,4,4,5,5
198903,3,4,4,5,5
198904,3,4,4,5,4
198905,4,4,4,5,4
198906,3,4,4,5,4
198907,3,4,4,4,4
198908,3,3,3,4,4
198909,3,4,4,4,4
198910,4,4,4,4,4
198911,3,3,4,4,4
198912,4,4,4,4,4
199001,3,3,4,4,4
199002,3,3,4,4,4
199003,4,4,5,4,4
199004,4,4,5,4,4
199005,5,5,5,4,4
199006,5,5,5,4,4
199007,5,5,5,4,4
199008,4,4,4,5,4
199009,3,3,3,5,4
199010,3,3,4,5,4
199011,3,3,3,5,4
199012,4,4,5,5,4
199101,5,5,6,4,4
199102,4,4,5,4,4
199103,3,3,4,4,4
199104,3,4,4,4,4
199105,4,4,4,4,4
199106,3,3,4,4,3
199107,3,3,3,3,4
199108,3,4,4,3,3
199109,3,4,4,3,3
199110,3,3,4,2,3
199111,3,4,4,2,3
199112,4,4,5,3,3
199201,3,3,3,2,3
199202,3,4,4,3,3
199203,3,3,4,3,3
199204,3,3,4,3,3
199205,3,3,3,3,3
199206,2,3,3,3,3
199207,2,3,3,3,3
199208,2,3,3,3,3
199209,2,2,2,3,3
199210,2,3,3,3,3
199211,2,3,3,3,3
199212,3,3,3,3,3
199301,3,3,3,3,3
199302,2,3,3,3,3
199303,2,2,3,3,3
199304,3,3,4,3,3
199305,3,3,4,3,3
199306,2,2,3,3,3
199307,2,2,3,2,3
199308,2,2,2,2,3
199309,2,2,3,2,3
199310,2,2,2,2,3
199311,1,2,2,2,3
199312,2,2,2,2,2
199401,1,2,2,2,2
199402,2,2,3,2,2
199403,2,2,2,2,2
199404,2,2,2,2,2
199405,2,3,3,2,2
199406,2,2,2,2,2
199407,2,2,2,2,2
199408,2,2,2,2,2
199409,2,2,2,2,2
199410,2,3,3,2,2
199411,2,2,2,2,2
199412,2,2,2,2,2
199501,2,3,3,2,2
199502,3,3,3,2,2
199503,2,2,3,2,2
199504,3,3,3,2,2
199505,2,3,3,2,2
199506,1,2,2,2,2
199507,1,2,2,2,2
199508,2,2,2,2,2
199509,2,2,3,2,2
199510,2,3,3,2,2
199511,2,2,2,2,2
199512,3,3,3,2,2
199601,2,2,2,2,2
199602,2,2,3,2,2
199603,2,3,4,2,2
199604,2,2,3,2,2
199605,2,2,3,2,2
199606,1,1,2,2,2
199607,1,1,2,2,2
199608,2,2,2,2,2
199609,2,2,3,2,2
199610,2,3,3,2,2
199611,1,2,2,2,2
199612,1,1,2,2,2
199701,1,1,1,2,2
199702,2,2,2,2,2
199703,2,2,3,2,2
199704,1,2,2,2,2
199705,1,1,2,2,2
199706,1,1,2,2,2
199707,0,0,1,2,2
199708,1,1,1,2,2
199709,1,1,1,2,2
199710,0,1,1,1,2
199711,0,1,1,1,1
199712,1,1,1,1,1
199801,1,1,1,1,1
199802,1,1,1,1,1
199803,2,2,2,1,1
199804,1,2,2,1,1
199805,1,2,2,1,1
199806,1,1,1,1,1
199807,0,0,1,1,1
199808,1,1,1,1,1
199809,2,2,2,1,1
199810,1,2,2,1,1
199811,1,1,2,1,1
199812,1,1,2,1,1
199901,1,2,2,1,1
199902,1,1,1,1,1
199903,1,1,2,1,1
199904,1,1,2,1,1
199905,1,1,1,1,1
199906,0,1,1,1,1
199907,1,1,2,1,1
199908,1,1,2,1,1
199909,2,2,2,2,1
199910,2,2,2,2,1
199911,2,2,3,2,1
199912,2,2,3,2,1
200001,3,3,3,2,2
200002,1,1,2,3,2
200003,1,2,2,3,2
200004,1,1,1,2,2
200005,1,2,2,2,2
200006,1,2,2,3,2
200007,1,2,2,3,2
200008,2,2,2,2,2
200009,1,2,2,3,2
200010,2,2,2,3,2
200011,1,2,2,3,2
200012,2,2,3,2,2
200101,2,3,3,3,2
200102,2,2,3,3,2
200103,2,2,3,2,2
200104,1,2,2,2,2
200105,1,2,2,3,2
200106,2,2,2,2,2
200107,2,2,2,2,2
200108,2,2,2,2,2
200109,2,2,2,1,1
200110,2,3,3,2,2
200111,2,3,3,1,2
200112,2,2,2,1,2
200201,1,1,2,1,1
200202,1,2,2,1,1
200203,2,2,3,1,1
200204,2,3,3,1,2
200205,2,2,2,1,2
200206,2,2,2,1,2
200207,2,3,3,1,2
200208,2,2,3,1,2
200209,2,2,3,2,2
200210,1,1,2,2,2
200211,1,1,1,2,2
200212,1,1,1,2,2
200301,1,1,1,2,2
200302,1,1,2,3,2
200303,1,1,2,3,2
200304,1,1,2,2,2
200305,1,2,2,2,2
200306,1,1,2,2,2
200307,2,2,2,2,2
200308,2,2,2,2,1
200309,2,2,2,2,1
200310,2,2,2,2,2
200311,2,2,2,2,2
200312,1,1,2,2,2
200401,2,2,3,2,2
200402,2,2,3,2,2
200403,2,2,3,2,2
200404,2,2,2,2,2
200405,2,2,2,3,2
200406,1,2,2,3,2
200407,1,2,2,3,2
200408,1,2,2,2,2
200409,2,3,3,2,2
200410,2,2,3,3,2
200411,2,2,3,3,2
200412,2,2,3,3,2
200501,3,3,4,3,2
200502,2,3,3,3,2
200503,2,2,2,3,2
200504,2,2,3,3,2
200505,2,2,3,3,2
200506,2,2,2,2,2
200507,2,2,2,3,2
200508,1,1,1,3,2
200509,1,2,2,4,2
200510,2,3,3,4,2
200511,2,3,3,3,2
200512,2,2,3,3,2
200601,2,3,3,3,2
200602,3,3,3,3,2
200603,3,3,4,3,2
200604,3,3,4,3,2
200605,3,4,4,3,2
200606,3,3,3,4,3
200607,2,3,3,3,3
200608,2,2,2,3,3
200609,2,2,2,2,3
200610,1,2,2,2,2
200611,1,1,1,2,2
200612,2,2,2,2,2
200701,3,3,3,2,3
200702,3,3,3,2,3
200703,2,3,3,3,2
200704,2,2,2,2,2
200705,2,2,2,2,2
200706,2,2,2,2,2
200707,2,2,3,2,2
200708,3,3,3,2,2
200709,3,3,3,3,2
200710,3,3,3,3,2
200711,3,3,3,4,2
200712,3,3,3,3,2
200801,2,2,3,3,2
200802,1,1,2,3,2
200803,1,1,2,3,2
200804,1,2,2,3,2
200805,0,1,1,3,2
200806,1,2,2,4,2
200807,1,2,2,4,2
200808,1,1,2,4,2
200809,1,1,1,4,2
200810,1,1,2,3,2
200811,1,2,2,1,1
200812,1,1,2,0,1
200901,2,2,2,0,1
200902,2,2,2,0,1
200903,2,2,2,-1,1
200904,2,2,3,-1,1
200905,2,3,3,-1,1
200906,2,3,3,-1,1
200907,1,1,2,-1,1
200908,2,2,3,-1,1
200909,2,2,2,-1,1
200910,2,3,3,0,1
200911,1,1,2,1,1
200912,1,1,2,2,2
201001,1,1,2,2,2
201002,1,1,2,2,2
201003,1,1,2,2,2
201004,1,1,1,2,2
201005,0,1,1,2,2
201006,0,1,1,2,2
201007,1,1,1,2,1
201008,1,1,2,1,1
201009,1,2,2,1,1
201010,1,1,2,1,1
201011,1,1,2,1,1
201012,1,1,2,1,1
201101,2,2,2,2,1
201102,2,2,2,2,1
201103,2,2,2,2,1
201104,2,3,3,2,1
201105,2,3,3,3,2
201106,2,2,2,3,2
201107,2,2,2,3,2
201108,2,2,2,3,2
201109,1,1,1,3,2
201110,1,1,1,3,2
201111,2,2,2,3,2
201112,2,2,3,3,2
201201,3,3,3,3,2
201202,2,2,3,3,2
201203,2,2,2,2,2
201204,2,2,2,2,2
201205,1,1,2,2,2
201206,1,1,2,2,2
201207,1,1,2,1,2
201208,1,1,2,2,2
201209,2,2,2,2,2
201210,2,2,2,2,2
201211,1,2,2,2,2
201212,1,2,2,2,2
201301,2,2,3,1,2
201302,2,2,2,2,2
201303,2,2,2,1,1
201304,1,1,1,1,1
201305,1,1,1,1,1
201306,1,2,2,2,1
201307,1,1,1,2,1
201308,2,2,2,1,2
201309,1,1,2,1,2
201310,2,2,2,1,1
201311,2,2,2,1,2
201312,1,1,1,1,2
201401,1,1,2,1,1
201402,1,1,2,1,1
201403,1,2,2,1,1
201404,2,2,2,2,2
201405,2,2,2,2,2
201406,2,2,2,2,2
201407,2,2,2,2,2
201408,1,2,2,2,2
201409,1,1,1,1,2
201410,1,1,1,1,1
201411,0,1,1,1,1
201412,0,1,1,1,1
201501,0,1,1,0,1
201502,1,1,1,0,1
201503,1,1,1,0,1
201504,1,2,2,0,1
201505,1,1,2,0,1
201506,1,1,1,0,1
201507,1,1,2,0,1
201508,1,2,2,0,1
201509,1,2,2,0,1
201510,1,1,1,0,1
201511,1,1,2,0,1
201512,1,1,1,0,1
201601,1,2,2,1,1
201602,2,3,3,1,1
201603,2,2,2,1,1
201604,2,2,3,1,2
201605,2,3,3,1,2
201606,1,2,2,1,2
201607,1,2,2,1,2
201608,2,2,2,1,2
201609,1,2,2,1,2
201610,1,1,2,1,2
201611,1,1,1,1,2
201612,1,1,2,2,2
201701,2,2,3,2,2
201702,2,2,2,2,2
201703,1,1,1,2,2
201704,1,1,2,2,2
201705,1,2,2,2,2
201706,1,2,2,1,2
201707,1,2,2,1,2
201708,1,2,2,2,1
201709,2,2,2,2,1
201710,2,2,3,2,2
201711,1,2,2,2,2
201712,2,2,2,2,2
201801,2,2,3,2,2
201802,2,2,3,2,2
201803,2,2,2,2,2
201804,2,2,2,2,2
201805,1,2,2,2,2
201806,1,2,2,2,2
201807,1,2,2,2,2
201808,1,1,1,2,2
201809,1,1,2,2,2
201810,1,2,2,2,2
201811,2,2,2,2,2
201812,1,2,2,2,2
201901,2,2,2,1,2
201902,2,2,2,1,2
201903,1,2,2,2,2
201904,2,2,3,2,2
201905,1,2,2,1,2
201906,2,2,2,1,2
201907,2,2,2,1,2
201908,1,1,2,1,2
201909,1,1,2,1,2
201910,2,2,2,1,2
201911,2,2,2,1,1
201912,2,2,2,2,2
202001,2,2,3,2,2
202002,2,2,2,2,2
202003,1,2,2,1,1
202004,2,2,2,0,1
202005,2,2,3,0,1
202006,2,3,3,1,1
202007,3,3,3,1,1
202008,2,3,3,1,1
202009,2,2,3,1,1
202010,2,2,2,1,1
202011,2,2,3,1,1
202012,3,3,3,1,2
202101,4,4,4,2,2
202102,4,5,5,2,2
202103,5,5,6,3,2
202104,5,6,6,4,3
202105,5,6,6,4,4
202106,5,5,5,4,4
202107,5,6,6,5,4
202108,5,5,6,5,4
202109,5,6,6,5,4
202110,6,6,7,5,5
202111,6,6,7,6,5
202112,6,6,6,6,5
202201,6,6,7,6,5
202202,6,7,7,7,6
202203,5,5,5,7,6
202204,4,5,5,7,5
202205,5,5,6,7,5
202206,6,6,6,7,5
202207,6,6,6,7,5
202208,6,6,6,7,5
202209,6,6,6,7,5
202210,5,5,5,6,5
202211,4,5,5,6,5
202212,5,5,5,5,5
202301,5,5,6,5,5
202302,5,5,5,5,5
202303,4,5,5,4,5
202304,4,4,4,4,5
202305,3,3,3,4,5
202306,2,3,3,3,4
202307,2,3,4,3,4
202308,2,2,3,3,4
202309,3,4,4,3,4
202310,4,4,4,3,3
